filename,Train,Test,Valid,Total,Percentage
100Mesa-de-trabajo-1_png_jpg.rf.4f218b78779f8053e80a51b409e42b08.jpg,0,1,0,1,0.01
101Mesa-de-trabajo-1_png_jpg.rf.165356944ba02a695063114674de29f2.jpg,1,0,0,1,0.01
102Mesa-de-trabajo-1_png_jpg.rf.48e94cbd794abdbf9eac52685e17b0fc.jpg,1,0,0,1,0.01
103Mesa-de-trabajo-1_png_jpg.rf.d658d36992f0bffe9c44106d0b41eedc.jpg,1,0,0,1,0.01
104Mesa-de-trabajo-1_png_jpg.rf.a01b30f3c2b1e1459053d695580c241a.jpg,1,0,0,1,0.01
105Mesa-de-trabajo-1_png_jpg.rf.4ebbdc91288ef738f1390fffae216e45.jpg,1,0,0,1,0.01
106Mesa-de-trabajo-1_png_jpg.rf.969fbcaeed9fb18ec816ea145c04a909.jpg,1,0,0,1,0.01
107Mesa-de-trabajo-1_png_jpg.rf.71033ebe7d1099bff3268cc7f20bfaec.jpg,1,0,0,1,0.01
108Mesa-de-trabajo-1_png_jpg.rf.d5ed3c5e5ae69b8b9789c956674511dd.jpg,0,0,1,1,0.01
109Mesa-de-trabajo-1_png_jpg.rf.f7db9bc82ec244623b3b2df04dc4c216.jpg,0,0,1,1,0.01
10Mesa-de-trabajo-1_png_jpg.rf.45b4801ac499fcd5b38f4204efd4381d.jpg,1,0,0,1,0.01
110Mesa-de-trabajo-1_png_jpg.rf.f4a91e206a6567ed8f2e5892445813c8.jpg,1,0,0,1,0.01
111Mesa-de-trabajo-1_png_jpg.rf.ead2d52daa3c3ddf2018924624d1945d.jpg,1,0,0,1,0.01
112Mesa-de-trabajo-1_png_jpg.rf.bb9fe81440fdc634b9bf1be08d7b081f.jpg,1,0,0,1,0.01
113Mesa-de-trabajo-1_png_jpg.rf.d03872bd6df7ffcc800e647c9f7c911c.jpg,1,0,0,1,0.01
114Mesa-de-trabajo-1_png_jpg.rf.daf0723fcb6b2058f0672e9e87afc7d2.jpg,0,1,0,1,0.01
115Mesa-de-trabajo-1_png_jpg.rf.eb72d16031a963a1cd0376b87ad531d1.jpg,1,0,0,1,0.01
116Mesa-de-trabajo-1_png_jpg.rf.77fa75d53e3ca1243ede8885a7556518.jpg,1,0,0,1,0.01
117Mesa-de-trabajo-1_png_jpg.rf.164069bb44d04758aea6a55bbb6a11d4.jpg,1,0,0,1,0.01
118Mesa-de-trabajo-1_png_jpg.rf.acf89c0dbf0a88b2895d62cda37d8a87.jpg,0,1,0,1,0.01
119Mesa-de-trabajo-1_png_jpg.rf.02c9e4435466fae6774607883180e286.jpg,1,0,0,1,0.01
11Mesa-de-trabajo-1_png_jpg.rf.0a0f3a668e2bc74e3e8c8453bbd5d0a3.jpg,0,0,1,1,0.01
120Mesa-de-trabajo-1_png_jpg.rf.df5815ce601d0b2cd9bed524e13bb45f.jpg,1,0,0,1,0.01
121Mesa-de-trabajo-1_png_jpg.rf.db118cf2e213d0f5ebaeeb4b3b6d3136.jpg,0,1,0,1,0.01
122Mesa-de-trabajo-1_png_jpg.rf.f4d3f2564bef0558851c42f638fbf650.jpg,0,0,1,1,0.01
123Mesa-de-trabajo-1_png_jpg.rf.0b2ddfc9e00c2211b9758906c1315eb9.jpg,0,1,0,1,0.01
124Mesa-de-trabajo-1_png_jpg.rf.56dc250aebe8f2388c39cda8cd47a3a5.jpg,0,1,0,1,0.01
125Mesa-de-trabajo-1_png_jpg.rf.2c3b79f55c09c9df62eb279281f7c86f.jpg,1,0,0,1,0.01
126Mesa-de-trabajo-1_png_jpg.rf.1a104a843a93f5702644ab3b6232da5b.jpg,0,1,0,1,0.01
127Mesa-de-trabajo-1_png_jpg.rf.06b7d2d260538acf3d523fddd0ad0a38.jpg,0,0,1,1,0.01
128Mesa-de-trabajo-1_png_jpg.rf.042b7368831c48a57fb07d0ff5a96c1e.jpg,1,0,0,1,0.01
129Mesa-de-trabajo-1_png_jpg.rf.87c90e607f06880eb7ee55edba1310d5.jpg,1,0,0,1,0.01
12Mesa-de-trabajo-1_png_jpg.rf.08d6eee366ae8ee8ac92c4065acb61bb.jpg,0,0,1,1,0.01
130Mesa-de-trabajo-1_png_jpg.rf.7b850d2b34e770ad37cf64e74cc75107.jpg,0,1,0,1,0.01
131Mesa-de-trabajo-1_png_jpg.rf.479ac442d20919d0e48c77a263586e07.jpg,0,0,1,1,0.01
132Mesa-de-trabajo-1_png_jpg.rf.bb931ee410cb001aea6c45e321024c55.jpg,1,0,0,1,0.01
133Mesa-de-trabajo-1_png_jpg.rf.77cbfa32afd7eb6cf7a3848216ad9153.jpg,1,0,0,1,0.01
134Mesa-de-trabajo-1_png_jpg.rf.8bee0736438f9b43f11bf0259e9d833d.jpg,1,0,0,1,0.01
135Mesa-de-trabajo-1_png_jpg.rf.3b5c17673f245b0abb9a864b2c9a2e23.jpg,1,0,0,1,0.01
136Mesa-de-trabajo-1_png_jpg.rf.c250b59215648d69525a1b6a7f622328.jpg,1,0,0,1,0.01
137Mesa-de-trabajo-1_png_jpg.rf.a8ce14383634217f08e93538357b3291.jpg,1,0,0,1,0.01
138Mesa-de-trabajo-1_png_jpg.rf.e4be4810a9430ddd933c6e89eda6184d.jpg,1,0,0,1,0.01
139Mesa-de-trabajo-1_png_jpg.rf.5c007581732d903b6db636894423eca4.jpg,1,0,0,1,0.01
13Mesa-de-trabajo-1_png_jpg.rf.aa3eb83eb4cda077cc0f89840bf1b409.jpg,1,0,0,1,0.01
140Mesa-de-trabajo-1_png_jpg.rf.f37f00565453276c14df96a8ff2ecf80.jpg,1,0,0,1,0.01
141Mesa-de-trabajo-1_png_jpg.rf.4b5d64338631246ef1cc65a9bccf697c.jpg,1,0,0,1,0.01
142Mesa-de-trabajo-1_png_jpg.rf.17284265bbbaf86006f95ee9b8c1f560.jpg,0,0,1,1,0.01
143Mesa-de-trabajo-1_png_jpg.rf.2ba4cc897f26bee95428e922db11026c.jpg,1,0,0,1,0.01
144Mesa-de-trabajo-1_png_jpg.rf.e21e9b33f58f02dae853e265dff44383.jpg,1,0,0,1,0.01
145Mesa-de-trabajo-1_png_jpg.rf.0c509b15d734f632cb658e4b4baf997f.jpg,1,0,0,1,0.01
146Mesa-de-trabajo-1_png_jpg.rf.a8dc55acda90b8e4d303142dcff8d407.jpg,1,0,0,1,0.01
147Mesa-de-trabajo-1_png_jpg.rf.1921da19c4b2cf0961c5fc1203551326.jpg,0,0,1,1,0.01
148Mesa-de-trabajo-1_png_jpg.rf.d5cbb6ddbc58d5d67ece0421757ca6e7.jpg,1,0,0,1,0.01
149Mesa-de-trabajo-1_png_jpg.rf.5c962d10b4c650c7d730002e200aa405.jpg,0,0,1,1,0.01
14Mesa-de-trabajo-1_png_jpg.rf.adad12073e0ef3ebf2fd72cf9ac57127.jpg,1,0,0,1,0.01
150Mesa-de-trabajo-1_png_jpg.rf.ab31b474a4cdc809a6443c8982419a8d.jpg,1,0,0,1,0.01
151Mesa-de-trabajo-1_png_jpg.rf.a2564346ddbddb25707ce86a2e57a4da.jpg,1,0,0,1,0.01
152Mesa-de-trabajo-1_png_jpg.rf.c4dae76fa12c72b5b6417e9d8e3f617e.jpg,1,0,0,1,0.01
153Mesa-de-trabajo-1_png_jpg.rf.3db676f6b02ec6a7ff26908fb2e9833f.jpg,1,0,0,1,0.01
154Mesa-de-trabajo-1_png_jpg.rf.d441ef074fd96162ea0c86c816657b0c.jpg,1,0,0,1,0.01
155Mesa-de-trabajo-1_png_jpg.rf.5a6b7eac5a144a581f86d9058eef111f.jpg,1,0,0,1,0.01
156Mesa-de-trabajo-1_png_jpg.rf.8d7e70f7947a1a3c66ef1c6cb8b0422f.jpg,0,1,0,1,0.01
157Mesa-de-trabajo-1_png_jpg.rf.fc757ab62db84c9f5540035e02f12d05.jpg,1,0,0,1,0.01
158Mesa-de-trabajo-1_png_jpg.rf.cc38d81cce19a8b3d31234eba1a92059.jpg,1,0,0,1,0.01
159Mesa-de-trabajo-1_png_jpg.rf.d868dd60f24f97750176d806df702c55.jpg,0,0,1,1,0.01
15Mesa-de-trabajo-1_png_jpg.rf.ef2d293e4ac6f7d0973fc7bcc2064ebd.jpg,0,1,0,1,0.01
160Mesa-de-trabajo-1_png_jpg.rf.23db1c17082b698060bd357fccadac45.jpg,1,0,0,1,0.01
161Mesa-de-trabajo-1_png_jpg.rf.aeef59038918c3ec73c37aa0ca2d191b.jpg,1,0,0,1,0.01
162Mesa-de-trabajo-1_png_jpg.rf.b89a8e5046b30fa793d1661f748f839f.jpg,1,0,0,1,0.01
163Mesa-de-trabajo-1_png_jpg.rf.9655a9089a373a9e462ad898d8151034.jpg,1,0,0,1,0.01
164Mesa-de-trabajo-1_png_jpg.rf.5be04b13c9703665ab4a5596a92cda72.jpg,0,0,1,1,0.01
165Mesa-de-trabajo-1_png_jpg.rf.c5b1adfcfd9c4e00b8e8a368f8c216a3.jpg,1,0,0,1,0.01
166Mesa-de-trabajo-1_png_jpg.rf.412b4709bd7e03c26294977a1173b346.jpg,0,0,1,1,0.01
167Mesa-de-trabajo-1_png_jpg.rf.b9bbeb594ca5e0b9834fba56f26f8910.jpg,1,0,0,1,0.01
168Mesa-de-trabajo-1_png_jpg.rf.56f57076b9eadb94f4c330da42221ff1.jpg,1,0,0,1,0.01
169Mesa-de-trabajo-1_png_jpg.rf.805f0ac095a0d64813831b6af314098e.jpg,1,0,0,1,0.01
16Mesa-de-trabajo-1_png_jpg.rf.9eed10866e92005f864d3d597845dfc1.jpg,1,0,0,1,0.01
170Mesa-de-trabajo-1_png_jpg.rf.b7ab65b5a0f1b941ece0dcd8ae6f9252.jpg,1,0,0,1,0.01
171Mesa-de-trabajo-1_png_jpg.rf.dedba8ce9d25bbc9f616026d45b16dca.jpg,1,0,0,1,0.01
172Mesa-de-trabajo-1_png_jpg.rf.69482e3a7ab6953e5a26ce630965f256.jpg,0,0,1,1,0.01
173Mesa-de-trabajo-1_png_jpg.rf.6d8424570825f3b8f0c0ef56a5504c93.jpg,1,0,0,1,0.01
174Mesa-de-trabajo-1_png_jpg.rf.e2f7ec3af417c49fb1de14ff1b61f8dd.jpg,1,0,0,1,0.01
175Mesa-de-trabajo-1_png_jpg.rf.071ddaf38cf87b88f5d793f5b9639609.jpg,1,0,0,1,0.01
176Mesa-de-trabajo-1_png_jpg.rf.9583674e8674fc7940cfe3ae58e00a47.jpg,1,0,0,1,0.01
177Mesa-de-trabajo-1_png_jpg.rf.b3fcd64f717fdd9726f5a682145abc67.jpg,1,0,0,1,0.01
178Mesa-de-trabajo-1_png_jpg.rf.5e774d7263bf6bc969999a5cd4eeabab.jpg,0,0,1,1,0.01
179Mesa-de-trabajo-1_png_jpg.rf.5525946005c7cc6654269fc73ef53b6c.jpg,1,0,0,1,0.01
17Mesa-de-trabajo-1_png_jpg.rf.54070ce9692309db6c728fb1faffc8fe.jpg,1,0,0,1,0.01
180Mesa-de-trabajo-1_png_jpg.rf.6f3b1f1a4103721e478151d0d60d1247.jpg,1,0,0,1,0.01
181Mesa-de-trabajo-1_png_jpg.rf.a4e40ab44a946a183bef676e52f8fbf1.jpg,0,1,0,1,0.01
182Mesa-de-trabajo-1_png_jpg.rf.6a8c3bbddcd28f7361b27a3b01d18b7b.jpg,0,0,1,1,0.01
183Mesa-de-trabajo-1_png_jpg.rf.cbf33d20e3eb435a707d92bed195a5cb.jpg,1,0,0,1,0.01
184Mesa-de-trabajo-1_png_jpg.rf.e1d54a0462d6fe227d7eb199b94f6853.jpg,1,0,0,1,0.01
185Mesa-de-trabajo-1_png_jpg.rf.a73c4134aeddc41c2533f704be555b48.jpg,0,0,1,1,0.01
186Mesa-de-trabajo-1_png_jpg.rf.6b61f22b8ca993910087f306bf7b2cde.jpg,0,0,1,1,0.01
187Mesa-de-trabajo-1_png_jpg.rf.1b7503029deb00c0fd0994010aa9a471.jpg,1,0,0,1,0.01
188Mesa-de-trabajo-1_png_jpg.rf.948515ead563bd487a9a57c555462396.jpg,1,0,0,1,0.01
189Mesa-de-trabajo-1_png_jpg.rf.5d70db0de1f7bc059d9405b136537af7.jpg,1,0,0,1,0.01
18Mesa-de-trabajo-1_png_jpg.rf.b5367582b0d021009d2cc87cb0ec708d.jpg,0,0,1,1,0.01
190Mesa-de-trabajo-1_png_jpg.rf.ac1e63e8d78a8bb980b1a97ba9e095de.jpg,0,1,0,1,0.01
191Mesa-de-trabajo-1_png_jpg.rf.9226949befc3d240dfa167ba07cf9fe7.jpg,1,0,0,1,0.01
192Mesa-de-trabajo-1_png_jpg.rf.7897eb9ec4a19afe7ebf22c76799540c.jpg,1,0,0,1,0.01
194Mesa-de-trabajo-1_png_jpg.rf.85f6f9fa509d3f064172ecee5f587c14.jpg,0,0,1,1,0.01
195Mesa-de-trabajo-1_png_jpg.rf.37d43190dd0e01a536974564d8b4c31b.jpg,1,0,0,1,0.01
196Mesa-de-trabajo-1_png_jpg.rf.f45c5e67dfacb44b665a12b3f99ef1b0.jpg,1,0,0,1,0.01
197Mesa-de-trabajo-1_png_jpg.rf.f577c87dd216130a34d2f55bb78ba489.jpg,0,1,0,1,0.01
198Mesa-de-trabajo-1_png_jpg.rf.e465e04901378ef62b6c4afbe98f02de.jpg,1,0,0,1,0.01
199Mesa-de-trabajo-1_png_jpg.rf.0543e2d6108560a43cfd54b2dcf67fdb.jpg,1,0,0,1,0.01
19Mesa-de-trabajo-1_png_jpg.rf.98d63d1828f6f46aa64bd8efabbbbbf8.jpg,1,0,0,1,0.01
1Mesa-de-trabajo-1_png_jpg.rf.79c92a33fdc48472008b066b031db918.jpg,1,0,0,1,0.01
200Mesa-de-trabajo-1_png_jpg.rf.d32ebb30a35d6953f6c9305dffa45cbd.jpg,0,0,1,1,0.01
201Mesa-de-trabajo-1_png_jpg.rf.99877b8d4f7fdfd6b51f8d66ed580846.jpg,1,0,0,1,0.01
202Mesa-de-trabajo-1_png_jpg.rf.5454854c199c80486d814a4d567b51be.jpg,1,0,0,1,0.01
203Mesa-de-trabajo-1_png_jpg.rf.b576e82fdd93415f3ef4c5499ba2e9d5.jpg,0,0,1,1,0.01
204Mesa-de-trabajo-1_png_jpg.rf.f3d70c70a3c5ac8723809800d52f71fc.jpg,1,0,0,1,0.01
205Mesa-de-trabajo-1_png_jpg.rf.ea88cb4feaf71b83a543bacae64bc376.jpg,1,0,0,1,0.01
206Mesa-de-trabajo-1_png_jpg.rf.17b8ec2088a3a5255cb4a490da1f3b8c.jpg,1,0,0,1,0.01
207Mesa-de-trabajo-1_png_jpg.rf.eaf301752fffae557bd16244034607d0.jpg,1,0,0,1,0.01
208Mesa-de-trabajo-1_png_jpg.rf.64f51f8fe8a2ad17a27a709a540b9d7f.jpg,1,0,0,1,0.01
209Mesa-de-trabajo-1_png_jpg.rf.834c163a42fe20f1a5a4033e6701faa8.jpg,1,0,0,1,0.01
20Mesa-de-trabajo-1_png_jpg.rf.21225fb6c447afc19c5d171a251e64b2.jpg,1,0,0,1,0.01
210Mesa-de-trabajo-1_png_jpg.rf.0ddab6ffd11bad48e619911fd572bc35.jpg,1,0,0,1,0.01
211Mesa-de-trabajo-1_png_jpg.rf.476e10381996ef546e1b11add09575df.jpg,1,0,0,1,0.01
212Mesa-de-trabajo-1_png_jpg.rf.a2534b472fe2ee44c2b9f0b8d3e852a1.jpg,1,0,0,1,0.01
213Mesa-de-trabajo-1_png_jpg.rf.b35f5b1a4febf7512c7b7a5d4a92e967.jpg,1,0,0,1,0.01
214Mesa-de-trabajo-1_png_jpg.rf.966a5a3735f780d4c20b7ed72c23f2bc.jpg,1,0,0,1,0.01
215Mesa-de-trabajo-1_png_jpg.rf.5cf17b6e4e12f46fee3249037f98d4e8.jpg,1,0,0,1,0.01
216Mesa-de-trabajo-1_png_jpg.rf.1cb3307c85871331d187feb992d12039.jpg,0,0,1,1,0.01
217Mesa-de-trabajo-1_png_jpg.rf.5c7cc1e14a665841b8791cf35698806f.jpg,1,0,0,1,0.01
218Mesa-de-trabajo-1_png_jpg.rf.dd5456d174bf2d70d9804ceaef35539a.jpg,1,0,0,1,0.01
219Mesa-de-trabajo-1_png_jpg.rf.187a66ac30532feccd92940486901c78.jpg,0,0,1,1,0.01
21Mesa-de-trabajo-1_png_jpg.rf.2215b30c2ac1f35173ada73fddadb93d.jpg,1,0,0,1,0.01
220Mesa-de-trabajo-1_png_jpg.rf.2951963eb0b2391ef8a5da7995893e8c.jpg,1,0,0,1,0.01
221Mesa-de-trabajo-1_png_jpg.rf.41641725a9d00d48d0bb8bee3278bfcd.jpg,0,0,1,1,0.01
222Mesa-de-trabajo-1_png_jpg.rf.9eaa5188f786dad061d112a2fc50b78e.jpg,0,1,0,1,0.01
223Mesa-de-trabajo-1_png_jpg.rf.aa1d8f3a2eb0e3dfcff615a16151a37b.jpg,1,0,0,1,0.01
224Mesa-de-trabajo-1_png_jpg.rf.3552305b874dafd53a9895fcabccc63b.jpg,1,0,0,1,0.01
225Mesa-de-trabajo-1_png_jpg.rf.3adfa8223121c1063991194f36c4507d.jpg,1,0,0,1,0.01
226Mesa-de-trabajo-1_png_jpg.rf.581f83615d451ad1b34226ac2d82d38b.jpg,0,0,1,1,0.01
227Mesa-de-trabajo-1_png_jpg.rf.7d0f17324bdc72494639f1ee4139ed63.jpg,1,0,0,1,0.01
228Mesa-de-trabajo-1_png_jpg.rf.c25c0475ed98eb45193e6623b368117c.jpg,1,0,0,1,0.01
229Mesa-de-trabajo-1_png_jpg.rf.53f2d4ad2a6131140c9f1b4ce11d7387.jpg,1,0,0,1,0.01
22Mesa-de-trabajo-1_png_jpg.rf.65e584f73de700f0849addd3acc83fa3.jpg,1,0,0,1,0.01
230Mesa-de-trabajo-1_png_jpg.rf.038d0ace87518ba5b65ad248bac9a9d7.jpg,1,0,0,1,0.01
231Mesa-de-trabajo-1_png_jpg.rf.e5d13fb684c1e80ae9e5611c8ddd4033.jpg,1,0,0,1,0.01
232Mesa-de-trabajo-1_png_jpg.rf.21e36692a97d4dae8fe3115555391ae0.jpg,1,0,0,1,0.01
233Mesa-de-trabajo-1_png_jpg.rf.385273892b3e6f49e5e522e6d7cede12.jpg,0,0,1,1,0.01
234Mesa-de-trabajo-1_png_jpg.rf.bc87e9e8427b313d6f174960b085f261.jpg,0,0,1,1,0.01
235Mesa-de-trabajo-1_png_jpg.rf.19710894824694279b89d82e89857297.jpg,0,0,1,1,0.01
236Mesa-de-trabajo-1_png_jpg.rf.84a65e4b335887034a6cb0bbc9866898.jpg,1,0,0,1,0.01
237Mesa-de-trabajo-1_png_jpg.rf.bd3269de2551cbf7465306ca66fd9455.jpg,1,0,0,1,0.01
238Mesa-de-trabajo-1_png_jpg.rf.54638bf4e74c6a77ad0eb0749881eeaf.jpg,1,0,0,1,0.01
239Mesa-de-trabajo-1_png_jpg.rf.c675fc2f3cb072aeb8c1828b76ad0000.jpg,0,1,0,1,0.01
23Mesa-de-trabajo-1_png_jpg.rf.d5ab824ccc4fbf12e392e384d96ff369.jpg,0,0,1,1,0.01
240Mesa-de-trabajo-1_png_jpg.rf.e377482af9500e40952966054bdca3c6.jpg,0,0,1,1,0.01
241Mesa-de-trabajo-1_png_jpg.rf.37bdf6e91132bcf68f24c96ddcc9cf21.jpg,1,0,0,1,0.01
242Mesa-de-trabajo-1_png_jpg.rf.17e27cde2ab40981a64a33af2bb1a7dd.jpg,1,0,0,1,0.01
243Mesa-de-trabajo-1_png_jpg.rf.5eff41dee7813344e9c3078b90fd2956.jpg,0,0,1,1,0.01
244Mesa-de-trabajo-1_png_jpg.rf.7fa69f9162f109b609f1f677a60d11dc.jpg,1,0,0,1,0.01
245Mesa-de-trabajo-1_png_jpg.rf.d3d1d45ad73132ff1261603af1f15360.jpg,1,0,0,1,0.01
246Mesa-de-trabajo-1_png_jpg.rf.57c6139b43e58d6bb3bcbcf77fc6e05e.jpg,1,0,0,1,0.01
247Mesa-de-trabajo-1_png_jpg.rf.bc38874c349aa11252fdbd7f4d05bde8.jpg,1,0,0,1,0.01
248Mesa-de-trabajo-1_png_jpg.rf.5736e84f7046eb9dfe9044f4915d92b4.jpg,1,0,0,1,0.01
249Mesa-de-trabajo-1_png_jpg.rf.ecfe93ae0ce959fd01ea80c82e78c607.jpg,1,0,0,1,0.01
24Mesa-de-trabajo-1_png_jpg.rf.6cc79e337f5d25f119a9bb5cfebf5bad.jpg,1,0,0,1,0.01
250Mesa-de-trabajo-1_png_jpg.rf.07b5c960e6b95bb9c51646044f9b128d.jpg,1,0,0,1,0.01
251Mesa-de-trabajo-1_png_jpg.rf.c126bac06cdbd0c9b3da2d2b723b317e.jpg,1,0,0,1,0.01
252Mesa-de-trabajo-1_png_jpg.rf.a52f90cc447af78a87bcb93b21a1bcd8.jpg,1,0,0,1,0.01
253Mesa-de-trabajo-1_png_jpg.rf.223f432ac5fe3afc87a8059e6998cf88.jpg,0,1,0,1,0.01
254Mesa-de-trabajo-1_png_jpg.rf.80c3c319a4ebe2b6b1a986629cae9e8f.jpg,0,0,1,1,0.01
255Mesa-de-trabajo-1_png_jpg.rf.685b00e770741e2ceab4c4648288cb2d.jpg,1,0,0,1,0.01
256Mesa-de-trabajo-1_png_jpg.rf.15e27efa26bb12494f724657214ffd05.jpg,1,0,0,1,0.01
257Mesa-de-trabajo-1_png_jpg.rf.a2981be4301e5d10d17801f1d5d3c4da.jpg,0,0,1,1,0.01
258Mesa-de-trabajo-1_png_jpg.rf.697a39bf1e42a74f591d19c201210f6d.jpg,1,0,0,1,0.01
259Mesa-de-trabajo-1_png_jpg.rf.0736ddf7c5d8b77410dc63e69393935a.jpg,1,0,0,1,0.01
25Mesa-de-trabajo-1_png_jpg.rf.5aa6d1bc914db64ca33e2d0b88456605.jpg,1,0,0,1,0.01
260Mesa-de-trabajo-1_png_jpg.rf.3d11357692b97f19f9e2f363d9e4e879.jpg,0,0,1,1,0.01
261Mesa-de-trabajo-1_png_jpg.rf.ba9808e3b886e574665385738a58d7e8.jpg,1,0,0,1,0.01
262Mesa-de-trabajo-1_png_jpg.rf.58ac966d761800536b6f2bb8e68e3848.jpg,1,0,0,1,0.01
263Mesa-de-trabajo-1_png_jpg.rf.7ed0f06d47481834c8717dc72c636c0f.jpg,1,0,0,1,0.01
264Mesa-de-trabajo-1_png_jpg.rf.2e30c05f596816d7b10fc59e5f22d338.jpg,0,0,1,1,0.01
265Mesa-de-trabajo-1_png_jpg.rf.602ca722db201fe4b6069435ec32aa4b.jpg,0,0,1,1,0.01
266Mesa-de-trabajo-1_png_jpg.rf.c53190226cae2489c731bd5f15947ea5.jpg,1,0,0,1,0.01
267Mesa-de-trabajo-1_png_jpg.rf.b8a7414fa9c3d147dcc627b346c67c4e.jpg,1,0,0,1,0.01
268Mesa-de-trabajo-1_png_jpg.rf.ccbd77227e5b43ba24be8c45084d3c04.jpg,0,0,1,1,0.01
269Mesa-de-trabajo-1_png_jpg.rf.67134834c25b30417aaf61444d2be2ee.jpg,1,0,0,1,0.01
26Mesa-de-trabajo-1_png_jpg.rf.455e2380dbe4d379f70c34358972cf52.jpg,1,0,0,1,0.01
270Mesa-de-trabajo-1_png_jpg.rf.60a91d4863ce5d80be112b0642dc773f.jpg,1,0,0,1,0.01
271Mesa-de-trabajo-1_png_jpg.rf.9389e6b43f388d3a192c0157a64fd235.jpg,1,0,0,1,0.01
272Mesa-de-trabajo-1_png_jpg.rf.1aa8afcfca2ed0e6fa44f452bdb545ce.jpg,1,0,0,1,0.01
273Mesa-de-trabajo-1_png_jpg.rf.bc39992cd977b3b4a73a46efc8553b01.jpg,1,0,0,1,0.01
274Mesa-de-trabajo-1_png_jpg.rf.d48396f9365660f80ba16e37ebb9a671.jpg,1,0,0,1,0.01
275Mesa-de-trabajo-1_png_jpg.rf.5282f528de47f4533f102cf51484a1d6.jpg,1,0,0,1,0.01
276Mesa-de-trabajo-1_png_jpg.rf.7be05b312961003f2c0d1006b97f8b61.jpg,0,0,1,1,0.01
277Mesa-de-trabajo-1_png_jpg.rf.a76f232f0686fe974c5a2e606a085d61.jpg,1,0,0,1,0.01
278Mesa-de-trabajo-1_png_jpg.rf.23328da4cdbb1ba9f963e80d53332a46.jpg,1,0,0,1,0.01
279Mesa-de-trabajo-1_png_jpg.rf.d1c28bdfbeb4e475de639035d43f2650.jpg,1,0,0,1,0.01
27Mesa-de-trabajo-1_png_jpg.rf.79a260aff6a99fc2d8fb451bf68d1c66.jpg,0,0,1,1,0.01
280Mesa-de-trabajo-1_png_jpg.rf.58dd94e7aadeba5df015261353a28d0b.jpg,1,0,0,1,0.01
281Mesa-de-trabajo-1_png_jpg.rf.0549d947dd18ab551a5c41267b60b144.jpg,0,1,0,1,0.01
282Mesa-de-trabajo-1_png_jpg.rf.440cf2d162078ca8843ff04bce1c95c4.jpg,1,0,0,1,0.01
283Mesa-de-trabajo-1_png_jpg.rf.e5cd1475ced43e507d82cb7b6e3a319b.jpg,1,0,0,1,0.01
284Mesa-de-trabajo-1_png_jpg.rf.b0545a82f8dfc1dc55b24c7e20ae687a.jpg,1,0,0,1,0.01
285Mesa-de-trabajo-1_png_jpg.rf.f15ad86df2758845ffdcd6a3755bb00c.jpg,1,0,0,1,0.01
286Mesa-de-trabajo-1_png_jpg.rf.11343675b1f7a0e11ccc95a67e199cf4.jpg,0,0,1,1,0.01
287Mesa-de-trabajo-1_png_jpg.rf.e9c349a9f501af07aa7b64f51b67d9d8.jpg,1,0,0,1,0.01
288Mesa-de-trabajo-1_png_jpg.rf.63cb86f80b4ca1f1a9c752c5328d005e.jpg,1,0,0,1,0.01
289Mesa-de-trabajo-1_png_jpg.rf.1a9fdc685b5fe7fc6be0c75f7b3155e5.jpg,1,0,0,1,0.01
28Mesa-de-trabajo-1_png_jpg.rf.57f36616514445c901596b3e5f1948d0.jpg,1,0,0,1,0.01
290Mesa-de-trabajo-1_png_jpg.rf.3d8a59d165110dea0cc47b675820c20c.jpg,0,1,0,1,0.01
291Mesa-de-trabajo-1_png_jpg.rf.103056fd167e3bb873317cd5981a42c2.jpg,1,0,0,1,0.01
292Mesa-de-trabajo-1_png_jpg.rf.22c1b033b9bbea8c253dba9464e9c1a9.jpg,0,1,0,1,0.01
293Mesa-de-trabajo-1_png_jpg.rf.c8a56f70a01c992ae04acd6d9cb4bc43.jpg,0,1,0,1,0.01
294Mesa-de-trabajo-1_png_jpg.rf.c09d306923c4e5b0ce1490eb5687d448.jpg,0,1,0,1,0.01
295Mesa-de-trabajo-1_png_jpg.rf.263a2ecae3b46cbe716f7aa7c6e40229.jpg,1,0,0,1,0.01
296Mesa-de-trabajo-1_png_jpg.rf.f892c7f9304bc9b3b2785503298a077e.jpg,1,0,0,1,0.01
297Mesa-de-trabajo-1_png_jpg.rf.fabbc32dc3cd78955982715b25434118.jpg,0,0,1,1,0.01
298Mesa-de-trabajo-1_png_jpg.rf.3dac902cf1c0093566460f1836f3e0ce.jpg,0,1,0,1,0.01
299Mesa-de-trabajo-1_png_jpg.rf.19be79e8c4c72eb664aacd17528ae546.jpg,0,1,0,1,0.01
29Mesa-de-trabajo-1_png_jpg.rf.40db9cb1748e13a199656d97bc241317.jpg,0,1,0,1,0.01
2Mesa-de-trabajo-1_png_jpg.rf.327228ff13ae67d02c9085bed620628e.jpg,0,1,0,1,0.01
300Mesa-de-trabajo-1_png_jpg.rf.d75caa6e12a6a8e2e6899814078fc90c.jpg,0,1,0,1,0.01
301Mesa-de-trabajo-1_png_jpg.rf.7fa68072e1f75c7368e20a5a6e27fa33.jpg,1,0,0,1,0.01
302Mesa-de-trabajo-1_png_jpg.rf.6bd5b50b411c1e3bcec3d65d580b1ccb.jpg,0,1,0,1,0.01
303Mesa-de-trabajo-1_png_jpg.rf.c69e9a76f3af65f33a5495b83b4c8112.jpg,0,0,1,1,0.01
304Mesa-de-trabajo-1_png_jpg.rf.08e65c06765e7c066418ef50271a97c2.jpg,0,1,0,1,0.01
305Mesa-de-trabajo-1_png_jpg.rf.e4310e7d6fa2b14e0b5b806288f414cd.jpg,0,0,1,1,0.01
306Mesa-de-trabajo-1_png_jpg.rf.95deea8a9d1b0777d5f532edee1af910.jpg,0,1,0,1,0.01
307Mesa-de-trabajo-1_png_jpg.rf.b123d60e40d3506131070310a2789ddd.jpg,0,1,0,1,0.01
308Mesa-de-trabajo-1_png_jpg.rf.59f6626c6f66d2c5ac2f9d3aa7e704a3.jpg,0,1,0,1,0.01
309Mesa-de-trabajo-1_png_jpg.rf.1721e8bf006490cc1966623044a470f6.jpg,0,1,0,1,0.01
30Mesa-de-trabajo-1_png_jpg.rf.40f6a119ab54304ea97d2cdc890e1d90.jpg,0,0,1,1,0.01
310Mesa-de-trabajo-1_png_jpg.rf.a93fedf26ac97a8a4fec84e5183caea8.jpg,0,0,1,1,0.01
311Mesa-de-trabajo-1_png_jpg.rf.df530587a1a7148fe14c5607eacf12a9.jpg,0,1,0,1,0.01
312Mesa-de-trabajo-1_png_jpg.rf.2d5168763c3c6f43915e23c00bd89cfb.jpg,0,1,0,1,0.01
313Mesa-de-trabajo-1_png_jpg.rf.c52ac23cd42e11d06b3ec26fe5dd67d8.jpg,0,0,1,1,0.01
314Mesa-de-trabajo-1_png_jpg.rf.a44a0ccce1ad949c57c7c477692a87fb.jpg,0,1,0,1,0.01
315Mesa-de-trabajo-1_png_jpg.rf.d8d34db1c566ca7c7079a1bedc3c99a4.jpg,1,0,0,1,0.01
316Mesa-de-trabajo-1_png_jpg.rf.5c536d065e0ff1db0fb725d19575e30d.jpg,0,1,0,1,0.01
317Mesa-de-trabajo-1_png_jpg.rf.54d48b1192edecf66afcec14eb9d9337.jpg,1,0,0,1,0.01
318Mesa-de-trabajo-1_png_jpg.rf.0fc16926a5cc2f11eb9962ac49dd53ff.jpg,0,0,1,1,0.01
319Mesa-de-trabajo-1_png_jpg.rf.3fb56a8b220b6c0af178fa2e87143cdc.jpg,1,0,0,1,0.01
31Mesa-de-trabajo-1_png_jpg.rf.8e613636d4d626d3cef2ef94abb1d812.jpg,0,0,1,1,0.01
320Mesa-de-trabajo-1_png_jpg.rf.08843474193cbe3486e2eff25393afc7.jpg,0,1,0,1,0.01
321Mesa-de-trabajo-1_png_jpg.rf.6c0f956c90b44aba03a2a2482c2325ce.jpg,0,1,0,1,0.01
322Mesa-de-trabajo-1_png_jpg.rf.99a96e3c6752e1ef915d11cffba5d3de.jpg,0,1,0,1,0.01
323Mesa-de-trabajo-1_png_jpg.rf.27841d884baccc09fbb00246549bb98a.jpg,0,1,0,1,0.01
324Mesa-de-trabajo-1_png_jpg.rf.8c56142412b4b96a9e5113a7aa5c19df.jpg,0,0,1,1,0.01
325Mesa-de-trabajo-1_png_jpg.rf.21ab8b685971b8ba9964c2f43b236c06.jpg,0,0,1,1,0.01
326Mesa-de-trabajo-1_png_jpg.rf.f9228a41d66a0195b493b4cd4e1fe6c5.jpg,1,0,0,1,0.01
327Mesa-de-trabajo-1_png_jpg.rf.2f2dee8093e1da3044d73baf1b293a97.jpg,1,0,0,1,0.01
328Mesa-de-trabajo-1_png_jpg.rf.db3be451e53294f26e67212e30d1c2c2.jpg,1,0,0,1,0.01
329Mesa-de-trabajo-1_png_jpg.rf.cc6323c4cbe9c18fe04ae4c22d7c7a0e.jpg,1,0,0,1,0.01
32Mesa-de-trabajo-1_png_jpg.rf.d0c0a2f3b764dcd43461a026a5cd2cb1.jpg,1,0,0,1,0.01
330Mesa-de-trabajo-1_png_jpg.rf.795c5954bf1a0a0a0bc844aae59f5544.jpg,0,1,0,1,0.01
331Mesa-de-trabajo-1_png_jpg.rf.df55bffb2592f77b58d5c81cfd0ce602.jpg,1,0,0,1,0.01
332Mesa-de-trabajo-1_png_jpg.rf.0e716ffa578ce3059973680d9e947acd.jpg,1,0,0,1,0.01
333Mesa-de-trabajo-1_png_jpg.rf.492d91a4a7a50266a75c7d71a7577803.jpg,0,1,0,1,0.01
334Mesa-de-trabajo-1_png_jpg.rf.04dce7121aab7265aa619185f2860579.jpg,1,0,0,1,0.01
335Mesa-de-trabajo-1_png_jpg.rf.bdd973a1d2341b9ad9010c4edf20778b.jpg,1,0,0,1,0.01
336Mesa-de-trabajo-1_png_jpg.rf.7641978a1a346b4f423114a67613d51c.jpg,1,0,0,1,0.01
337Mesa-de-trabajo-1_png_jpg.rf.90deb9bae2a4f5315c9607af9c6448ce.jpg,0,1,0,1,0.01
33Mesa-de-trabajo-1_png_jpg.rf.72c18edc8f86631b72ecd44b910baaab.jpg,1,0,0,1,0.01
34Mesa-de-trabajo-1_png_jpg.rf.a20e729e3036df294b157145687ff0c6.jpg,0,0,1,1,0.01
35Mesa-de-trabajo-1_png_jpg.rf.561f500c8b7774d1719884b258b763a8.jpg,1,0,0,1,0.01
36Mesa-de-trabajo-1_png_jpg.rf.deb7f9176f19dbb55d4614191887179b.jpg,0,1,0,1,0.01
37Mesa-de-trabajo-1_png_jpg.rf.b9f1806f4957e2514d38073ac544181f.jpg,1,0,0,1,0.01
38Mesa-de-trabajo-1_png_jpg.rf.2fe944ca41f2d2e1f0373c3756235161.jpg,1,0,0,1,0.01
39Mesa-de-trabajo-1_png_jpg.rf.4d1ef7314c78aad179e96826761abe77.jpg,1,0,0,1,0.01
3Mesa-de-trabajo-1_png_jpg.rf.33dad07eae0546de7a884cfd506ac24c.jpg,1,0,0,1,0.01
40Mesa-de-trabajo-1_png_jpg.rf.12de04258b6fce0c04cce17d7d925f81.jpg,1,0,0,1,0.01
41Mesa-de-trabajo-1_png_jpg.rf.f55ee3380cbd31718521ad451fa0e296.jpg,0,0,1,1,0.01
42Mesa-de-trabajo-1_png_jpg.rf.5bf087d200cec4ff2af3b4afaedbc9dc.jpg,1,0,0,1,0.01
43Mesa-de-trabajo-1_png_jpg.rf.6c0fbd08615e9d8dbe79fd7dcb4ff509.jpg,0,0,1,1,0.01
44Mesa-de-trabajo-1_png_jpg.rf.e025f9d775303eab4643a801b26ec701.jpg,1,0,0,1,0.01
45Mesa-de-trabajo-1_png_jpg.rf.7e8e3dc916c14a6e94e586ca271c34b7.jpg,1,0,0,1,0.01
46Mesa-de-trabajo-1_png_jpg.rf.20a24afe46bcc527b7d228b440249dbd.jpg,1,0,0,1,0.01
47Mesa-de-trabajo-1_png_jpg.rf.cc9e71fd2065233e0709332b9ba283b8.jpg,1,0,0,1,0.01
48Mesa-de-trabajo-1_png_jpg.rf.577b001de148c4391780e3edc7bdd040.jpg,0,1,0,1,0.01
49Mesa-de-trabajo-1_png_jpg.rf.7489deafa09c45fdb64747e71366fb36.jpg,1,0,0,1,0.01
4Mesa-de-trabajo-1_png_jpg.rf.c26b4855f1f3f46570c7844489883837.jpg,0,1,0,1,0.01
50Mesa-de-trabajo-1_png_jpg.rf.06d3694035c0bf9b9fecd82ff8ff9189.jpg,1,0,0,1,0.01
51Mesa-de-trabajo-1_png_jpg.rf.8444712268c8448948319d97b597a6ce.jpg,1,0,0,1,0.01
52Mesa-de-trabajo-1_png_jpg.rf.cd5bb8d88f9e32b8ce5980319569d3f0.jpg,1,0,0,1,0.01
53Mesa-de-trabajo-1_png_jpg.rf.689ee98eb73526c161e99d2010818479.jpg,1,0,0,1,0.01
54Mesa-de-trabajo-1_png_jpg.rf.ea4f67dca91d37513fa32d3f8856a19c.jpg,1,0,0,1,0.01
55Mesa-de-trabajo-1_png_jpg.rf.d8368e203ffef4236a20685c4c4237c5.jpg,1,0,0,1,0.01
56Mesa-de-trabajo-1_png_jpg.rf.832b560494d68773faeecf83b4e85aba.jpg,0,0,1,1,0.01
57Mesa-de-trabajo-1_png_jpg.rf.5b8d3f44ec4e4bcbcb5f32e58bfab2d1.jpg,0,0,1,1,0.01
58Mesa-de-trabajo-1_png_jpg.rf.7172ace76589e036185230fb5eb1238b.jpg,1,0,0,1,0.01
59Mesa-de-trabajo-1_png_jpg.rf.816c5788a71d7170e19865df99151fc7.jpg,0,1,0,1,0.01
5Mesa-de-trabajo-1_png_jpg.rf.31bc1c46fdc83d77a86a73e617cd458f.jpg,0,0,1,1,0.01
60Mesa-de-trabajo-1_png_jpg.rf.4be735181d71262310946fed99531274.jpg,0,0,1,1,0.01
61Mesa-de-trabajo-1_png_jpg.rf.e5e8b21441bc678435bdd8f355fb0819.jpg,0,0,1,1,0.01
62Mesa-de-trabajo-1_png_jpg.rf.77beb9c2fee2ff3eeee9e1db92692f68.jpg,1,0,0,1,0.01
63Mesa-de-trabajo-1_png_jpg.rf.072852b3499f15668dd922ca62c91de1.jpg,0,0,1,1,0.01
64Mesa-de-trabajo-1_png_jpg.rf.137265489711451667b828f22ddfcf77.jpg,1,0,0,1,0.01
65Mesa-de-trabajo-1_png_jpg.rf.3e31eca102a81d365126e041e31dc7f1.jpg,1,0,0,1,0.01
66Mesa-de-trabajo-1_png_jpg.rf.55a34257585d731078b0a541b27c70c6.jpg,1,0,0,1,0.01
67Mesa-de-trabajo-1_png_jpg.rf.c9112e49823b323f562c45173f712c2a.jpg,1,0,0,1,0.01
68Mesa-de-trabajo-1_png_jpg.rf.7a31b5dbc590d0ae56bdeaac3ff829d6.jpg,0,1,0,1,0.01
69Mesa-de-trabajo-1_png_jpg.rf.aeb492a911c2c34b217648fd09882755.jpg,1,0,0,1,0.01
6Mesa-de-trabajo-1_png_jpg.rf.5b3162a48a6e25e98df1fbaa24e99ee3.jpg,0,1,0,1,0.01
70Mesa-de-trabajo-1_png_jpg.rf.f3ab01cf122e60c5162c10821b6e4860.jpg,0,1,0,1,0.01
71Mesa-de-trabajo-1_png_jpg.rf.c29e75455734dcb14afd378aa989b626.jpg,0,1,0,1,0.01
72Mesa-de-trabajo-1_png_jpg.rf.e494621be815ca87fcd303972e7583e5.jpg,1,0,0,1,0.01
73Mesa-de-trabajo-1_png_jpg.rf.cebf9c8b866130a8a4d6257efd8d3af1.jpg,1,0,0,1,0.01
74Mesa-de-trabajo-1_png_jpg.rf.5b390ca13e82496174ff55379c2a0275.jpg,0,0,1,1,0.01
75Mesa-de-trabajo-1_png_jpg.rf.0ab2eb299b8c222cf2dbce46452d2d6d.jpg,1,0,0,1,0.01
76Mesa-de-trabajo-1_png_jpg.rf.27ab3175c0215d2187a7bd89701799f0.jpg,1,0,0,1,0.01
77Mesa-de-trabajo-1_png_jpg.rf.44803a881cf2259e4c17e606bf28eacd.jpg,0,0,1,1,0.01
78Mesa-de-trabajo-1_png_jpg.rf.9cc406b5683d03476e3bf57d8e12b386.jpg,1,0,0,1,0.01
79Mesa-de-trabajo-1_png_jpg.rf.fbbfc07abc964331ad5f33320749946a.jpg,0,1,0,1,0.01
7Mesa-de-trabajo-1_png_jpg.rf.badb78d348e8e487aea3f1de2072aa29.jpg,1,0,0,1,0.01
80Mesa-de-trabajo-1_png_jpg.rf.d2a56324c01e23aebe7e6e9d866eb943.jpg,0,1,0,1,0.01
81Mesa-de-trabajo-1_png_jpg.rf.0f4f372831fb4c92d9505c595405b0c8.jpg,0,1,0,1,0.01
82Mesa-de-trabajo-1_png_jpg.rf.0b73d42264f27b4c40601fe5cdc449d3.jpg,0,1,0,1,0.01
83Mesa-de-trabajo-1_png_jpg.rf.c691d1231d6264f295e2bd1b5534ead2.jpg,1,0,0,1,0.01
84Mesa-de-trabajo-1_png_jpg.rf.c2cd2b2121f3e8383afcd3f96ddf3c16.jpg,1,0,0,1,0.01
85Mesa-de-trabajo-1_png_jpg.rf.dba384b7edcbd681bef32baa704a40f5.jpg,1,0,0,1,0.01
86Mesa-de-trabajo-1_png_jpg.rf.4bdb9ea4a0f62583cea54710f4ec0213.jpg,0,0,1,1,0.01
87Mesa-de-trabajo-1_png_jpg.rf.d367eeb5ee23d8fafc935f4fe84e8206.jpg,1,0,0,1,0.01
88Mesa-de-trabajo-1_png_jpg.rf.6e3f46e341be7c8cfc0794250a52941c.jpg,1,0,0,1,0.01
89Mesa-de-trabajo-1_png_jpg.rf.f3110dc3950efba07df2462d31542d67.jpg,1,0,0,1,0.01
8Mesa-de-trabajo-1_png_jpg.rf.71da8a043e8e6be76507f45718d62544.jpg,1,0,0,1,0.01
90Mesa-de-trabajo-1_png_jpg.rf.6b83203b349751dbf600c05f22e0bcf2.jpg,1,0,0,1,0.01
91Mesa-de-trabajo-1_png_jpg.rf.979facdc32aa89a166ec60e513683ddb.jpg,1,0,0,1,0.01
92Mesa-de-trabajo-1_png_jpg.rf.09f9662ada4387e46810cbcc406d5f27.jpg,0,0,1,1,0.01
93Mesa-de-trabajo-1_png_jpg.rf.32e39031aa6676abf2463bd26bcb6f77.jpg,0,0,1,1,0.01
94Mesa-de-trabajo-1_png_jpg.rf.1edd7358ca1d827421e015054842e3aa.jpg,1,0,0,1,0.01
95Mesa-de-trabajo-1_png_jpg.rf.84a9c56a0bebdf6ef1976784a0829f79.jpg,0,0,1,1,0.01
96Mesa-de-trabajo-1_png_jpg.rf.e11d679d3b623a5d78e79b5ebeee5322.jpg,1,0,0,1,0.01
97Mesa-de-trabajo-1_png_jpg.rf.a51218f28dfb4d747303a5dba605354d.jpg,1,0,0,1,0.01
98Mesa-de-trabajo-1_png_jpg.rf.a763d1bd61cc78bb0c1b8369009609ec.jpg,1,0,0,1,0.01
99Mesa-de-trabajo-1_png_jpg.rf.4e351e91cff042c5269623ecb97b028a.jpg,1,0,0,1,0.01
9Mesa-de-trabajo-1_png_jpg.rf.605106f34430acaa7ec2f91aeaa60065.jpg,1,0,0,1,0.01
HDPE-0_jpg.rf.07f786eb3e9981388052c2c48815e140.jpg,1,0,0,1,0.01
HDPE-1000_jpg.rf.27296f3cc54fea0b1c3d79cfb06bc5ed.jpg,1,0,0,1,0.01
HDPE-1002_jpg.rf.dc43fac8ca6d8b717d37cd3fdb731ea9.jpg,1,0,0,1,0.01
HDPE-1004_jpg.rf.089c2ae3c631b903a4d0e02c31df35ce.jpg,1,0,0,1,0.01
HDPE-1007_jpg.rf.70c150b8a7be41534810f3a6ac960313.jpg,1,0,0,1,0.01
HDPE-1008_jpg.rf.1e540f5aa2631ca390c671bf6f621f66.jpg,0,0,1,1,0.01
HDPE-1009_jpg.rf.62ab36a98df8352b54143ed6f4a62c31.jpg,1,0,0,1,0.01
HDPE-100_jpg.rf.e4564d4bcd4221835a2ce90303607356.jpg,0,0,1,1,0.01
HDPE-1012_jpg.rf.79249c2e30e7f3ca439e8ac704a391ab.jpg,0,1,0,1,0.01
HDPE-1013_jpg.rf.6430e3b3bbe44d85b6831af750dc828b.jpg,1,0,0,1,0.01
HDPE-1016_jpg.rf.94754837961c654a00c563852ec26001.jpg,1,0,0,1,0.01
HDPE-1017_jpg.rf.ecf02550cf9722ab603ae00ddd482e98.jpg,1,0,0,1,0.01
HDPE-1018_jpg.rf.ce3c2cab084c9cadbf047060b0c0a64d.jpg,0,1,0,1,0.01
HDPE-1019_jpg.rf.6a5722681f9b3b817f46b80ccec7e2f3.jpg,0,1,0,1,0.01
HDPE-101_jpg.rf.803da0af0723653492808de6af903087.jpg,1,0,0,1,0.01
HDPE-101_jpg.rf.a0cec479dfced3a39e0afc2806f82c4f.jpg,0,0,1,1,0.01
HDPE-1020_jpg.rf.fc54ac71d9a3782a3370b30a9afc8806.jpg,1,0,0,1,0.01
HDPE-1021_jpg.rf.46d81b2744917d81398813b5284a8eab.jpg,0,1,0,1,0.01
HDPE-1023_jpg.rf.d477d4b3fb3bbd86257ccf8b9c543e32.jpg,1,0,0,1,0.01
HDPE-1024_jpg.rf.6f3ea9b75b9bfcd8a8c1b5850a93bae0.jpg,0,1,0,1,0.01
HDPE-1025_jpg.rf.1ded4c61214deb95b5a55d52241bdbf2.jpg,1,0,0,1,0.01
HDPE-1028_jpg.rf.53a0ecf07ffa501a621b3d595fb018e4.jpg,1,0,0,1,0.01
HDPE-1029_jpg.rf.26a7ea3a7231cf6b67b85d76c6155d40.jpg,1,0,0,1,0.01
HDPE-102_jpg.rf.74e93541057703cd53a0706ceab5ed83.jpg,0,1,0,1,0.01
HDPE-102_jpg.rf.fe4950f218e3aee8220785a2056fe462.jpg,0,0,1,1,0.01
HDPE-1030_jpg.rf.9cd4a0f6b527ed8f85c975a5291ab065.jpg,0,0,1,1,0.01
HDPE-1031_jpg.rf.d7104ba7c27fdfe71917430a0397fa25.jpg,0,0,1,1,0.01
HDPE-1032_jpg.rf.dc227cd8a6878d9969bac523b7ad2b30.jpg,1,0,0,1,0.01
HDPE-1033_jpg.rf.8fe41a1d1adb8776cc662162f5495c0b.jpg,1,0,0,1,0.01
HDPE-1034_jpg.rf.e4c04e7151bbb0d972d86d5ba0274b82.jpg,1,0,0,1,0.01
HDPE-1035_jpg.rf.2c77327b85d41f865cc93eb30eaa6c5c.jpg,1,0,0,1,0.01
HDPE-1036_jpg.rf.4fd69cd8cb8e7b608d3d7324f02a90fb.jpg,1,0,0,1,0.01
HDPE-1038_jpg.rf.7cdce0a090e9ce760722aee08cba6bdc.jpg,0,1,0,1,0.01
HDPE-1039_jpg.rf.7f6940ac9ce02eda82aabd811dad95b9.jpg,1,0,0,1,0.01
HDPE-103_jpg.rf.450768aba43da69abebc68744af612a2.jpg,0,0,1,1,0.01
HDPE-103_jpg.rf.4957d13bc6ab1d4fc385ad0560f29a2b.jpg,1,0,0,1,0.01
HDPE-1040_jpg.rf.c5df3233762dfb23f5c67e19dbea9ed0.jpg,0,0,1,1,0.01
HDPE-1041_jpg.rf.1f69160d5457ddec10d205ca5d1cdc08.jpg,1,0,0,1,0.01
HDPE-1043_jpg.rf.3321e2ab63ec90114947d3fc12d7ba5b.jpg,1,0,0,1,0.01
HDPE-1044_jpg.rf.d4ed477087eb8654e1f41c02809030cc.jpg,1,0,0,1,0.01
HDPE-1045_jpg.rf.a4a17172c84244b55e573387758f6042.jpg,0,1,0,1,0.01
HDPE-1047_jpg.rf.860edc47af9f1643ee849d600f991832.jpg,1,0,0,1,0.01
HDPE-1048_jpg.rf.466dd4d702ff884ab3025650c61da9c6.jpg,1,0,0,1,0.01
HDPE-1049_jpg.rf.ecbb72fa8b4b85c3d801154f368f3270.jpg,1,0,0,1,0.01
HDPE-104_jpg.rf.0ef7afdeeac855d9f63aaf02ba1534f1.jpg,0,0,1,1,0.01
HDPE-104_jpg.rf.44e01ce3cf2811ba5e4557fb8eeb3fa9.jpg,1,0,0,1,0.01
HDPE-1050_jpg.rf.172c8586491cd611af0b45fde87308d6.jpg,1,0,0,1,0.01
HDPE-1051_jpg.rf.0246124b716c2488357176eebe48dc90.jpg,1,0,0,1,0.01
HDPE-1052_jpg.rf.83dc65ce0f843b7e15da31a927c8130f.jpg,1,0,0,1,0.01
HDPE-1053_jpg.rf.1c2f7c01a43493338302d773c7dfecb5.jpg,1,0,0,1,0.01
HDPE-1054_jpg.rf.eb64b3c0baf45e2ed028895713c82fd1.jpg,1,0,0,1,0.01
HDPE-1055_jpg.rf.da3674f281be721acda998702e3a55f3.jpg,0,0,1,1,0.01
HDPE-1056_jpg.rf.88cf39561ff1c1745129cd4b1aa695a3.jpg,0,1,0,1,0.01
HDPE-1057_jpg.rf.ad09bb8e8a1b2389958c50a568ce26d1.jpg,0,1,0,1,0.01
HDPE-1058_jpg.rf.5232ece5e613dc166355e78d78ed6679.jpg,1,0,0,1,0.01
HDPE-1059_jpg.rf.74082b3d34b189e8a5246eef1c454077.jpg,1,0,0,1,0.01
HDPE-105_jpg.rf.2435ed2b6b86ec8ba95ab34bfa6066df.jpg,1,0,0,1,0.01
HDPE-105_jpg.rf.444a934f3428faf140f3ae730d5ac5a4.jpg,1,0,0,1,0.01
HDPE-1060_jpg.rf.9c96eb4b207151c569a6ac3f35cf1f3e.jpg,1,0,0,1,0.01
HDPE-1062_jpg.rf.8eb7fc0303f08c81194cd9316e750142.jpg,1,0,0,1,0.01
HDPE-1063_jpg.rf.8b0f22c60fda2efa3309528ae217727a.jpg,1,0,0,1,0.01
HDPE-1065_jpg.rf.eb9a650b20e4b96366ded27e209239de.jpg,1,0,0,1,0.01
HDPE-1066_jpg.rf.39cd16fd2d2da78a672cadc2cc0bd374.jpg,1,0,0,1,0.01
HDPE-1067_jpg.rf.10dc4fa4b64c91d8732091a22a18ec4c.jpg,0,0,1,1,0.01
HDPE-1069_jpg.rf.d57eceeb47dfe878eada021ec3a637bd.jpg,1,0,0,1,0.01
HDPE-106_jpg.rf.2c40b3428601ba7289ee0127751111f6.jpg,0,1,0,1,0.01
HDPE-106_jpg.rf.f7600a5561fca430161b55756a1690b4.jpg,1,0,0,1,0.01
HDPE-1070_jpg.rf.f40577b569b0481d34979b38a61c0927.jpg,1,0,0,1,0.01
HDPE-1071_jpg.rf.447f37e2ddb75984d4ceb63d4868da28.jpg,1,0,0,1,0.01
HDPE-1072_jpg.rf.534889a9f408a0d4b76cfaa613528ba1.jpg,1,0,0,1,0.01
HDPE-1074_jpg.rf.fc53557de92a84e269a4670d0b06cf6b.jpg,1,0,0,1,0.01
HDPE-1075_jpg.rf.b4c18a14652a98a55000960bd9a1598f.jpg,1,0,0,1,0.01
HDPE-1076_jpg.rf.a6ac907f9c85243b057ed68a1f4bec53.jpg,1,0,0,1,0.01
HDPE-1077_jpg.rf.706c12134d8ca127250b8957b175fc12.jpg,1,0,0,1,0.01
HDPE-107_jpg.rf.6c67a384486050a041c16d03bcf381a8.jpg,0,0,1,1,0.01
HDPE-1081_jpg.rf.a6a40f1a65c2e5c6510809d84a875624.jpg,1,0,0,1,0.01
HDPE-1082_jpg.rf.1e6a44ebd47ee60a76a7ffcec299b04f.jpg,0,0,1,1,0.01
HDPE-1083_jpg.rf.3f3137a152901873b569b8809224312d.jpg,1,0,0,1,0.01
HDPE-1084_jpg.rf.8a4319b48d36e42627f8ddd98b399dee.jpg,0,0,1,1,0.01
HDPE-1085_jpg.rf.ee62a347536bb60a2ed18f9865a691cb.jpg,0,1,0,1,0.01
HDPE-1086_jpg.rf.a1931c68de5bae26c6bb8930be3af6eb.jpg,0,1,0,1,0.01
HDPE-1087_jpg.rf.aff09a11a16c9cb148b75239d1ca9efc.jpg,0,0,1,1,0.01
HDPE-1088_jpg.rf.bc1437d887b33ec5e78d80f3557b7507.jpg,1,0,0,1,0.01
HDPE-1089_jpg.rf.f34c10225addfa16b6d78dbfd4cbacb0.jpg,0,0,1,1,0.01
HDPE-108_jpg.rf.c0d9304d032cb45a69390242f6c1e262.jpg,1,0,0,1,0.01
HDPE-1090_jpg.rf.8727068cb1ec829efeccff8245860970.jpg,1,0,0,1,0.01
HDPE-1092_jpg.rf.b1aaf28c8db094f2cb9fbb017589d584.jpg,1,0,0,1,0.01
HDPE-1093_jpg.rf.7e0f7472b3793cdddef7141946e2fcbc.jpg,1,0,0,1,0.01
HDPE-1094_jpg.rf.5bb640491ff1c04636bb808fa9650a06.jpg,1,0,0,1,0.01
HDPE-1097_jpg.rf.6d455f07f89107774bc7efbf617383e8.jpg,1,0,0,1,0.01
HDPE-1098_jpg.rf.fd19217c3091bf717761bbd6318871e5.jpg,1,0,0,1,0.01
HDPE-1099_jpg.rf.a03f07fef41d89c145539cea78bd11eb.jpg,0,1,0,1,0.01
HDPE-109_jpg.rf.d92d1361f950ab8d96de7555660d16e7.jpg,1,0,0,1,0.01
HDPE-10_jpg.rf.bc402ece2c4162e3d7120692e2afdfaf.jpg,1,0,0,1,0.01
HDPE-10_jpg.rf.c9ea932b3f70b19607b41aa4282b1033.jpg,0,0,1,1,0.01
HDPE-1100_jpg.rf.33c88675648bbf92a3495dc125a2199c.jpg,0,0,1,1,0.01
HDPE-1102_jpg.rf.e86dd35d4e6694a4b51546d564c73d86.jpg,0,0,1,1,0.01
HDPE-1103_jpg.rf.44b1e9782be9aacd52dfa3e51a3c88b6.jpg,1,0,0,1,0.01
HDPE-1105_jpg.rf.5119f358c5e6d919758f06c3ec8cc1a4.jpg,1,0,0,1,0.01
HDPE-1106_jpg.rf.12b7feb8de66266d2e91f52d8bc3414e.jpg,1,0,0,1,0.01
HDPE-1107_jpg.rf.9e6b8b92284719c421cf8dcf508ba27d.jpg,0,0,1,1,0.01
HDPE-1108_jpg.rf.25b8f42f095b8510670adf91ec98288e.jpg,0,0,1,1,0.01
HDPE-1109_jpg.rf.57103a33b9c8df8eecc35044b5907484.jpg,1,0,0,1,0.01
HDPE-110_jpg.rf.1334ddc676125ce059b4eb8489f48222.jpg,1,0,0,1,0.01
HDPE-110_jpg.rf.9ff48534ee7b8c72c0e5e5bf8077006f.jpg,1,0,0,1,0.01
HDPE-1110_jpg.rf.45fac4e9ce75f2523a36cde69b9f8c40.jpg,1,0,0,1,0.01
HDPE-1111_jpg.rf.51c10afd2f0482c064fd00896f8b36a7.jpg,1,0,0,1,0.01
HDPE-1112_jpg.rf.ec58f364db0aaeac2228609c68ee8153.jpg,1,0,0,1,0.01
HDPE-1113_jpg.rf.85c3ad80642a14cc36fbff10bd50273b.jpg,1,0,0,1,0.01
HDPE-1114_jpg.rf.01f0e4d17e3efd15d23767496e8b2810.jpg,1,0,0,1,0.01
HDPE-1115_jpg.rf.18983fbe55b1b79d6917475b1160c100.jpg,1,0,0,1,0.01
HDPE-1116_jpg.rf.627ebf7e046f8dd4280b9ca728013eb6.jpg,1,0,0,1,0.01
HDPE-1117_jpg.rf.920631428ea4e87f6b7ffb0bc567f9da.jpg,1,0,0,1,0.01
HDPE-1118_jpg.rf.15a0293c0eb8c17cc793634ffe5744f7.jpg,1,0,0,1,0.01
HDPE-111_jpg.rf.80374528cd906707e45ce747db54d771.jpg,1,0,0,1,0.01
HDPE-1120_jpg.rf.7bd911f14693f6933f31253f2ea44820.jpg,0,0,1,1,0.01
HDPE-1121_jpg.rf.007e6cab9dfbf198ddf2e64c9048622b.jpg,1,0,0,1,0.01
HDPE-1122_jpg.rf.6c369cbd698d8030cfd213a2fee4736a.jpg,1,0,0,1,0.01
HDPE-1124_jpg.rf.ab4218cd48609a2e773dc4a6a4a42c37.jpg,1,0,0,1,0.01
HDPE-1125_jpg.rf.3b4e7812e63d91c29f8008f11b8b3898.jpg,0,1,0,1,0.01
HDPE-1126_jpg.rf.26b2d660712b0d6ea2e478e78db3aebe.jpg,1,0,0,1,0.01
HDPE-1127_jpg.rf.7167f85bb7f68ca455b28e29e6609e86.jpg,1,0,0,1,0.01
HDPE-1129_jpg.rf.c741e8d4f42903221415852902a01414.jpg,0,0,1,1,0.01
HDPE-112_jpg.rf.11c91bde91d11fc9caa88bcb3a0aa251.jpg,1,0,0,1,0.01
HDPE-112_jpg.rf.690a371dac1865409c9a7ebed57223c6.jpg,0,0,1,1,0.01
HDPE-1130_jpg.rf.4bdd11463c95206fbcca6c039b6ffde4.jpg,1,0,0,1,0.01
HDPE-1131_jpg.rf.9f2601440b80954332616069de207c25.jpg,0,0,1,1,0.01
HDPE-1132_jpg.rf.ae2e15f470fc328194ffa0d6516d315c.jpg,1,0,0,1,0.01
HDPE-1134_jpg.rf.c9cbf105102a5a02f881a96c46a12860.jpg,0,0,1,1,0.01
HDPE-1136_jpg.rf.6d7bc97696404e53c838fa03ce9ece60.jpg,1,0,0,1,0.01
HDPE-1137_jpg.rf.5bd12c2c533f1ef5fd406f1670503e25.jpg,1,0,0,1,0.01
HDPE-1138_jpg.rf.7ae1cde1d5f40e52ac4037f1812a45d9.jpg,1,0,0,1,0.01
HDPE-113_jpg.rf.678a56cf5a82c0f811b7e6e03c4fcfd0.jpg,1,0,0,1,0.01
HDPE-1140_jpg.rf.f28f303fb0338c39c681b97553892231.jpg,1,0,0,1,0.01
HDPE-1141_jpg.rf.768a677ba26bb6b7b635217dc86c3160.jpg,1,0,0,1,0.01
HDPE-1142_jpg.rf.9a1ba437b2e6aa6f66b38548424c296d.jpg,0,0,1,1,0.01
HDPE-1143_jpg.rf.8cbebf0a52846057677103df1635223b.jpg,1,0,0,1,0.01
HDPE-1144_jpg.rf.7e9a54dd8215ad72fb0e1db4d520da57.jpg,0,0,1,1,0.01
HDPE-1145_jpg.rf.a9ee34d79de7b6d293a1da7c457f5b10.jpg,0,0,1,1,0.01
HDPE-1146_jpg.rf.9455300c8197e6b074565449010bd656.jpg,1,0,0,1,0.01
HDPE-1147_jpg.rf.d6d935e93fba3abfa5779c517e137afd.jpg,1,0,0,1,0.01
HDPE-1149_jpg.rf.30ad80919f28561be5f6b078ba9c82d5.jpg,1,0,0,1,0.01
HDPE-114_jpg.rf.acc95bd85d3b32a8fbad9525b4fda8ee.jpg,1,0,0,1,0.01
HDPE-114_jpg.rf.c8575b37cfb15280ed266a61e256f8fc.jpg,1,0,0,1,0.01
HDPE-1150_jpg.rf.7d902ffeb62f70a98058c6055c89f3f6.jpg,1,0,0,1,0.01
HDPE-1151_jpg.rf.67cb96b49ac1ebda81910064c5990e9d.jpg,1,0,0,1,0.01
HDPE-1152_jpg.rf.aa3b94ee9f737700db74914443814a2a.jpg,0,1,0,1,0.01
HDPE-1155_jpg.rf.10611ced6927f8d07519cde12a305e67.jpg,1,0,0,1,0.01
HDPE-1157_jpg.rf.57596c8db729641f8b95821576cb1f36.jpg,0,0,1,1,0.01
HDPE-115_jpg.rf.9fcb358a7a4f40aa54c65e143b74a898.jpg,0,0,1,1,0.01
HDPE-115_jpg.rf.dae4791ae9de3fe2ad1e2d1ce9306071.jpg,1,0,0,1,0.01
HDPE-1160_jpg.rf.526320a1a5b9dd8db1df034d459d95cb.jpg,1,0,0,1,0.01
HDPE-1163_jpg.rf.96c5ab0044b7952169d5a535eec44286.jpg,0,0,1,1,0.01
HDPE-1167_jpg.rf.2d60891dbd4907500d6acc04422220df.jpg,0,0,1,1,0.01
HDPE-1168_jpg.rf.c4aa21e0a2b915727ffb735ab38791b8.jpg,1,0,0,1,0.01
HDPE-116_jpg.rf.adb566f2a060a9f0e10d76874beb8e6e.jpg,1,0,0,1,0.01
HDPE-1170_jpg.rf.da07ef119a6ab69ff84c6e915f393e02.jpg,0,0,1,1,0.01
HDPE-1172_jpg.rf.c382977c177f9f7ef87b3cdb4c5689c3.jpg,0,0,1,1,0.01
HDPE-1173_jpg.rf.31fa1cc6c917343b942848b831e1ca40.jpg,1,0,0,1,0.01
HDPE-1174_jpg.rf.6b19c29215f0796ecdde328b6462606e.jpg,1,0,0,1,0.01
HDPE-1175_jpg.rf.484e6f128fb231e3322c36246210af94.jpg,1,0,0,1,0.01
HDPE-1176_jpg.rf.c357b165b9fb809e77c2e5c8daa748d4.jpg,1,0,0,1,0.01
HDPE-1178_jpg.rf.4514748f5205d2ce683160dba91c50c7.jpg,1,0,0,1,0.01
HDPE-1179_jpg.rf.c9c4acf2a4d6325436a1c406ad0d6c14.jpg,1,0,0,1,0.01
HDPE-117_jpg.rf.5dd4c324e4e317d99cf5e765f77100a0.jpg,1,0,0,1,0.01
HDPE-117_jpg.rf.910a837c2f55aeb3dc785621870072f9.jpg,1,0,0,1,0.01
HDPE-1180_jpg.rf.148befe2ac00026509db378252a0b0cc.jpg,1,0,0,1,0.01
HDPE-1181_jpg.rf.05d5ac77b51053ae2c5523ebf648a96f.jpg,0,1,0,1,0.01
HDPE-1182_jpg.rf.aed1ac926eab5637341602d95e77c3bc.jpg,0,0,1,1,0.01
HDPE-1183_jpg.rf.510eb7b5899b86ed62562934d22dc1d1.jpg,1,0,0,1,0.01
HDPE-1184_jpg.rf.7b0a7c9bfd831d82e0170a5d3f228668.jpg,1,0,0,1,0.01
HDPE-1185_jpg.rf.cbb4f8ba061ed413c1f884cd91fcf740.jpg,1,0,0,1,0.01
HDPE-1186_jpg.rf.fdfb281cb027a18815cb0901ad887ca0.jpg,1,0,0,1,0.01
HDPE-1187_jpg.rf.fadb4607d0acaef789ebc7d877242b70.jpg,1,0,0,1,0.01
HDPE-1188_jpg.rf.9ef16f2826c364d70bf7b9e1bd4be5f2.jpg,1,0,0,1,0.01
HDPE-1189_jpg.rf.4c5bd0512216f839b862c12df740d1d2.jpg,1,0,0,1,0.01
HDPE-118_jpg.rf.2a573845b2f5e54de77b26893c255927.jpg,1,0,0,1,0.01
HDPE-1190_jpg.rf.879472ae774591ac63eb5ab01e1a2476.jpg,0,1,0,1,0.01
HDPE-1191_jpg.rf.7a49add025791327e6973ba8d24b4cca.jpg,1,0,0,1,0.01
HDPE-1192_jpg.rf.002b27cd1f2eaed4098fa3dd8e8b1019.jpg,0,0,1,1,0.01
HDPE-1195_jpg.rf.f636937b15bdc30601d00c1ad9428ad6.jpg,1,0,0,1,0.01
HDPE-1196_jpg.rf.6e42a475712a2bc43a642c467761e05f.jpg,1,0,0,1,0.01
HDPE-1197_jpg.rf.9d5f18ba140d0ed3b74c7952969d0ee9.jpg,1,0,0,1,0.01
HDPE-1198_jpg.rf.6ac13f3e69f552ecc617ec7214d71b3e.jpg,1,0,0,1,0.01
HDPE-1199_jpg.rf.bb869cb8d3ada97cd38bd87f0b2397a8.jpg,0,1,0,1,0.01
HDPE-119_jpg.rf.02e82e64c45b874ffbdefe243bb99f87.jpg,1,0,0,1,0.01
HDPE-119_jpg.rf.dbdfdc86e0715f68e2445016a6070177.jpg,1,0,0,1,0.01
HDPE-11_jpg.rf.0832fb7347a9723a91adb0ee7a11932d.jpg,1,0,0,1,0.01
HDPE-11_jpg.rf.9a518b9466b459f167fc1d58fcec5c93.jpg,1,0,0,1,0.01
HDPE-1201_jpg.rf.4b018a43cbe066c11c65989c95046f78.jpg,0,0,1,1,0.01
HDPE-1202_jpg.rf.24602a5b420371fa3655063887b26996.jpg,1,0,0,1,0.01
HDPE-1203_jpg.rf.152276c0e2ff0467a532258731d389c2.jpg,1,0,0,1,0.01
HDPE-1204_jpg.rf.a1e2031414441121fda260bccbbf6214.jpg,1,0,0,1,0.01
HDPE-1206_jpg.rf.05f5cb626333d1e149b797b16ac5f575.jpg,1,0,0,1,0.01
HDPE-1208_jpg.rf.f58220e754a860f703f266895ed1c2b1.jpg,0,0,1,1,0.01
HDPE-120_jpg.rf.c7ff85d0555bbb42052751fff5fc0bc7.jpg,1,0,0,1,0.01
HDPE-1210_jpg.rf.bb413bd09ef1a2dcc5a52be991503343.jpg,1,0,0,1,0.01
HDPE-1211_jpg.rf.50324bd439553953261a4f694519f280.jpg,0,0,1,1,0.01
HDPE-1214_jpg.rf.a441434ee4d71af99cb382136a3993ac.jpg,1,0,0,1,0.01
HDPE-1216_jpg.rf.771341e087bd55a27c2736f14f174b3c.jpg,0,1,0,1,0.01
HDPE-1217_jpg.rf.20750720ef36b6d72a28ef460f399701.jpg,1,0,0,1,0.01
HDPE-1218_jpg.rf.8973650aa9c51e7be2b68729fd83a08d.jpg,1,0,0,1,0.01
HDPE-1219_jpg.rf.9507e9a26f27a4d1b91eac6e57e394d6.jpg,1,0,0,1,0.01
HDPE-121_jpg.rf.8986d3e2739695d8c1278b87f8e0e7d8.jpg,1,0,0,1,0.01
HDPE-1221_jpg.rf.2056f9276ea4744e558fa7e63ccc7e71.jpg,1,0,0,1,0.01
HDPE-1222_jpg.rf.7a17bce97a675a6b59be9ffc5002b767.jpg,1,0,0,1,0.01
HDPE-1224_jpg.rf.50e887231d53e5491afe09c3ec5f84c7.jpg,0,0,1,1,0.01
HDPE-1225_jpg.rf.98158f69ba77f5cdc1b070b4a2eac210.jpg,1,0,0,1,0.01
HDPE-1226_jpg.rf.25604c7632d60533c5aff44ebdcf7123.jpg,0,1,0,1,0.01
HDPE-1227_jpg.rf.50df4eff25aa44925df65afb2dd46e41.jpg,0,0,1,1,0.01
HDPE-122_jpg.rf.6d3932faf01de2555c0aedf8a495041b.jpg,1,0,0,1,0.01
HDPE-1230_jpg.rf.40198c1c753a5c608c1eac953ed6b937.jpg,0,0,1,1,0.01
HDPE-1231_jpg.rf.4d597499399c226b34c49db222da0beb.jpg,1,0,0,1,0.01
HDPE-1232_jpg.rf.a628ffb91a86ea556ccd87ed1d3be164.jpg,0,0,1,1,0.01
HDPE-1233_jpg.rf.569f6815b11682e48095d881a85c4674.jpg,1,0,0,1,0.01
HDPE-1234_jpg.rf.be75b35a8d3c81af0d6b760cb9cdb03e.jpg,1,0,0,1,0.01
HDPE-1235_jpg.rf.877de48b8591b95e32802186ac7ae5f0.jpg,0,0,1,1,0.01
HDPE-1236_jpg.rf.6a4eeb50dc619b6f6e72016a77ac3857.jpg,1,0,0,1,0.01
HDPE-1237_jpg.rf.82e7cd67d73c63327d0d0d1ed62945b5.jpg,0,0,1,1,0.01
HDPE-1238_jpg.rf.b1cc8e4140cf997319874aff4fe46261.jpg,1,0,0,1,0.01
HDPE-1239_jpg.rf.f8704ba4d6d040d4c6286497bb217014.jpg,1,0,0,1,0.01
HDPE-123_jpg.rf.5f4ac19e4d54612cb06905d7b717e2b5.jpg,1,0,0,1,0.01
HDPE-123_jpg.rf.f943ef0cce3ee03dc6f5c99e9192304a.jpg,1,0,0,1,0.01
HDPE-1240_jpg.rf.bbd2024abae446db07258c8eaf68018e.jpg,1,0,0,1,0.01
HDPE-1241_jpg.rf.3ea154a4ab79ba5a58f4fe9728d33ba7.jpg,1,0,0,1,0.01
HDPE-1242_jpg.rf.81dd68903168065f226720a523a6beab.jpg,1,0,0,1,0.01
HDPE-1243_jpg.rf.6820160ccf9c65dc6820f0f96b166c9f.jpg,0,1,0,1,0.01
HDPE-1246_jpg.rf.ff450e051e1a0a9d6480f5f984ae27f3.jpg,1,0,0,1,0.01
HDPE-1247_jpg.rf.f91421f43bcc464141a5bdef71f101dd.jpg,1,0,0,1,0.01
HDPE-1248_jpg.rf.3f5818e287123d5bf85f920b29633604.jpg,1,0,0,1,0.01
HDPE-1249_jpg.rf.5659533b77edde1c1bcef42812d6ec70.jpg,1,0,0,1,0.01
HDPE-1250_jpg.rf.ba46fdd02c0f011914d83feaf5f47b24.jpg,0,0,1,1,0.01
HDPE-1251_jpg.rf.787f5cd73a336d6bc154ee3997f80500.jpg,0,1,0,1,0.01
HDPE-1253_jpg.rf.f65e9b2a61e99644833000e5ff5b8e4a.jpg,0,0,1,1,0.01
HDPE-1254_jpg.rf.301f89587119bef275c8058ce661b0bb.jpg,1,0,0,1,0.01
HDPE-1257_jpg.rf.28e08d84f0326cc0ee99a513677f5a42.jpg,1,0,0,1,0.01
HDPE-1258_jpg.rf.26303c0107db00c3ce8fdb4187aa84bf.jpg,0,1,0,1,0.01
HDPE-1259_jpg.rf.58caff7a10c7f75d088147e26e935505.jpg,1,0,0,1,0.01
HDPE-125_jpg.rf.413871eacdaee90e9fd60979724d890c.jpg,1,0,0,1,0.01
HDPE-125_jpg.rf.c5d689036903a847e81114f72d73e6ce.jpg,1,0,0,1,0.01
HDPE-1260_jpg.rf.d61803f06e9bb5e67d8d3d47d6749206.jpg,1,0,0,1,0.01
HDPE-1262_jpg.rf.a70ab2311e9ba1ad71e19b955da85108.jpg,1,0,0,1,0.01
HDPE-1263_jpg.rf.3259d860ba7d41a6ee9bd657d53354d0.jpg,0,0,1,1,0.01
HDPE-1264_jpg.rf.17cc4059512f45bcceba2fc9e47ca9a8.jpg,1,0,0,1,0.01
HDPE-1266_jpg.rf.9cad1fadd31f7edaf904501d812d3827.jpg,1,0,0,1,0.01
HDPE-1267_jpg.rf.c5877aba93548f2886be060598a6bde1.jpg,1,0,0,1,0.01
HDPE-1268_jpg.rf.48dcb85f876487dc302774f0a27ded11.jpg,1,0,0,1,0.01
HDPE-1269_jpg.rf.cfb4e03788dca82db98b1defbcaa80a5.jpg,1,0,0,1,0.01
HDPE-126_jpg.rf.28722e8c7588d1920fbb7180270caef8.jpg,0,1,0,1,0.01
HDPE-1270_jpg.rf.190fcdf409e0bc530b7b782a0e70cfc4.jpg,1,0,0,1,0.01
HDPE-1271_jpg.rf.218edf08ae28f67d37c703053a04ae2e.jpg,0,0,1,1,0.01
HDPE-1272_jpg.rf.62754ff23c494a93cf2b3385778032b9.jpg,1,0,0,1,0.01
HDPE-1273_jpg.rf.135df65da2cb228eeb7274e53acbaf0d.jpg,1,0,0,1,0.01
HDPE-1274_jpg.rf.414082681acb4472937722c3041a81ad.jpg,1,0,0,1,0.01
HDPE-1275_jpg.rf.a3a1cd52135a755a6824b6a8b797c70a.jpg,0,0,1,1,0.01
HDPE-1276_jpg.rf.1d8aed2830a76750ab18dc48a964ac86.jpg,1,0,0,1,0.01
HDPE-1277_jpg.rf.690fcba57a696a6ee70555da987acd5e.jpg,1,0,0,1,0.01
HDPE-1279_jpg.rf.c8f8796ba850f7ceb67d5b06631ecbdc.jpg,1,0,0,1,0.01
HDPE-127_jpg.rf.c0d99643b437c3bd3f9e52bd42129707.jpg,1,0,0,1,0.01
HDPE-127_jpg.rf.f8150f861e6351bc37933e8e34507171.jpg,0,1,0,1,0.01
HDPE-1281_jpg.rf.e14c8987d57ad6dab9d79a5909e7e5d0.jpg,1,0,0,1,0.01
HDPE-1282_jpg.rf.1e56f501e8646cdd3eab5c3e2a13034b.jpg,1,0,0,1,0.01
HDPE-1285_jpg.rf.4922f45c170872a4a7a345f6e8bd2c47.jpg,0,0,1,1,0.01
HDPE-1286_jpg.rf.b247435976080d0b7de97b9ce209a74f.jpg,0,0,1,1,0.01
HDPE-1287_jpg.rf.d56521e69c8fd00dd29a53e73ec1fa22.jpg,0,1,0,1,0.01
HDPE-1288_jpg.rf.552ec377457eba1d6389cedeac45d4ae.jpg,1,0,0,1,0.01
HDPE-1289_jpg.rf.c7e79e471460937b1898d820c1aa4993.jpg,1,0,0,1,0.01
HDPE-128_jpg.rf.81260fe00fcf4cc470ff473da8d0e27f.jpg,1,0,0,1,0.01
HDPE-1290_jpg.rf.8a89613173ae2f180b8ddc038cc9a3f4.jpg,1,0,0,1,0.01
HDPE-1293_jpg.rf.2d425fbe4c704eec863a5cd02a0437cf.jpg,0,0,1,1,0.01
HDPE-1294_jpg.rf.8432e78bbdc8985458e7f8a3d7a50c4a.jpg,1,0,0,1,0.01
HDPE-1297_jpg.rf.b2fac05ea126aef2f4a96ece61a8506e.jpg,0,1,0,1,0.01
HDPE-1298_jpg.rf.daf2c17c57559897d7b7354a6ee0387b.jpg,1,0,0,1,0.01
HDPE-1299_jpg.rf.ef2855dd9e1f56fc456de595b6c0d912.jpg,1,0,0,1,0.01
HDPE-129_jpg.rf.4d56ec81d987668165370066c310a3cd.jpg,0,0,1,1,0.01
HDPE-129_jpg.rf.fbaf09603b87169491b68904919672f5.jpg,1,0,0,1,0.01
HDPE-12_jpg.rf.618104005b7c66dcc0eda92b1a35cf20.jpg,1,0,0,1,0.01
HDPE-12_jpg.rf.a6af3db8d73780034036bd8a5ce955e6.jpg,1,0,0,1,0.01
HDPE-1300_jpg.rf.e6a3242e86c10c44f40b655997ae8e4d.jpg,1,0,0,1,0.01
HDPE-1301_jpg.rf.263b2b87147cf2f28b37bf80fe7ddf2b.jpg,1,0,0,1,0.01
HDPE-1302_jpg.rf.d2c4a69de006a1300180955b4444e90e.jpg,1,0,0,1,0.01
HDPE-1304_jpg.rf.268b45fbdd5e6f5fa8f52134452c7456.jpg,0,0,1,1,0.01
HDPE-1306_jpg.rf.f07b5498ed001cceaa855fdd4ca3289c.jpg,0,1,0,1,0.01
HDPE-1307_jpg.rf.90e50794a8c01b0984152b80edaf4677.jpg,0,0,1,1,0.01
HDPE-1308_jpg.rf.8038584e85ebdf33b37a85357082a4e5.jpg,1,0,0,1,0.01
HDPE-130_jpg.rf.39106c7f3c2999213f5c073664faf542.jpg,1,0,0,1,0.01
HDPE-130_jpg.rf.f03944859f3eea2813527b019848c4f9.jpg,1,0,0,1,0.01
HDPE-1310_jpg.rf.c3f522461546df77957983e48e046f9f.jpg,1,0,0,1,0.01
HDPE-1311_jpg.rf.3a7268488cb20644bae27707a0803ac2.jpg,0,0,1,1,0.01
HDPE-131_jpg.rf.bd4edace96618bacbe0a4662c33e0810.jpg,0,0,1,1,0.01
HDPE-132_jpg.rf.65d031d41e9b9bac7d12dbc49356a4c9.jpg,0,0,1,1,0.01
HDPE-133_jpg.rf.9861998a4b59584413036c0bbcb9012f.jpg,1,0,0,1,0.01
HDPE-133_jpg.rf.b577e1672bf0f911882344486ee8a118.jpg,1,0,0,1,0.01
HDPE-134_jpg.rf.343d30e1fbacf3fd47080ac3ed189764.jpg,1,0,0,1,0.01
HDPE-134_jpg.rf.6a91734df1109acf4d7f3e52c74429ab.jpg,1,0,0,1,0.01
HDPE-135_jpg.rf.5681bdb9bf3958d763b63e6a31fe6bf9.jpg,1,0,0,1,0.01
HDPE-136_jpg.rf.43aaae474305a7a291443ad5d6f20e8d.jpg,1,0,0,1,0.01
HDPE-137_jpg.rf.2d16c9e0f4a34cefec64e2de3167e65e.jpg,1,0,0,1,0.01
HDPE-138_jpg.rf.a4a2fc99f99cfaf56a8fa5752a57a801.jpg,1,0,0,1,0.01
HDPE-138_jpg.rf.cc4d227ad34f8ba5b90866cf1c8e49c4.jpg,0,0,1,1,0.01
HDPE-139_jpg.rf.0f67c9772ec2c117e1f6dd2a009e6699.jpg,0,0,1,1,0.01
HDPE-139_jpg.rf.418ebbbaf37b787bde16ac797caa5c1b.jpg,1,0,0,1,0.01
HDPE-13_jpg.rf.0d52bbb3194f54cd90607b53aa7bb8c2.jpg,1,0,0,1,0.01
HDPE-13_jpg.rf.33179ee3fc17bc8892883887ea895505.jpg,1,0,0,1,0.01
HDPE-13_jpg.rf.a9e2a0c13976f01e01f9245b284075a3.jpg,0,0,1,1,0.01
HDPE-140_jpg.rf.4a63d49f7f2ac935bf9e3987ad4db0c8.jpg,1,0,0,1,0.01
HDPE-140_jpg.rf.5c56a54a655e3e4b3df1c371714013fc.jpg,1,0,0,1,0.01
HDPE-141_jpg.rf.34c50a77a6204f04129c7a605edc7d7c.jpg,0,0,1,1,0.01
HDPE-142_jpg.rf.660455b3e553361094c60d09ce2367aa.jpg,1,0,0,1,0.01
HDPE-142_jpg.rf.83b3ab176b2d7c781ac3b6fed6ff89ed.jpg,1,0,0,1,0.01
HDPE-143_jpg.rf.6e2d464ad1143d4a71f2adb7a15f6bec.jpg,1,0,0,1,0.01
HDPE-144_jpg.rf.3d1f45d2ee8e02e1d9ad7de5ab94667d.jpg,1,0,0,1,0.01
HDPE-144_jpg.rf.3eea1d0ec4afd6c81aa5894af8769174.jpg,0,0,1,1,0.01
HDPE-145_jpg.rf.07bf082154c799dd1e98e3cae68f6d84.jpg,1,0,0,1,0.01
HDPE-145_jpg.rf.40b1b2adfc45845f8abadbf62a7b7e16.jpg,1,0,0,1,0.01
HDPE-146_jpg.rf.e939fb4999eaa882215fea8f59958787.jpg,0,1,0,1,0.01
HDPE-147_jpg.rf.bb0bdf47946ba53193cb6bfbc33bc91c.jpg,1,0,0,1,0.01
HDPE-148_jpg.rf.12101ebaceff080572ef5e167b7cde36.jpg,1,0,0,1,0.01
HDPE-149_jpg.rf.a96c1451c3b336d4eea1aed7436f7555.jpg,1,0,0,1,0.01
HDPE-14_jpg.rf.0384dfd8a9d3ef150c8a8f3a111008cd.jpg,1,0,0,1,0.01
HDPE-14_jpg.rf.a372ce6dfab4e7cb59d1dd98ad71e1c9.jpg,1,0,0,1,0.01
HDPE-14_jpg.rf.f8c0278ae00926c3577a53b62f97b3f0.jpg,1,0,0,1,0.01
HDPE-150_jpg.rf.bd8b1670a19e762d4b5ca96019f23b51.jpg,1,0,0,1,0.01
HDPE-151_jpg.rf.18817cc292a7b3eb02e4a40f49641e23.jpg,1,0,0,1,0.01
HDPE-151_jpg.rf.40a2147190037717ec679b5ce1c26c14.jpg,0,1,0,1,0.01
HDPE-152_jpg.rf.21d1e0de5a50bb7267ed6345fef0a555.jpg,1,0,0,1,0.01
HDPE-152_jpg.rf.577db9e05eed1cc0892af3fbb51e6543.jpg,1,0,0,1,0.01
HDPE-153_jpg.rf.949965b70bc90347bf7151ad3a54ed71.jpg,1,0,0,1,0.01
HDPE-154_jpg.rf.934b5626115e8bf7335607a5f42d2b85.jpg,0,1,0,1,0.01
HDPE-156_jpg.rf.24eca8521712ec1fda3fb68054f40ec5.jpg,1,0,0,1,0.01
HDPE-157_jpg.rf.6e7905b285bbc37b6446ece342f664bd.jpg,1,0,0,1,0.01
HDPE-158_jpg.rf.241f8767671ff9c813d630326ebba35a.jpg,0,0,1,1,0.01
HDPE-159_jpg.rf.1b5a27ba30efdb13b2fcfdb013324828.jpg,1,0,0,1,0.01
HDPE-159_jpg.rf.d46e43e4eb961355d41a7967159351e3.jpg,1,0,0,1,0.01
HDPE-15_jpg.rf.269d254c7337bab4a967ee6502b3aef1.jpg,1,0,0,1,0.01
HDPE-15_jpg.rf.9d067360027b4fb671e4d22e7855de65.jpg,1,0,0,1,0.01
HDPE-160_jpg.rf.6a88303bc475025fa2ff8d69021a0437.jpg,0,1,0,1,0.01
HDPE-160_jpg.rf.c727f35709038822f53f1595b0c467b4.jpg,1,0,0,1,0.01
HDPE-161_jpg.rf.4d8c93eab98f32f3a97259595a5116d8.jpg,1,0,0,1,0.01
HDPE-162_jpg.rf.25bec57c4ee65f99d207844409d989d0.jpg,1,0,0,1,0.01
HDPE-162_jpg.rf.cb92aded51605dc86c5a1af7078e022f.jpg,1,0,0,1,0.01
HDPE-163_jpg.rf.c1dec60a8441c0ddf98ecba41d37c4cd.jpg,1,0,0,1,0.01
HDPE-163_jpg.rf.c1ecddbb40c069cd4fbf36d7f98ad8ce.jpg,1,0,0,1,0.01
HDPE-164_jpg.rf.2b9f6e5caf8f738d999b04ba50765c8f.jpg,1,0,0,1,0.01
HDPE-164_jpg.rf.c6ee74a8907cf03e6626de8e72566800.jpg,0,0,1,1,0.01
HDPE-165_jpg.rf.aed61995f8aab2b757c323f59cacb79a.jpg,1,0,0,1,0.01
HDPE-165_jpg.rf.db34395bd8ce7b0b4af8d273a0601263.jpg,0,1,0,1,0.01
HDPE-166_jpg.rf.19c97e7d2d249f32e485744f26f2d3e1.jpg,1,0,0,1,0.01
HDPE-166_jpg.rf.b679bf34848fbdf2ed93724606c49d8b.jpg,1,0,0,1,0.01
HDPE-168_jpg.rf.64f433707ea01978850d3fdb026662fb.jpg,1,0,0,1,0.01
HDPE-169_jpg.rf.86a50a8996a9912cfdbcf209b196873e.jpg,0,1,0,1,0.01
HDPE-169_jpg.rf.9c21cbb2477af433fdd9c022fd8b8d20.jpg,0,1,0,1,0.01
HDPE-16_jpg.rf.1b646bd1dde6144b7634ffd382111c0d.jpg,1,0,0,1,0.01
HDPE-16_jpg.rf.25871bc65e16860385bb90f5828b80ea.jpg,0,0,1,1,0.01
HDPE-16_jpg.rf.31a14eb6e5eecf1760475488726e7b87.jpg,1,0,0,1,0.01
HDPE-170_jpg.rf.b5290f5f9de8b8508572784d16d98cb7.jpg,0,0,1,1,0.01
HDPE-171_jpg.rf.21f76f4bc33669a8f7b35c1df44676d5.jpg,0,0,1,1,0.01
HDPE-171_jpg.rf.e3f056faf1afefd6f8d028320f0a6845.jpg,0,1,0,1,0.01
HDPE-172_jpg.rf.b19af26d9e99f276a90b5b1199320fd6.jpg,0,0,1,1,0.01
HDPE-172_jpg.rf.d6ed6c6941a2187121f94f7f19cc34e5.jpg,1,0,0,1,0.01
HDPE-173_jpg.rf.a37ea73279df138680f1b8c91a4d45d3.jpg,1,0,0,1,0.01
HDPE-173_jpg.rf.e41195f62ed3ca25db8e6d92e66576e3.jpg,0,0,1,1,0.01
HDPE-174_jpg.rf.5ae4e26c7f001a66ddc8e38ff27a7781.jpg,1,0,0,1,0.01
HDPE-175_jpg.rf.8416dd03044c339f9c268d22b9a5245c.jpg,0,0,1,1,0.01
HDPE-176_jpg.rf.5b92d5dd7f950d47f2ddaa21bbcd6b0d.jpg,0,1,0,1,0.01
HDPE-176_jpg.rf.ff24bf19ef93791238d74832ae495baa.jpg,1,0,0,1,0.01
HDPE-177_jpg.rf.1f0439dd8991fbd81b7811298f8aefeb.jpg,1,0,0,1,0.01
HDPE-177_jpg.rf.c923051f28883ed5f0d2991f94774fee.jpg,1,0,0,1,0.01
HDPE-178_jpg.rf.3925c4e0bdfc272255a7960fb5649f65.jpg,1,0,0,1,0.01
HDPE-179_jpg.rf.d5064704819a5df4a5323807f782ed7d.jpg,1,0,0,1,0.01
HDPE-179_jpg.rf.d691b77e1c80f4555e70a41bcbed766f.jpg,1,0,0,1,0.01
HDPE-17_jpg.rf.a6e0975b1c6ad065761ad5a22f8e35c2.jpg,1,0,0,1,0.01
HDPE-17_jpg.rf.fabae8713ed7b10f4745a1a8580f3aa6.jpg,1,0,0,1,0.01
HDPE-182_jpg.rf.4693d9f9bdab813870ff438f363dcca6.jpg,1,0,0,1,0.01
HDPE-183_jpg.rf.fe36b594a9f76da3b5862cbee29423f9.jpg,1,0,0,1,0.01
HDPE-184_jpg.rf.98f47c453de85e84e666ade96f9a58ea.jpg,1,0,0,1,0.01
HDPE-185_jpg.rf.366c12b8674f9dc7234acc2a8daef654.jpg,1,0,0,1,0.01
HDPE-186_jpg.rf.24ee0c8dc5533219c8227d0301431ace.jpg,1,0,0,1,0.01
HDPE-186_jpg.rf.c1ebe23132ea8ad2ecd364ea18005466.jpg,0,0,1,1,0.01
HDPE-187_jpg.rf.50d247910676707866cbe10f7740af6d.jpg,1,0,0,1,0.01
HDPE-188_jpg.rf.ab26629c1cd5c0519147efc286c0fa7c.jpg,0,0,1,1,0.01
HDPE-188_jpg.rf.caccb4fc168f2323349cc45be18db85c.jpg,1,0,0,1,0.01
HDPE-189_jpg.rf.383fb4d8d966bd4a63494e1fa668c7b7.jpg,1,0,0,1,0.01
HDPE-189_jpg.rf.5bfbf9db018fee218968f33ff0c9b6ca.jpg,0,0,1,1,0.01
HDPE-18_jpg.rf.80cc5c5236b00fc4d9291956dcba171f.jpg,1,0,0,1,0.01
HDPE-18_jpg.rf.911f6b92f3bf642c31d54bcf7989c16d.jpg,0,0,1,1,0.01
HDPE-191_jpg.rf.78808c72822085aca27e8397be0ddafa.jpg,1,0,0,1,0.01
HDPE-191_jpg.rf.eb66cf708f983c3d5c2cda5c6c45cf31.jpg,0,1,0,1,0.01
HDPE-192_jpg.rf.071a69e138d4a61ea73789ee56a3067f.jpg,1,0,0,1,0.01
HDPE-192_jpg.rf.cdcc3c00202d21d9f2ebc37225830e7c.jpg,0,0,1,1,0.01
HDPE-193_jpg.rf.32afe0134fc21b220a3bcb3cb540f790.jpg,1,0,0,1,0.01
HDPE-194_jpg.rf.76dc644e1f661cee3574c2b9719ec94d.jpg,0,1,0,1,0.01
HDPE-195_jpg.rf.23845b8b7aa4dc0e7600b30bde7f73e8.jpg,1,0,0,1,0.01
HDPE-195_jpg.rf.d9a1edac842afc1cd4afd0f60366147f.jpg,1,0,0,1,0.01
HDPE-196_jpg.rf.3ba56d3d7d00ab7b01cfb7d24a556f12.jpg,0,1,0,1,0.01
HDPE-197_jpg.rf.40daa143abb5c2d524e634afcf1ab5f1.jpg,1,0,0,1,0.01
HDPE-198_jpg.rf.11df099c2fe140a0ec9c03f12036a62f.jpg,0,0,1,1,0.01
HDPE-198_jpg.rf.d1be084d3923f45775a7542613f40f98.jpg,0,0,1,1,0.01
HDPE-199_jpg.rf.87d22906b4b1b47a67e79822a45914db.jpg,1,0,0,1,0.01
HDPE-199_jpg.rf.c95642899e848094e8f6074aa84d9d8f.jpg,1,0,0,1,0.01
HDPE-19_jpg.rf.4b34946085acd5d1d0dcf57ab9f18112.jpg,0,0,1,1,0.01
HDPE-19_jpg.rf.d6f5e0e1b5b646cf49b5f0ef1154c876.jpg,0,0,1,1,0.01
HDPE-1_jpg.rf.135da78a4d4450f387e7232f0b9374f2.jpg,1,0,0,1,0.01
HDPE-1_jpg.rf.24a3c60d1ccdf01dd5df31a01295222b.jpg,1,0,0,1,0.01
HDPE-1_jpg.rf.bc14df73c82305e923da829d6d58870a.jpg,1,0,0,1,0.01
HDPE-200_jpg.rf.61ab3e9fabd67ce3910327331d0c7be9.jpg,0,0,1,1,0.01
HDPE-201_jpg.rf.f038c432b311cf5f23fe03cb6a94aaae.jpg,1,0,0,1,0.01
HDPE-202_jpg.rf.ebb051e23d211c0789f8f00e379de8a2.jpg,1,0,0,1,0.01
HDPE-203_jpg.rf.371ff31b295f988b9945f79218b139b5.jpg,1,0,0,1,0.01
HDPE-203_jpg.rf.e663e2220385270bdf32e8eb24cc4485.jpg,1,0,0,1,0.01
HDPE-204_jpg.rf.001c1ac7ce753f428a2e26665f2aff5c.jpg,1,0,0,1,0.01
HDPE-206_jpg.rf.b718d99e83caabcb2d5c3c221b2e2a8c.jpg,1,0,0,1,0.01
HDPE-207_jpg.rf.441cf4113dc65a57da4c3b71b20f5023.jpg,1,0,0,1,0.01
HDPE-207_jpg.rf.df84f3697a7abd4c855a1e260ac6de41.jpg,1,0,0,1,0.01
HDPE-208_jpg.rf.3e54a19a460bf51110a2503dc20d4d83.jpg,0,0,1,1,0.01
HDPE-209_jpg.rf.24aca5b760703f5e3167270c32f7ffe5.jpg,1,0,0,1,0.01
HDPE-20_jpg.rf.3160a14e04269ff8e35b488ff34981de.jpg,0,0,1,1,0.01
HDPE-20_jpg.rf.c84af6be99789c4eb5a2392967c86f7a.jpg,1,0,0,1,0.01
HDPE-20_jpg.rf.e2b4ff0625cf2ad88a157ec6cb2643ff.jpg,1,0,0,1,0.01
HDPE-210_jpg.rf.ab84f794241f6f27796252381f95ef6d.jpg,1,0,0,1,0.01
HDPE-211_jpg.rf.97dad665ef40c36f5c09ecc0519e46be.jpg,1,0,0,1,0.01
HDPE-212_jpg.rf.f9b0de2ebd8b059e379e140fe483286f.jpg,1,0,0,1,0.01
HDPE-213_jpg.rf.2ed397834152c0a7b1eb1a4906b92a5b.jpg,1,0,0,1,0.01
HDPE-213_jpg.rf.cb56f5fb60c6bc838371f390381080cb.jpg,0,0,1,1,0.01
HDPE-214_jpg.rf.f0f9be05d7dd910056f4ff169ce37b60.jpg,1,0,0,1,0.01
HDPE-215_jpg.rf.cc529c0c1f796be1176aa7a06146a5c9.jpg,1,0,0,1,0.01
HDPE-217_jpg.rf.52f34a9a7066cff04155ea2ac6e1512d.jpg,1,0,0,1,0.01
HDPE-217_jpg.rf.d06b1229d12d991273563ab7d0eeadbf.jpg,1,0,0,1,0.01
HDPE-218_jpg.rf.4d38eb68c133aba9031f86a8a0a622d2.jpg,0,0,1,1,0.01
HDPE-218_jpg.rf.7da106ee5f8122bf0d9b5534505bacb5.jpg,0,0,1,1,0.01
HDPE-219_jpg.rf.1e7ddede1aede7ff96df847600768cf4.jpg,0,0,1,1,0.01
HDPE-219_jpg.rf.36936b683ebfe15d2d41063cd1bbcaf5.jpg,1,0,0,1,0.01
HDPE-21_jpg.rf.7f720be94796f55499c3cbd878b36fb6.jpg,1,0,0,1,0.01
HDPE-220_jpg.rf.a739600b9498115282dc7fba209ca83a.jpg,1,0,0,1,0.01
HDPE-221_jpg.rf.7b5dfaeca71d39f42927275f27bbe2f3.jpg,0,1,0,1,0.01
HDPE-222_jpg.rf.19329f86f0c9df53e3ec7dd44a1ced42.jpg,1,0,0,1,0.01
HDPE-224_jpg.rf.66eab1d9e6ceea9d84310a8203a0b4ce.jpg,1,0,0,1,0.01
HDPE-224_jpg.rf.6ba7723f46f0b04f52457602dcde847e.jpg,1,0,0,1,0.01
HDPE-225_jpg.rf.87ee83aed742d99427d2a1df15e65f7e.jpg,1,0,0,1,0.01
HDPE-226_jpg.rf.b37cd2a846dc82f60d489c744d605d81.jpg,1,0,0,1,0.01
HDPE-227_jpg.rf.0ac741019ad1fbe28dc35fdaf0c7b382.jpg,0,1,0,1,0.01
HDPE-227_jpg.rf.d6e411b0b4827f963efb37be3015982b.jpg,1,0,0,1,0.01
HDPE-228_jpg.rf.4ef7d0edb3771627d2fc962ee8dab5a5.jpg,1,0,0,1,0.01
HDPE-229_jpg.rf.2c715d13d0bb4411170e602ee168860d.jpg,1,0,0,1,0.01
HDPE-22_jpg.rf.0d6e992d1e507e8db3ebb7406de43cbc.jpg,1,0,0,1,0.01
HDPE-22_jpg.rf.2a9bc06e2dec585a3cfa02bcf839f1ea.jpg,0,0,1,1,0.01
HDPE-230_jpg.rf.41090abd5575c0a93701a290a939ffb4.jpg,1,0,0,1,0.01
HDPE-230_jpg.rf.80da2f1931c3099c68b768e3626e4564.jpg,1,0,0,1,0.01
HDPE-231_jpg.rf.3d7eeff228884f5cc1078e88c59ac3b8.jpg,1,0,0,1,0.01
HDPE-232_jpg.rf.4b240fe9fd49480071740953830e5c73.jpg,1,0,0,1,0.01
HDPE-232_jpg.rf.909e8cdabbe6868a53ddfe531b37660d.jpg,0,0,1,1,0.01
HDPE-233_jpg.rf.c5084edf76cbd19c2b1cbd8183727e71.jpg,1,0,0,1,0.01
HDPE-233_jpg.rf.cf569cc5416dca94c78d29e60080d7c7.jpg,0,0,1,1,0.01
HDPE-234_jpg.rf.987acc6623ebc20ab891d1502c2f21a8.jpg,1,0,0,1,0.01
HDPE-235_jpg.rf.8d89cdf94cf5f1807efd2ec4b9861582.jpg,0,0,1,1,0.01
HDPE-235_jpg.rf.dcb72bd99d24dc3df6410d4f7d05a371.jpg,1,0,0,1,0.01
HDPE-236_jpg.rf.a18339a93312043999a0d14bbfb2b348.jpg,1,0,0,1,0.01
HDPE-238_jpg.rf.701a6127a60093d90f3438f1478482c7.jpg,0,1,0,1,0.01
HDPE-23_jpg.rf.3889fd1ccef34ecc4da98f2be4cbdbaf.jpg,1,0,0,1,0.01
HDPE-23_jpg.rf.ed5f1195d16c67d7e90c39b2c98ce0e0.jpg,0,0,1,1,0.01
HDPE-23_jpg.rf.ee1bd9666ac5e915b9b499d5bf862414.jpg,1,0,0,1,0.01
HDPE-240_jpg.rf.0d260aaa9382634e67984a5b368377b1.jpg,1,0,0,1,0.01
HDPE-241_jpg.rf.5c2713783f7e196132af398ccfc8e27a.jpg,1,0,0,1,0.01
HDPE-241_jpg.rf.735b7797eafc04e1762ffd4950885ea9.jpg,1,0,0,1,0.01
HDPE-242_jpg.rf.19c442e409978b58fcd083d3964bfc4d.jpg,1,0,0,1,0.01
HDPE-242_jpg.rf.539ee2ead633421e5bf308de9e330b29.jpg,1,0,0,1,0.01
HDPE-243_jpg.rf.0fdfd18e81476692505104917f0d01d1.jpg,0,1,0,1,0.01
HDPE-244_jpg.rf.76a2626ac13d45fe4021c7c1550ffda4.jpg,1,0,0,1,0.01
HDPE-246_jpg.rf.dd6c67e6e7619b246382f2e3f66d5750.jpg,0,0,1,1,0.01
HDPE-247_jpg.rf.354fa2c68cca900988bf2825a96a7bbd.jpg,0,0,1,1,0.01
HDPE-248_jpg.rf.0f9b63172bfc8076dbdbc4ea4b38b748.jpg,1,0,0,1,0.01
HDPE-248_jpg.rf.64f652cff4b30cdf0ff98c6601c0a30b.jpg,0,1,0,1,0.01
HDPE-249_jpg.rf.e7efaa621b8f666f93c18b1c10fe6482.jpg,1,0,0,1,0.01
HDPE-24_jpg.rf.72ee97f0ccd4e2476af25904cc4278b7.jpg,1,0,0,1,0.01
HDPE-24_jpg.rf.c2d59279117300a358477ea9c422e448.jpg,1,0,0,1,0.01
HDPE-251_jpg.rf.b7ac94799ad328bb1f1e170f50bc18fb.jpg,1,0,0,1,0.01
HDPE-253_jpg.rf.1b954f8ddc4d6f7e1dd623145c480096.jpg,1,0,0,1,0.01
HDPE-253_jpg.rf.3293432ddec58a42ce836435e3184fd4.jpg,1,0,0,1,0.01
HDPE-254_jpg.rf.b32604fd6991a2a05c87211a9bbe6b62.jpg,1,0,0,1,0.01
HDPE-254_jpg.rf.d7b65eacfa7e46cf212a1cf741c05d74.jpg,1,0,0,1,0.01
HDPE-255_jpg.rf.6309a0261b83009c4a4cccbd5776e8fe.jpg,1,0,0,1,0.01
HDPE-255_jpg.rf.6bd35f8d68b6f48ca75ff0c9c52bc6c9.jpg,1,0,0,1,0.01
HDPE-256_jpg.rf.b4159027fbf8c3f09767c70dcd8ff1de.jpg,1,0,0,1,0.01
HDPE-257_jpg.rf.9a21de052e1c370522b7c3ba0097a639.jpg,0,0,1,1,0.01
HDPE-258_jpg.rf.5e1787907fdd8e06b658c4bd484c8a7a.jpg,0,0,1,1,0.01
HDPE-259_jpg.rf.cba8a2413b1e89140a6d22927e07882c.jpg,1,0,0,1,0.01
HDPE-25_jpg.rf.15e41569c56bde3ffac37cca79b50d81.jpg,0,1,0,1,0.01
HDPE-25_jpg.rf.59b32453adf2496a2ae8557e03e25c1b.jpg,1,0,0,1,0.01
HDPE-25_jpg.rf.739bcda9cd191f5565ec227520ba70a1.jpg,1,0,0,1,0.01
HDPE-260_jpg.rf.9d9ff3641290018ef8ea3cfe8015ff70.jpg,1,0,0,1,0.01
HDPE-262_jpg.rf.19e53afb298cc5035fe91804012e6ed9.jpg,1,0,0,1,0.01
HDPE-264_jpg.rf.0d4e6e981ab8fba204ab7e8c8cde6b30.jpg,0,0,1,1,0.01
HDPE-265_jpg.rf.16d688bfc2542f8b2f4fd9f8146cdfc7.jpg,1,0,0,1,0.01
HDPE-266_jpg.rf.3e0872d05c78c1d3c2691fcecef6d413.jpg,0,0,1,1,0.01
HDPE-267_jpg.rf.57503bde3d2f81533ac1c5f90e5e793c.jpg,1,0,0,1,0.01
HDPE-268_jpg.rf.5d1870f4319b89bb396287c2db8296f2.jpg,1,0,0,1,0.01
HDPE-269_jpg.rf.a85b246a54427fbf88768175af5f54de.jpg,0,1,0,1,0.01
HDPE-26_jpg.rf.16cb7e478f8d3c098ff5704b7d62fdb0.jpg,0,0,1,1,0.01
HDPE-26_jpg.rf.2141ee872146f0f339e918e695b5aee1.jpg,1,0,0,1,0.01
HDPE-271_jpg.rf.00bd91dec08ab14d1a80b2b46e80626a.jpg,1,0,0,1,0.01
HDPE-273_jpg.rf.85ede685be745186f232fb9cb234534e.jpg,1,0,0,1,0.01
HDPE-273_jpg.rf.ef0ce7877bed11fe33b304164052d5c4.jpg,1,0,0,1,0.01
HDPE-274_jpg.rf.f8def952d9dc7cf327615a0a81e44979.jpg,1,0,0,1,0.01
HDPE-275_jpg.rf.3f7e92cc959e32f41b9f3c8f5d19a371.jpg,0,1,0,1,0.01
HDPE-275_jpg.rf.789f3ebd31cd816dc0ca831a8f74e178.jpg,0,0,1,1,0.01
HDPE-276_jpg.rf.0acba88176d28e983610ff4f5b7f142f.jpg,1,0,0,1,0.01
HDPE-276_jpg.rf.89d53211163bd372c4229c990c83fabc.jpg,1,0,0,1,0.01
HDPE-277_jpg.rf.a51d313a71443c5e9cb24806550898a9.jpg,1,0,0,1,0.01
HDPE-278_jpg.rf.85201974b007f6dd6f18b8d06efb221d.jpg,1,0,0,1,0.01
HDPE-279_jpg.rf.0fd0b8fc61557826749df78ce2a9a484.jpg,1,0,0,1,0.01
HDPE-27_jpg.rf.5cabfad7b43a8a7736ab701f85346a55.jpg,1,0,0,1,0.01
HDPE-27_jpg.rf.95a0d3cd30509be6785bcfc55dd10a02.jpg,1,0,0,1,0.01
HDPE-27_jpg.rf.c4bda77d98881d80a5d3e8599e848b57.jpg,1,0,0,1,0.01
HDPE-280_jpg.rf.55475f9ab787d5fb60d0acd8d1b11015.jpg,1,0,0,1,0.01
HDPE-281_jpg.rf.b2736856d95e7792f1c6f498f9ddca43.jpg,0,0,1,1,0.01
HDPE-281_jpg.rf.da9a575871bda622c1b2ab7ed33f6ae8.jpg,1,0,0,1,0.01
HDPE-282_jpg.rf.da3373b8f25b2fd08be6155c6ed121fc.jpg,1,0,0,1,0.01
HDPE-283_jpg.rf.fdceeda76b6b0b280a4d47087ff72782.jpg,1,0,0,1,0.01
HDPE-284_jpg.rf.dc3ef5e330c977fdb8c8a84dcc2c9404.jpg,1,0,0,1,0.01
HDPE-285_jpg.rf.63d6488743f26ba626466f79bfde52a6.jpg,1,0,0,1,0.01
HDPE-286_jpg.rf.0cb58b7ed10770bda8c0d53acc2fc075.jpg,1,0,0,1,0.01
HDPE-286_jpg.rf.602f56b74733325c10ef1ba4514def9f.jpg,0,0,1,1,0.01
HDPE-287_jpg.rf.ecd8333b3550a1c818ebc7a2d579c4bf.jpg,1,0,0,1,0.01
HDPE-288_jpg.rf.74505d517c1e98dfeeb323581b2ae401.jpg,1,0,0,1,0.01
HDPE-288_jpg.rf.90e1273d082b52970856f9c27108b316.jpg,1,0,0,1,0.01
HDPE-289_jpg.rf.b4b293cc55c31a9f32c243802686238e.jpg,1,0,0,1,0.01
HDPE-28_jpg.rf.76831b8a52595512905c9f7b0cda45ee.jpg,1,0,0,1,0.01
HDPE-28_jpg.rf.c20b94a23989b4c7a5499198fa346a48.jpg,1,0,0,1,0.01
HDPE-290_jpg.rf.769cdefc798d900e7b523fd33b213995.jpg,0,0,1,1,0.01
HDPE-291_jpg.rf.1b10b3d773aa0b45cd324631f3d83782.jpg,1,0,0,1,0.01
HDPE-291_jpg.rf.66026b8051ee8b2e0f1d3d027eae7a2a.jpg,1,0,0,1,0.01
HDPE-292_jpg.rf.872681b1e452c6e5b14da7e439cf749c.jpg,0,0,1,1,0.01
HDPE-292_jpg.rf.c0a2acd0073f297347abe0dd2f9b2f98.jpg,1,0,0,1,0.01
HDPE-293_jpg.rf.d7a6a02db3dbf7e0489dac9c9d0cd8c1.jpg,1,0,0,1,0.01
HDPE-294_jpg.rf.5edc68bb581ffd2aeb48a623a77fb228.jpg,0,0,1,1,0.01
HDPE-295_jpg.rf.54b570e910abb3b35db89c6fee94ff39.jpg,0,0,1,1,0.01
HDPE-296_jpg.rf.bf51174ee5e5869ddd78e672b0578abe.jpg,1,0,0,1,0.01
HDPE-297_jpg.rf.01a51908bcd667eb040b6b72a7803379.jpg,1,0,0,1,0.01
HDPE-298_jpg.rf.3aefcc1089e59057e9408da7ec5bfb6c.jpg,0,0,1,1,0.01
HDPE-299_jpg.rf.b79668139a635976b8114aa10ae16262.jpg,1,0,0,1,0.01
HDPE-29_jpg.rf.006f5b39fac1d08d7bdf9a8d724ec073.jpg,1,0,0,1,0.01
HDPE-29_jpg.rf.2b339c64667986749ac5bb4eb3d256f9.jpg,1,0,0,1,0.01
HDPE-2_jpg.rf.4fc8b3b8e2be297dad0647640a200f63.jpg,1,0,0,1,0.01
HDPE-2_jpg.rf.6d162af43faa9233542dca6d9a1dbb52.jpg,1,0,0,1,0.01
HDPE-300_jpg.rf.7184add31dbbdde5edd8a2796b407bbb.jpg,1,0,0,1,0.01
HDPE-301_jpg.rf.27eb60b8ce705760bf0f3fae0b36f92a.jpg,0,0,1,1,0.01
HDPE-301_jpg.rf.fa07e50911f0d53cf3187983f9d4001e.jpg,0,0,1,1,0.01
HDPE-302_jpg.rf.d6095b84b8d0a09648cd6eb14aee4400.jpg,1,0,0,1,0.01
HDPE-303_jpg.rf.408b6a7bc75803093cae4eba5412fca5.jpg,1,0,0,1,0.01
HDPE-303_jpg.rf.44db0b81c235eb9621a2531ab695d8d2.jpg,1,0,0,1,0.01
HDPE-304_jpg.rf.37f10039df7ca91cd4cec8eb6588539d.jpg,1,0,0,1,0.01
HDPE-305_jpg.rf.4374c7a7b7bf1dfe22ecda40857f6ac5.jpg,1,0,0,1,0.01
HDPE-306_jpg.rf.5a6a5d8e6e2954a2f600afb23f7b9401.jpg,1,0,0,1,0.01
HDPE-306_jpg.rf.6d2c7f3963dc784d88a80c4518cae77a.jpg,1,0,0,1,0.01
HDPE-307_jpg.rf.492d124e98d2dd6b71d88df89e8bdee7.jpg,1,0,0,1,0.01
HDPE-309_jpg.rf.24c330b812d5407050847406d044755c.jpg,1,0,0,1,0.01
HDPE-309_jpg.rf.e16d1a42d2d7fb3a39db63af47f59880.jpg,0,0,1,1,0.01
HDPE-30_jpg.rf.73e0a189f425089e973f54e0aca6958e.jpg,1,0,0,1,0.01
HDPE-30_jpg.rf.dd484c618d2e22761a209aefe17f8048.jpg,0,0,1,1,0.01
HDPE-310_jpg.rf.56b49ae1d4a61869b86ba5aaa4f7d08e.jpg,0,0,1,1,0.01
HDPE-311_jpg.rf.b6833c46ea2948bfe655fdb3a9db3482.jpg,0,1,0,1,0.01
HDPE-312_jpg.rf.f9a63a2259c465f77e130b7ab0914f4b.jpg,1,0,0,1,0.01
HDPE-313_jpg.rf.1457724027c7fe007dd8a1351dcd9358.jpg,1,0,0,1,0.01
HDPE-314_jpg.rf.aecbc6d19856a0b8c52e7ebfc0d11a49.jpg,1,0,0,1,0.01
HDPE-314_jpg.rf.e54bab3a21e3024bb83d1c47184f5be1.jpg,0,1,0,1,0.01
HDPE-315_jpg.rf.55fac80197dd59b9c287f9d1393cc4a3.jpg,1,0,0,1,0.01
HDPE-315_jpg.rf.8ac9130e6ffe18407344262f1bdf1003.jpg,1,0,0,1,0.01
HDPE-316_jpg.rf.a86a1ce97e73e7c831a2c488d3f12f2b.jpg,0,1,0,1,0.01
HDPE-317_jpg.rf.5deb039210ba5daf9844585a86de78ee.jpg,1,0,0,1,0.01
HDPE-318_jpg.rf.c2a4864e2b11fd8ee3603312d44bbe4d.jpg,1,0,0,1,0.01
HDPE-319_jpg.rf.1f38428051ec213f102f7a218e145798.jpg,1,0,0,1,0.01
HDPE-319_jpg.rf.aa6538f7f40b134fe7de218cae305be2.jpg,0,0,1,1,0.01
HDPE-31_jpg.rf.7351bfe3d93ad50f6d80827d257f89f4.jpg,1,0,0,1,0.01
HDPE-31_jpg.rf.8f7d6c56223042b37959684b1a87bc11.jpg,1,0,0,1,0.01
HDPE-31_jpg.rf.9bbe5385cf55217828a6fe3bc9a9e315.jpg,1,0,0,1,0.01
HDPE-320_jpg.rf.9c7a609baf1605d82efa4b7f97b6c663.jpg,1,0,0,1,0.01
HDPE-321_jpg.rf.e79a92b9c1139b18cc3455d1562f1056.jpg,0,0,1,1,0.01
HDPE-322_jpg.rf.a1bfcb20a2f58dae3ce0f21afec28185.jpg,1,0,0,1,0.01
HDPE-322_jpg.rf.ba0e8aa5801cb8ed7d9f21161e5709a3.jpg,0,1,0,1,0.01
HDPE-323_jpg.rf.519fda37e3ba2b0c2bf2a37c28e86b1b.jpg,1,0,0,1,0.01
HDPE-324_jpg.rf.19aff86735c41ec0bfccd50533452989.jpg,1,0,0,1,0.01
HDPE-326_jpg.rf.2a6200d35eae26050a09b0e01f8e51c9.jpg,0,0,1,1,0.01
HDPE-327_jpg.rf.80dc354d73d4c54028192172791eb714.jpg,1,0,0,1,0.01
HDPE-328_jpg.rf.5060583ad336a4e54c02b14a0168b8dc.jpg,0,1,0,1,0.01
HDPE-329_jpg.rf.592aa5cb5c14626eeeab4bfbd8c37cd0.jpg,1,0,0,1,0.01
HDPE-32_jpg.rf.7b696849b3870274474a6cabed1754c3.jpg,1,0,0,1,0.01
HDPE-32_jpg.rf.fed092d10eac749f57a74ef47dd866f3.jpg,1,0,0,1,0.01
HDPE-330_jpg.rf.62c7e6893563edc7976110e3d0df7424.jpg,1,0,0,1,0.01
HDPE-331_jpg.rf.04baedc7b7fd0dafe58ada1ef5ea9d16.jpg,1,0,0,1,0.01
HDPE-331_jpg.rf.f387d218cdea9a0be13b5662f8a22ca0.jpg,1,0,0,1,0.01
HDPE-332_jpg.rf.5bbe6835c2aa808fd39a9a2c74c2129f.jpg,1,0,0,1,0.01
HDPE-333_jpg.rf.96cb9670bdab9388f6643df91e5c65e6.jpg,1,0,0,1,0.01
HDPE-335_jpg.rf.8105ba83dbe8edf71a19b226b3d4e64f.jpg,1,0,0,1,0.01
HDPE-336_jpg.rf.38d49a686568b05b753a2b15177d0ea9.jpg,0,0,1,1,0.01
HDPE-336_jpg.rf.c50d5fe182b2633404ed892880f3a791.jpg,0,1,0,1,0.01
HDPE-337_jpg.rf.0218a5a5ddf67691f3f0e255efa8a351.jpg,1,0,0,1,0.01
HDPE-337_jpg.rf.be1139186ec13a0b7096762f77e9a746.jpg,1,0,0,1,0.01
HDPE-338_jpg.rf.ec06dc4260e8a4e3240dfffcd552c285.jpg,0,0,1,1,0.01
HDPE-339_jpg.rf.ef70d21869e2f362055c7c0dcf26b140.jpg,1,0,0,1,0.01
HDPE-33_jpg.rf.0a67dcec50184e1e699b37f1dab21784.jpg,0,1,0,1,0.01
HDPE-33_jpg.rf.511b5d15489348410068760625751f2d.jpg,1,0,0,1,0.01
HDPE-340_jpg.rf.01bc3be6a079063fb388778b4268f208.jpg,1,0,0,1,0.01
HDPE-341_jpg.rf.1131967d0452bd8bd2f9857dd4541abf.jpg,1,0,0,1,0.01
HDPE-342_jpg.rf.7b5adbcd2d1bd4a589c8ae74ae8426ca.jpg,1,0,0,1,0.01
HDPE-343_jpg.rf.6e662a80bc9ec378bf57cea27e49ef57.jpg,1,0,0,1,0.01
HDPE-344_jpg.rf.b94ef1eced3a0f59d0d8c0147f02ef53.jpg,1,0,0,1,0.01
HDPE-345_jpg.rf.3184214790434de2724b7a156f95fb03.jpg,0,1,0,1,0.01
HDPE-346_jpg.rf.5770626ce8c1a383f7a78ac4b113dff5.jpg,0,1,0,1,0.01
HDPE-346_jpg.rf.a93d1c83f99456a950020526c952b91f.jpg,1,0,0,1,0.01
HDPE-347_jpg.rf.d6b6b63bf117c1e40d1c7d66be882225.jpg,1,0,0,1,0.01
HDPE-348_jpg.rf.2c541ddfec69feb0a3518da6883f2e7a.jpg,1,0,0,1,0.01
HDPE-348_jpg.rf.3b144cd10954027acb66a60a4f85d75c.jpg,1,0,0,1,0.01
HDPE-349_jpg.rf.7f99b24ce492019894c361310ddb6534.jpg,1,0,0,1,0.01
HDPE-34_jpg.rf.55820680a1e5279eb10b51d6ef1aa908.jpg,1,0,0,1,0.01
HDPE-34_jpg.rf.ceb8ae96e6b9c5a73ba24de3b850c445.jpg,1,0,0,1,0.01
HDPE-350_jpg.rf.51746766b9886d46cecfd0c3720a4b62.jpg,0,0,1,1,0.01
HDPE-351_jpg.rf.de1aa7c2afe4a112e4269809b2b2dc21.jpg,1,0,0,1,0.01
HDPE-352_jpg.rf.03820d04340475cffd9dabd0e40f2eea.jpg,1,0,0,1,0.01
HDPE-353_jpg.rf.12a4f89004082a60649afd3e22ed59e8.jpg,0,1,0,1,0.01
HDPE-353_jpg.rf.6f0e6c0c6c49e070c366f2bc92b00861.jpg,1,0,0,1,0.01
HDPE-354_jpg.rf.64b0b18c920d1013eecf6ac8df435e14.jpg,0,1,0,1,0.01
HDPE-355_jpg.rf.b5042b644bc543ad2b6429554f0a0b6c.jpg,1,0,0,1,0.01
HDPE-356_jpg.rf.58bfd3341bd1afd7f9bceca7807ef401.jpg,1,0,0,1,0.01
HDPE-357_jpg.rf.19b38caacd9725fc8133b2830d7b93c1.jpg,1,0,0,1,0.01
HDPE-358_jpg.rf.d804f55a31056f8a0430161921cc36fc.jpg,0,0,1,1,0.01
HDPE-358_jpg.rf.fb184955e0d0ff57cdece86c5bc5e6e8.jpg,1,0,0,1,0.01
HDPE-359_jpg.rf.cd5402eb515be4f2f6766d2b17719186.jpg,1,0,0,1,0.01
HDPE-35_jpg.rf.571b642e32356bd2567cc7d721eb8001.jpg,1,0,0,1,0.01
HDPE-35_jpg.rf.d6de399ecdd450c46a4787b07cf295da.jpg,1,0,0,1,0.01
HDPE-360_jpg.rf.9dca5ac6dc6db9cda4a7c29a008607d6.jpg,1,0,0,1,0.01
HDPE-361_jpg.rf.b919ba95b123f490788ff8d97fa31dd9.jpg,1,0,0,1,0.01
HDPE-362_jpg.rf.6882f1fa77f21c21b37d29addc54ed6f.jpg,1,0,0,1,0.01
HDPE-362_jpg.rf.b5d0371ce5896ee8c9342c0132c27719.jpg,1,0,0,1,0.01
HDPE-363_jpg.rf.e5acf418c7a8952b5d7ff493e2b3b6b3.jpg,1,0,0,1,0.01
HDPE-363_jpg.rf.eff075d343c2d63f8bab377d78b138ae.jpg,1,0,0,1,0.01
HDPE-364_jpg.rf.f66138f0b46c4e6b3d202ccb58ca312c.jpg,0,0,1,1,0.01
HDPE-365_jpg.rf.07349482364a37543aacb1c50ae8792b.jpg,0,0,1,1,0.01
HDPE-365_jpg.rf.d13ec778735f56a049eb0ed59415376a.jpg,0,0,1,1,0.01
HDPE-366_jpg.rf.22c639df00c41e7a85b65bf71ef20203.jpg,0,0,1,1,0.01
HDPE-367_jpg.rf.874b5a5a0c8317f3868843b3e44d3180.jpg,1,0,0,1,0.01
HDPE-367_jpg.rf.b3812183762568f070ef3149626c1d67.jpg,0,0,1,1,0.01
HDPE-368_jpg.rf.2e2c19b1c61c48d99890bc1424d43977.jpg,1,0,0,1,0.01
HDPE-368_jpg.rf.b49382395a0abb6de9ee0ecb884f63e9.jpg,1,0,0,1,0.01
HDPE-369_jpg.rf.e11acc85fc15ca64365a17c88f70b372.jpg,1,0,0,1,0.01
HDPE-36_jpg.rf.561e3653e34fbf8e2914af65ab080d85.jpg,1,0,0,1,0.01
HDPE-36_jpg.rf.91545dc13a73b7d9904706e2009aeabe.jpg,1,0,0,1,0.01
HDPE-36_jpg.rf.d4083a6e0a919aee4739f2b9bea41743.jpg,0,0,1,1,0.01
HDPE-370_jpg.rf.e0de2b621dcd9b2c94591559d43a26d9.jpg,1,0,0,1,0.01
HDPE-371_jpg.rf.0832455370861e9932d90a3d99483590.jpg,0,0,1,1,0.01
HDPE-371_jpg.rf.9c98530bff711f18fd4771318d56f897.jpg,1,0,0,1,0.01
HDPE-372_jpg.rf.70db412b1b86c8c7c3853260cc56758d.jpg,1,0,0,1,0.01
HDPE-373_jpg.rf.5e112a0ec285a2e16abbd282789b04a8.jpg,0,0,1,1,0.01
HDPE-374_jpg.rf.4d5e0ae60771a3a3fea1693ec4a49fcf.jpg,1,0,0,1,0.01
HDPE-374_jpg.rf.b09c8d9517f53e3b88b546f0d9759ac1.jpg,1,0,0,1,0.01
HDPE-376_jpg.rf.3e8c4f6d24e56e0fb570005f486a4ea8.jpg,1,0,0,1,0.01
HDPE-377_jpg.rf.3e7dfcbb36f2026c99978bf478d56885.jpg,0,0,1,1,0.01
HDPE-378_jpg.rf.acb85d59ffaa379dfb69a283336ce215.jpg,1,0,0,1,0.01
HDPE-379_jpg.rf.c1c1440dfa9f8c148e67bfadd7e95bd5.jpg,1,0,0,1,0.01
HDPE-37_jpg.rf.888dc757efdd6dea963e6c094c326ab9.jpg,1,0,0,1,0.01
HDPE-37_jpg.rf.b5e6a4dd2d80569d450065e58172dd76.jpg,1,0,0,1,0.01
HDPE-380_jpg.rf.3517e0d9a2deb6bf70c7914dac579954.jpg,1,0,0,1,0.01
HDPE-381_jpg.rf.9209e9dcdb1619dc524429e54d1dd489.jpg,0,0,1,1,0.01
HDPE-382_jpg.rf.8d6a9c0d9498ad85ab870ef4b0fb0c12.jpg,1,0,0,1,0.01
HDPE-383_jpg.rf.bab8ccec1d2c80c1f3e1572e9601661e.jpg,1,0,0,1,0.01
HDPE-385_jpg.rf.08198a7b01efd3c22d2f4488da0e926e.jpg,0,0,1,1,0.01
HDPE-387_jpg.rf.5774aeb6b93c90837e3eb6fad02bd075.jpg,1,0,0,1,0.01
HDPE-388_jpg.rf.5a531202c25c976ba966a0dfde6d4a0c.jpg,0,0,1,1,0.01
HDPE-389_jpg.rf.6c4c8a285a86ccfa77ff1cd0ec50480c.jpg,0,0,1,1,0.01
HDPE-38_jpg.rf.67017bda5033443f36ac59ca5e7b6915.jpg,1,0,0,1,0.01
HDPE-38_jpg.rf.8240c29fe91ab6435598d975bdeadb69.jpg,1,0,0,1,0.01
HDPE-38_jpg.rf.b098ebefd221972207027f6a9c8e829f.jpg,1,0,0,1,0.01
HDPE-390_jpg.rf.e6ff3da4cf9a74fa2c9dd262f335546e.jpg,0,0,1,1,0.01
HDPE-391_jpg.rf.2293e1c72507944dbbe75fb34485a59e.jpg,0,1,0,1,0.01
HDPE-391_jpg.rf.52a606913cc806b517e91572229e0bb4.jpg,1,0,0,1,0.01
HDPE-392_jpg.rf.c7881c65b2c6d41b0e440e2113997161.jpg,1,0,0,1,0.01
HDPE-393_jpg.rf.ae50d660f0ce48b28c2b420f6e364dc5.jpg,0,0,1,1,0.01
HDPE-394_jpg.rf.88f2976f822f781960c0381091301c10.jpg,1,0,0,1,0.01
HDPE-395_jpg.rf.d3a53a9578c02ff0eacd6845c030d6ef.jpg,1,0,0,1,0.01
HDPE-396_jpg.rf.aff1d5385bf231a3f663e3b5054e4c57.jpg,0,0,1,1,0.01
HDPE-397_jpg.rf.880c23ef541b7059856e43bd4782d902.jpg,1,0,0,1,0.01
HDPE-398_jpg.rf.536c436344c215f92ec5705eb401ae76.jpg,1,0,0,1,0.01
HDPE-398_jpg.rf.ee8a599e4c8972e9cbbfbefd3754263d.jpg,0,0,1,1,0.01
HDPE-399_jpg.rf.d3c507b33fa6f6f9f801be1997afcdb1.jpg,1,0,0,1,0.01
HDPE-399_jpg.rf.d7dc11a012d58833db8c819e4c3f604d.jpg,1,0,0,1,0.01
HDPE-39_jpg.rf.a38b8dee3c7078fee225fa44b05db93e.jpg,1,0,0,1,0.01
HDPE-39_jpg.rf.a5d45db074b377c9a1d4d1ba44b0e9a8.jpg,1,0,0,1,0.01
HDPE-3_jpg.rf.588b167a0450accd5fe7ec504ffd4461.jpg,1,0,0,1,0.01
HDPE-3_jpg.rf.6c19e0a98c134790c52ff6adec238207.jpg,0,0,1,1,0.01
HDPE-3_jpg.rf.c02b65e4d50f07361b60f480a36b31e0.jpg,0,1,0,1,0.01
HDPE-3_jpg.rf.f88d73cdfacd1be4e9e73c68ba8ce5a6.jpg,1,0,0,1,0.01
HDPE-400_jpg.rf.5ee98bcbef6bc0ab1eddef966d963cc2.jpg,1,0,0,1,0.01
HDPE-400_jpg.rf.ef77e6f07c9c671b03c8dd89d4f2b133.jpg,0,1,0,1,0.01
HDPE-401_jpg.rf.4071e3c755bf94f977a0b31754566284.jpg,1,0,0,1,0.01
HDPE-402_jpg.rf.6a1302fce79630636f8287eb9aafd5c6.jpg,1,0,0,1,0.01
HDPE-403_jpg.rf.7b3f97531ef61a05026ff05c56daf9ab.jpg,1,0,0,1,0.01
HDPE-403_jpg.rf.e1b06ea9bafa74dc84044097effc4432.jpg,0,1,0,1,0.01
HDPE-404_jpg.rf.c3a8b8e30bf38ccc8c5027f771a75343.jpg,1,0,0,1,0.01
HDPE-405_jpg.rf.57012fdf03eaf669f26fd0e9cc91dab2.jpg,1,0,0,1,0.01
HDPE-406_jpg.rf.b9e79cb8b4dd2e83fff82913d5899e87.jpg,1,0,0,1,0.01
HDPE-406_jpg.rf.c669dba5b4d337eac46946e21f3923fe.jpg,1,0,0,1,0.01
HDPE-407_jpg.rf.8e50248d1a84ca792c523bc132e59b6f.jpg,1,0,0,1,0.01
HDPE-407_jpg.rf.96b906fc5927caf01fc1efd8d36615df.jpg,1,0,0,1,0.01
HDPE-408_jpg.rf.b6d7856bca4f8b58b09989dbe6c934b0.jpg,1,0,0,1,0.01
HDPE-409_jpg.rf.5c983298a342a5d5bfc1f14a907233ac.jpg,1,0,0,1,0.01
HDPE-40_jpg.rf.62d8046774e46458c329c86115362830.jpg,1,0,0,1,0.01
HDPE-40_jpg.rf.d1a1032adc8e1eb4ea3519fec64eafd0.jpg,1,0,0,1,0.01
HDPE-40_jpg.rf.f3bdf22804d00cb0b97941746270884d.jpg,1,0,0,1,0.01
HDPE-410_jpg.rf.cfca2ed5ef03fbcbf77df56aeb00bd62.jpg,0,1,0,1,0.01
HDPE-411_jpg.rf.1b5cb2358b1b4b5f281870755bb06fd9.jpg,1,0,0,1,0.01
HDPE-411_jpg.rf.36344df4ddf966111a921cc38c18b846.jpg,0,0,1,1,0.01
HDPE-412_jpg.rf.329f4891a0c6cb55a41bfd48fda112ba.jpg,1,0,0,1,0.01
HDPE-413_jpg.rf.3d73775c825ae91be6101572500e12e7.jpg,1,0,0,1,0.01
HDPE-413_jpg.rf.c215a4fcc1a152e2bec457db6342243c.jpg,1,0,0,1,0.01
HDPE-414_jpg.rf.9311d4971766f74850a3a872529f92f2.jpg,1,0,0,1,0.01
HDPE-415_jpg.rf.3230935e3c15d899672d204c74a89247.jpg,1,0,0,1,0.01
HDPE-416_jpg.rf.d21dcf461d67bc77a22c2200d1eea972.jpg,1,0,0,1,0.01
HDPE-417_jpg.rf.bcac76ca81c299508d1af624dbb84a0e.jpg,1,0,0,1,0.01
HDPE-418_jpg.rf.aa431b7460b23f7e07744a9094d73a4d.jpg,1,0,0,1,0.01
HDPE-419_jpg.rf.c5fa854df9af54102b4d15ebaed7adb9.jpg,1,0,0,1,0.01
HDPE-41_jpg.rf.49c2fd5f9890d492da8794745e5ffb67.jpg,1,0,0,1,0.01
HDPE-41_jpg.rf.7523e7323096e7f715a57386480a96b5.jpg,1,0,0,1,0.01
HDPE-41_jpg.rf.c28763cbb4861cc3386f452eeb2b15a2.jpg,0,0,1,1,0.01
HDPE-420_jpg.rf.4df5b850935d211921ea057edab69c4d.jpg,0,0,1,1,0.01
HDPE-421_jpg.rf.aee4d4147f40926caa349f8190d5558e.jpg,1,0,0,1,0.01
HDPE-422_jpg.rf.c5e61ed7fe3ebc71eb2e8b1e4feabe5e.jpg,1,0,0,1,0.01
HDPE-422_jpg.rf.d63aef4244a777894dd896291424b13d.jpg,1,0,0,1,0.01
HDPE-423_jpg.rf.9179cc8fb035a99c5e63225d8eb6ef3c.jpg,1,0,0,1,0.01
HDPE-424_jpg.rf.42aa58c0e76f5a597d6cb9c90650d6bf.jpg,1,0,0,1,0.01
HDPE-425_jpg.rf.51be08760292af85cc8b43fa586b697d.jpg,0,0,1,1,0.01
HDPE-425_jpg.rf.ac42dece3e767a8cfef6efe66ed8fb06.jpg,1,0,0,1,0.01
HDPE-426_jpg.rf.251a198dd87e60adb14181c007046ea6.jpg,1,0,0,1,0.01
HDPE-427_jpg.rf.133a696419a9815b04b7caf422fd0317.jpg,0,1,0,1,0.01
HDPE-428_jpg.rf.44ad9ce5523bb680d76c03d3c77be555.jpg,1,0,0,1,0.01
HDPE-429_jpg.rf.9c811feba10f7ba0ccfe9898d851b8c0.jpg,1,0,0,1,0.01
HDPE-42_jpg.rf.e217794f5a4fdff43d54146508a25c10.jpg,0,0,1,1,0.01
HDPE-42_jpg.rf.efde1044b9583e62d5376bb7be1820be.jpg,1,0,0,1,0.01
HDPE-42_jpg.rf.f5beb77cf97ae469208a063ba4472975.jpg,1,0,0,1,0.01
HDPE-430_jpg.rf.216ba54441acd83398bf5214b0ebbcfc.jpg,0,0,1,1,0.01
HDPE-431_jpg.rf.92c6027599ae8ad9f51bb9f7a24e3de0.jpg,1,0,0,1,0.01
HDPE-432_jpg.rf.0ca03ea2007704212c5e3124d17dd484.jpg,0,1,0,1,0.01
HDPE-433_jpg.rf.2ec6bb05845be13eeddcce176d10bdef.jpg,1,0,0,1,0.01
HDPE-434_jpg.rf.995f04aa8e45ecff2b586cbfe82f8463.jpg,0,0,1,1,0.01
HDPE-435_jpg.rf.afc8472cc014641940acb49b8459e7ae.jpg,1,0,0,1,0.01
HDPE-436_jpg.rf.49c57c946c83c0fd26032e5057f5b15d.jpg,1,0,0,1,0.01
HDPE-436_jpg.rf.6202cdeab33f641b3bc8c2666b56497e.jpg,1,0,0,1,0.01
HDPE-437_jpg.rf.bb2a042bbb0ad56504149f46ad94bbad.jpg,0,0,1,1,0.01
HDPE-437_jpg.rf.d790a9ee42272eb22478dc5cec86e20e.jpg,0,1,0,1,0.01
HDPE-438_jpg.rf.6be5a8fe792c165c790cecdd577d7f9c.jpg,1,0,0,1,0.01
HDPE-438_jpg.rf.99d2117154f8028176248b454c05dc59.jpg,1,0,0,1,0.01
HDPE-439_jpg.rf.def43cf870ddaed8d36e8dde78e51594.jpg,1,0,0,1,0.01
HDPE-43_jpg.rf.9df9f9e6b456e8e35d3f0de653443966.jpg,1,0,0,1,0.01
HDPE-43_jpg.rf.c67069a821076857b5de87a2708303e8.jpg,1,0,0,1,0.01
HDPE-441_jpg.rf.c0c8b4b6ded0a1b992ff8da80f0874a2.jpg,1,0,0,1,0.01
HDPE-442_jpg.rf.ea3fc8cfb9c92dbc88006354f311c178.jpg,1,0,0,1,0.01
HDPE-444_jpg.rf.63f6d10b655ec17b996ef0567b590b68.jpg,1,0,0,1,0.01
HDPE-445_jpg.rf.05660cd1d71938eb96dd99a3cac9af34.jpg,1,0,0,1,0.01
HDPE-446_jpg.rf.289f28516bd58ba3522992c0fefef289.jpg,1,0,0,1,0.01
HDPE-446_jpg.rf.d06029fa7205e601498e1cc039acfc5f.jpg,0,0,1,1,0.01
HDPE-447_jpg.rf.438fd1ae5bd16123cca8d4cba71f8f12.jpg,1,0,0,1,0.01
HDPE-447_jpg.rf.54a6fb5d083b20c4ef30606f3d971732.jpg,1,0,0,1,0.01
HDPE-449_jpg.rf.54318e5944166e02c10f796060748264.jpg,1,0,0,1,0.01
HDPE-449_jpg.rf.a87a96c938dc0ba3699eb4c0b6b08a21.jpg,0,0,1,1,0.01
HDPE-44_jpg.rf.00009d2395456cab0a134af010dc739b.jpg,1,0,0,1,0.01
HDPE-44_jpg.rf.c6aad5dc4d602db4af0fdcddd5937219.jpg,0,0,1,1,0.01
HDPE-44_jpg.rf.d94185649b99dd34bff122db6893afa9.jpg,1,0,0,1,0.01
HDPE-450_jpg.rf.a7682db04c2d213d45fd7e838c8a2666.jpg,0,0,1,1,0.01
HDPE-450_jpg.rf.f437f30ae4b38c8575ed5c9f01be345b.jpg,1,0,0,1,0.01
HDPE-451_jpg.rf.20698c67c8a4ba5f348d696a8f03bf69.jpg,1,0,0,1,0.01
HDPE-451_jpg.rf.e5d09bc85ccc667001ee61faec4e8db6.jpg,1,0,0,1,0.01
HDPE-452_jpg.rf.d616437818ed3f365f58c49e7d700d7f.jpg,1,0,0,1,0.01
HDPE-453_jpg.rf.00a92c01e0fa8144863daaeb0cfe3779.jpg,1,0,0,1,0.01
HDPE-453_jpg.rf.b55d3c41807af8c679db1bcbfea5b77a.jpg,0,0,1,1,0.01
HDPE-454_jpg.rf.fbeb693ca3c40e7774df40f2837a860a.jpg,1,0,0,1,0.01
HDPE-455_jpg.rf.22a07b2a07ddd31b8be3c3b8d4c90965.jpg,0,0,1,1,0.01
HDPE-456_jpg.rf.4c4f25b61bc36a13336bf2cffaeb7b88.jpg,0,0,1,1,0.01
HDPE-457_jpg.rf.8dbe9e254f3b0216391092c89a5bc91f.jpg,1,0,0,1,0.01
HDPE-458_jpg.rf.b6b6fb4362fce2428a463767b78184fc.jpg,0,1,0,1,0.01
HDPE-459_jpg.rf.a92df3d24853c493e4cae3768302f668.jpg,1,0,0,1,0.01
HDPE-45_jpg.rf.d8a280187961545673b6fde208e0cbce.jpg,1,0,0,1,0.01
HDPE-45_jpg.rf.ee6c3610d17353f3aaee54a84117a0bc.jpg,1,0,0,1,0.01
HDPE-460_jpg.rf.06e98a6da962c8d13f32584559dca863.jpg,1,0,0,1,0.01
HDPE-460_jpg.rf.6b9a9667e7ad7f95fb634e102823c12c.jpg,1,0,0,1,0.01
HDPE-461_jpg.rf.15c677da9fc07a89a2feb80dbde204a7.jpg,0,0,1,1,0.01
HDPE-462_jpg.rf.f8cbfc6be4027c37fe3342a816b96890.jpg,0,0,1,1,0.01
HDPE-463_jpg.rf.f2373f8ed7648090541a69bbb1e154ae.jpg,0,0,1,1,0.01
HDPE-464_jpg.rf.5947d72de3cb15c8ee3c8d66bb0bac46.jpg,1,0,0,1,0.01
HDPE-465_jpg.rf.45893d6267821f16b18c3982e497e404.jpg,1,0,0,1,0.01
HDPE-466_jpg.rf.4aa141f49563a3d87f0703f24e46400b.jpg,1,0,0,1,0.01
HDPE-466_jpg.rf.d90f0dda48866a2eef613ecff46baba6.jpg,1,0,0,1,0.01
HDPE-467_jpg.rf.776fbdcba34a6ae4e02776d9880b5fa4.jpg,0,0,1,1,0.01
HDPE-468_jpg.rf.5f015989aafcaf819951b0bfdacfebb3.jpg,0,0,1,1,0.01
HDPE-469_jpg.rf.51255aca4629a2290fc4d8f5dee87407.jpg,0,0,1,1,0.01
HDPE-46_jpg.rf.7a34491b9afe98cd393460d56f517e9f.jpg,1,0,0,1,0.01
HDPE-46_jpg.rf.d1b2aab4cf91658e9d085803288e0a79.jpg,1,0,0,1,0.01
HDPE-46_jpg.rf.e3faa7858c9a299070d9cae71debb6c2.jpg,1,0,0,1,0.01
HDPE-470_jpg.rf.2915937a3df56160366cf732686ac67e.jpg,1,0,0,1,0.01
HDPE-471_jpg.rf.0cc16ca8c976dc759f2d7d697f1c348e.jpg,0,1,0,1,0.01
HDPE-471_jpg.rf.d609b34387f25a14a19e39dec758e8ab.jpg,0,0,1,1,0.01
HDPE-472_jpg.rf.02ee487d9308c3136b3c0c0a8f7f9986.jpg,1,0,0,1,0.01
HDPE-472_jpg.rf.4269f0ab7cdf6f7a47c3d8325cd59972.jpg,1,0,0,1,0.01
HDPE-473_jpg.rf.03407f7d575d0e164ffca7d5bb096b33.jpg,0,1,0,1,0.01
HDPE-473_jpg.rf.ca68af0e0e0eba5a97785d8f83917d24.jpg,1,0,0,1,0.01
HDPE-474_jpg.rf.c049b2d5717a4d0fdef49bc243827211.jpg,1,0,0,1,0.01
HDPE-475_jpg.rf.4f4153037a5cedd8cf5a4fb2d7c419b4.jpg,0,1,0,1,0.01
HDPE-475_jpg.rf.ba91a71cd5d880910e848f82d2d9c55a.jpg,1,0,0,1,0.01
HDPE-476_jpg.rf.1b72ccb64326531d5878f1b8c3b26d87.jpg,1,0,0,1,0.01
HDPE-477_jpg.rf.0bf0c1f3460a36b3fd22ff5e6eded18e.jpg,0,1,0,1,0.01
HDPE-478_jpg.rf.b4a46af3be8b055d21d546af066a98ad.jpg,1,0,0,1,0.01
HDPE-479_jpg.rf.93b870b48f74fa2efccbc1d8ea793445.jpg,1,0,0,1,0.01
HDPE-479_jpg.rf.9918f28f68ab12aafc2dff5232a393e8.jpg,1,0,0,1,0.01
HDPE-47_jpg.rf.51c1cb32158107531a0c9bf034ecaa1c.jpg,0,0,1,1,0.01
HDPE-47_jpg.rf.6e00349f74b55e96cab17d3c34772aee.jpg,1,0,0,1,0.01
HDPE-480_jpg.rf.abc66d08d8fc6d226959880c79722197.jpg,1,0,0,1,0.01
HDPE-480_jpg.rf.fce00cbc723968d005555feb58cb636b.jpg,1,0,0,1,0.01
HDPE-481_jpg.rf.461e2e1438fa20fbc02737a82ee6f0da.jpg,0,0,1,1,0.01
HDPE-482_jpg.rf.47843ea48fe9d1e3e7ae744e75f503f6.jpg,1,0,0,1,0.01
HDPE-482_jpg.rf.d8949a1adb5875d53be4db4781cf0808.jpg,1,0,0,1,0.01
HDPE-483_jpg.rf.0ec2f79697a8ae477db786c9ccd99bf1.jpg,0,0,1,1,0.01
HDPE-483_jpg.rf.9567940461c8d78601bca064d18f36bd.jpg,1,0,0,1,0.01
HDPE-484_jpg.rf.d0a3696545c0e466265e3e3dc424ca3a.jpg,1,0,0,1,0.01
HDPE-485_jpg.rf.c7aafb8af94a9845b33136738811035a.jpg,1,0,0,1,0.01
HDPE-487_jpg.rf.0d76661404bae9de3bb3634f37eb4484.jpg,1,0,0,1,0.01
HDPE-487_jpg.rf.bae4fc043f2041230f94b0172849d7d1.jpg,0,1,0,1,0.01
HDPE-488_jpg.rf.7a09c0aec542242964df48dc0cba41f5.jpg,0,0,1,1,0.01
HDPE-489_jpg.rf.9d2ae4361e400dde37b2a1cd016c1f50.jpg,1,0,0,1,0.01
HDPE-48_jpg.rf.8cbdc6d1ec0e9935e11fc5650040c20a.jpg,1,0,0,1,0.01
HDPE-48_jpg.rf.8e1cce4e6df53a774a776d2199c531d6.jpg,1,0,0,1,0.01
HDPE-48_jpg.rf.f718c130c3b99ef9e7c91fac56c4b435.jpg,0,0,1,1,0.01
HDPE-490_jpg.rf.64d61a67bb2275670d4ce7affa3dc6a3.jpg,1,0,0,1,0.01
HDPE-491_jpg.rf.63c15965409942791dedb1171b95246e.jpg,1,0,0,1,0.01
HDPE-492_jpg.rf.5184b58e8f944a298944fc1797c496dc.jpg,1,0,0,1,0.01
HDPE-492_jpg.rf.834cb9a1dfba923ea838c0f795005de1.jpg,0,0,1,1,0.01
HDPE-493_jpg.rf.62a343e482980017c2af41b09e90cda7.jpg,0,0,1,1,0.01
HDPE-494_jpg.rf.1dc330ea98a84305d09ff0cacc22655c.jpg,1,0,0,1,0.01
HDPE-495_jpg.rf.c20aa231382ef6fc1c7d6666946b1f81.jpg,1,0,0,1,0.01
HDPE-495_jpg.rf.f041fcee7b3f2c44b7d3f7cc9366a2fb.jpg,0,0,1,1,0.01
HDPE-496_jpg.rf.f9c322d1b3edacbd6965cfd82334e122.jpg,1,0,0,1,0.01
HDPE-497_jpg.rf.87dcaddc233de2a4fc27b54b828f8d25.jpg,1,0,0,1,0.01
HDPE-498_jpg.rf.e09c7497d3ac4eca015cd3f958e1c8a0.jpg,1,0,0,1,0.01
HDPE-499_jpg.rf.10941368d826195c8fc266c1d870a907.jpg,0,0,1,1,0.01
HDPE-49_jpg.rf.4ec72b01fa91791cd386c8b05a902a9b.jpg,1,0,0,1,0.01
HDPE-49_jpg.rf.60c65583d0acd2c588512a9958307af0.jpg,1,0,0,1,0.01
HDPE-4_jpg.rf.7abe7ad3a11b2c484a26b3f5c48fbf0d.jpg,1,0,0,1,0.01
HDPE-4_jpg.rf.aa91e4a855172463852d1d9cb755bf87.jpg,1,0,0,1,0.01
HDPE-4_jpg.rf.add4ba5c79353b0da670d88285a63a17.jpg,0,0,1,1,0.01
HDPE-500_jpg.rf.3797b42a70ff50f9c06f500fb52f97eb.jpg,0,0,1,1,0.01
HDPE-500_jpg.rf.4828b7eb8e394461c6e427ceb109ecf0.jpg,1,0,0,1,0.01
HDPE-501_jpg.rf.38a69fc67d2a00ab73b54ceaa39cff85.jpg,0,0,1,1,0.01
HDPE-502_jpg.rf.5350a7fd20b7d17c39648867a655dfeb.jpg,1,0,0,1,0.01
HDPE-502_jpg.rf.dc99212d5ecd22edddc96eeef4b4d4ac.jpg,1,0,0,1,0.01
HDPE-503_jpg.rf.cad014a2c6c1e0f3fe0f7ab3851acbe3.jpg,1,0,0,1,0.01
HDPE-504_jpg.rf.52f2848c4b5e02d49b8d624158dd90f7.jpg,0,1,0,1,0.01
HDPE-504_jpg.rf.a8cafd0b8dab5915def168f506f84b5f.jpg,0,0,1,1,0.01
HDPE-505_jpg.rf.09f47ecdf043aa437e2cba897504f6c7.jpg,0,0,1,1,0.01
HDPE-506_jpg.rf.b8c361835b4fe1e35c2e057041ed0cf3.jpg,1,0,0,1,0.01
HDPE-507_jpg.rf.06031b547791bae4cd388a2a12df3c92.jpg,0,1,0,1,0.01
HDPE-508_jpg.rf.719551a14f11117362ae433d7da1ab01.jpg,1,0,0,1,0.01
HDPE-509_jpg.rf.abd7d8b398fa43dec99f65932dbdc100.jpg,0,0,1,1,0.01
HDPE-50_jpg.rf.868ce8363d582955548cb46ddf379b53.jpg,1,0,0,1,0.01
HDPE-50_jpg.rf.bc6f457d1cf25d15fdad0fc3ff82d62d.jpg,1,0,0,1,0.01
HDPE-510_jpg.rf.cb60a7b21e147233250eb735790affe8.jpg,0,0,1,1,0.01
HDPE-512_jpg.rf.16f57f6fd6f542cb991777e5ccad11d5.jpg,1,0,0,1,0.01
HDPE-513_jpg.rf.df7b8c55f4e0757965fc1307f0f318fc.jpg,0,0,1,1,0.01
HDPE-514_jpg.rf.59a0ca1b4a41697c9e632f516796419d.jpg,0,1,0,1,0.01
HDPE-515_jpg.rf.cf1b3b0c35029a4979aa83e554075817.jpg,0,0,1,1,0.01
HDPE-516_jpg.rf.a16c7f431c2c5cf58f971e667c7ce81c.jpg,1,0,0,1,0.01
HDPE-516_jpg.rf.bf6329be15a522b36090511aad91906a.jpg,0,1,0,1,0.01
HDPE-517_jpg.rf.c45a1f23eb26d7b8a5eefca9e10de82f.jpg,1,0,0,1,0.01
HDPE-518_jpg.rf.427b442209a401231e5de0104ec598b2.jpg,1,0,0,1,0.01
HDPE-519_jpg.rf.33f6da5c7e9a93b23252e9db52e70774.jpg,1,0,0,1,0.01
HDPE-519_jpg.rf.4f3146eba9b6db19ba6a0eb3399b4037.jpg,1,0,0,1,0.01
HDPE-51_jpg.rf.dbb15ab1911ac7a0832e87e187c0c16e.jpg,1,0,0,1,0.01
HDPE-51_jpg.rf.e9a60240959448bdc7a1e4ea18c2f8d9.jpg,1,0,0,1,0.01
HDPE-520_jpg.rf.a083acfa9b6bf2ddaad22ee893e1fcea.jpg,0,1,0,1,0.01
HDPE-521_jpg.rf.a6a28dc909a917b7136993f1c45adb8a.jpg,1,0,0,1,0.01
HDPE-522_jpg.rf.39d0db6089dc3802ecdded8ad7afc727.jpg,0,0,1,1,0.01
HDPE-523_jpg.rf.592eeabc13f4323ec8d5e25273c6b5a2.jpg,0,0,1,1,0.01
HDPE-524_jpg.rf.71fe80e236658f6a1d6e14e1746ceb80.jpg,1,0,0,1,0.01
HDPE-525_jpg.rf.d0035371c3d32b01e36010ec9a1070d2.jpg,0,0,1,1,0.01
HDPE-526_jpg.rf.acc12a7addd0accd3b28d849010721c5.jpg,1,0,0,1,0.01
HDPE-528_jpg.rf.dce2b0b18f9e690cbcea9dce795ae4aa.jpg,1,0,0,1,0.01
HDPE-529_jpg.rf.868e03c9584eaa13abab800115836d8e.jpg,1,0,0,1,0.01
HDPE-52_jpg.rf.5ee9832224213b80efb7db625434bd60.jpg,1,0,0,1,0.01
HDPE-52_jpg.rf.d036fa4a6bf3ca3b6e0a39dc7b461ba2.jpg,0,0,1,1,0.01
HDPE-530_jpg.rf.0f403c3bc549785bbac1735a34bacb88.jpg,1,0,0,1,0.01
HDPE-531_jpg.rf.29466b73fcabff1186dd7d6cd0596ebf.jpg,0,0,1,1,0.01
HDPE-532_jpg.rf.3ff8fbf79da0669c0988dd12f733b40a.jpg,1,0,0,1,0.01
HDPE-533_jpg.rf.785f7cbdd2ca1a03ac8eddc9694d4bd8.jpg,0,0,1,1,0.01
HDPE-533_jpg.rf.eb4f5fdc254ccbc8b6bd3657a72af613.jpg,0,1,0,1,0.01
HDPE-534_jpg.rf.41569fc12cee00b27acf0573da9687fb.jpg,0,1,0,1,0.01
HDPE-534_jpg.rf.82cd4068c40f1d8eb8363ff9055f8992.jpg,1,0,0,1,0.01
HDPE-535_jpg.rf.cac52e6e1e9bb1121d8fd4cd68c05bd0.jpg,0,0,1,1,0.01
HDPE-536_jpg.rf.a95d57e16ee226d48e4fd999b4f60ab8.jpg,0,0,1,1,0.01
HDPE-537_jpg.rf.3e10b4a518f6d652a2a3cdf2ecc3cd5d.jpg,1,0,0,1,0.01
HDPE-538_jpg.rf.320c39aad88e2c4868969c8e1559e361.jpg,1,0,0,1,0.01
HDPE-538_jpg.rf.c16b3b3c9c981a4d0efd21a5fc2d7980.jpg,1,0,0,1,0.01
HDPE-539_jpg.rf.4d54e93087c3b962d25287253ae2b414.jpg,1,0,0,1,0.01
HDPE-539_jpg.rf.79d1bf15ace3622107d1f927bb019e0d.jpg,1,0,0,1,0.01
HDPE-53_jpg.rf.018e112a3e142dc6f4128630f4592aa1.jpg,1,0,0,1,0.01
HDPE-53_jpg.rf.01c3c67dd2cebb63c8cd73b8bb3a6d14.jpg,1,0,0,1,0.01
HDPE-53_jpg.rf.a810b78f820cb296a98c7c1f79702230.jpg,1,0,0,1,0.01
HDPE-540_jpg.rf.96fb1fcb0c871ea553904f46ee20babe.jpg,1,0,0,1,0.01
HDPE-541_jpg.rf.f06727510dd539c628121be0b1cce260.jpg,1,0,0,1,0.01
HDPE-542_jpg.rf.4ba31e6804efd43517f03a2623bd5907.jpg,1,0,0,1,0.01
HDPE-543_jpg.rf.d7c5d6c0935b4a872a3944193181731a.jpg,1,0,0,1,0.01
HDPE-544_jpg.rf.b7fff484818440219cf6b38242195f08.jpg,0,0,1,1,0.01
HDPE-545_jpg.rf.da285d38867085745e60a5a9f7785db1.jpg,0,1,0,1,0.01
HDPE-546_jpg.rf.87fd13ec5584655ccf16bc6e75e06a33.jpg,1,0,0,1,0.01
HDPE-547_jpg.rf.6741acbe602353f87e8fa7f88cf09484.jpg,1,0,0,1,0.01
HDPE-548_jpg.rf.71a80425c660e08776e4a434b5f9f8d5.jpg,1,0,0,1,0.01
HDPE-549_jpg.rf.91a3d7557243c781af59f721dceda1e7.jpg,1,0,0,1,0.01
HDPE-54_jpg.rf.e468ec90aafd749d648fb661ac46c8e3.jpg,1,0,0,1,0.01
HDPE-54_jpg.rf.fcccae1384a9f3d3f20a8bd0162b0705.jpg,0,0,1,1,0.01
HDPE-550_jpg.rf.656a248803322a726f23c80b76e993c6.jpg,1,0,0,1,0.01
HDPE-551_jpg.rf.47bc5e07d1bdcdc7f82f5e86b7698233.jpg,1,0,0,1,0.01
HDPE-552_jpg.rf.f71b45c95f524e3a56cbebca253205bb.jpg,1,0,0,1,0.01
HDPE-554_jpg.rf.6adf6bb5b75f6ffccfbbc73dec11c2bd.jpg,1,0,0,1,0.01
HDPE-555_jpg.rf.ae786e83948217da661315b4f8a9f6b7.jpg,1,0,0,1,0.01
HDPE-556_jpg.rf.0d87f4db354772d7696ee3133473166b.jpg,1,0,0,1,0.01
HDPE-557_jpg.rf.60ad412ce600c62d24abe6140134d07b.jpg,1,0,0,1,0.01
HDPE-558_jpg.rf.7d1dd5712e00e4655c039e7b622f4a95.jpg,1,0,0,1,0.01
HDPE-559_jpg.rf.da9c8232fb828ba769f22739f2668684.jpg,1,0,0,1,0.01
HDPE-55_jpg.rf.506b5f2872ca7a90512e4daac312a479.jpg,0,0,1,1,0.01
HDPE-55_jpg.rf.a9505d3be8b040147da7ef75d39b8bdd.jpg,0,1,0,1,0.01
HDPE-55_jpg.rf.b0d2838e21435a135403e9240360806e.jpg,1,0,0,1,0.01
HDPE-560_jpg.rf.afacd0694234935ed4d213e1094ffce3.jpg,1,0,0,1,0.01
HDPE-560_jpg.rf.c069537304c7117990867c5f1ad411af.jpg,1,0,0,1,0.01
HDPE-561_jpg.rf.55fd9e1b758e7d43dc89c8ca0f5a3a71.jpg,0,1,0,1,0.01
HDPE-562_jpg.rf.0b4f3250989caf42d2a0dc257da03965.jpg,1,0,0,1,0.01
HDPE-563_jpg.rf.aefeb604d0645b32ccfc510e1115984b.jpg,1,0,0,1,0.01
HDPE-564_jpg.rf.1af32d937941a5b943df38745de1a4b4.jpg,1,0,0,1,0.01
HDPE-565_jpg.rf.5c3407f85bda4af6aaa9084166a72706.jpg,0,0,1,1,0.01
HDPE-566_jpg.rf.4a1cab54b95f9ebc7725b295f9a323de.jpg,1,0,0,1,0.01
HDPE-566_jpg.rf.8417ae1f596557fa1d85c8fa554593ca.jpg,1,0,0,1,0.01
HDPE-567_jpg.rf.dd988c17e426ad658fac011929a475a5.jpg,1,0,0,1,0.01
HDPE-569_jpg.rf.13fe2083b4335fa3a45b513d766d0f11.jpg,1,0,0,1,0.01
HDPE-56_jpg.rf.b434dc0b98dfea16782f885343279e11.jpg,1,0,0,1,0.01
HDPE-56_jpg.rf.bc9f110f47d93ea25282d5f8343b8f0a.jpg,1,0,0,1,0.01
HDPE-570_jpg.rf.12955d9fcce7fd398dba5cd524e0a280.jpg,0,0,1,1,0.01
HDPE-571_jpg.rf.4ff2f8f577513040fd9fe274612e3e9f.jpg,1,0,0,1,0.01
HDPE-572_jpg.rf.505224f841c3fb5c43ec4e0fc8f95ad9.jpg,1,0,0,1,0.01
HDPE-574_jpg.rf.537ab33b6c77bbcaee298a8e05975b23.jpg,1,0,0,1,0.01
HDPE-574_jpg.rf.803f685b53a49b6abbb8dc76841bb209.jpg,1,0,0,1,0.01
HDPE-575_jpg.rf.4a0304fc8ff560b8a99d6790c4853641.jpg,1,0,0,1,0.01
HDPE-577_jpg.rf.8e1104bc5d120af040529ba30250e713.jpg,0,1,0,1,0.01
HDPE-578_jpg.rf.a2c62defd2a855e33a728492f7efb29a.jpg,1,0,0,1,0.01
HDPE-579_jpg.rf.638a70eb1fce867677fafec81654189a.jpg,0,0,1,1,0.01
HDPE-57_jpg.rf.865e39afcfa85b249c59e5b44f1527f3.jpg,1,0,0,1,0.01
HDPE-57_jpg.rf.9a876685f62f91234474fdc9922c9f97.jpg,1,0,0,1,0.01
HDPE-57_jpg.rf.9d6360ab8cb51284591116de6d50035b.jpg,1,0,0,1,0.01
HDPE-580_jpg.rf.d45c7b84bc70d553ef0914456de7a824.jpg,1,0,0,1,0.01
HDPE-581_jpg.rf.38d17cc2b69e941091a78497a3c3b0ef.jpg,0,0,1,1,0.01
HDPE-582_jpg.rf.828768db4d89b82840c4838e1bfff3e8.jpg,0,0,1,1,0.01
HDPE-583_jpg.rf.a793b3a80c7d7f840464418abe27f05d.jpg,0,0,1,1,0.01
HDPE-584_jpg.rf.65f0fb4f1bdfb810da4666a5001f62fd.jpg,1,0,0,1,0.01
HDPE-584_jpg.rf.a8cf0f4245d7dd6c586a44d49ad9d1eb.jpg,1,0,0,1,0.01
HDPE-585_jpg.rf.c599e471abf552095f922ddcfb4c4231.jpg,1,0,0,1,0.01
HDPE-586_jpg.rf.6056966f9b59b45a567c01f293c3665a.jpg,1,0,0,1,0.01
HDPE-587_jpg.rf.b95d4b8ba61a137c1633f4242a425da8.jpg,1,0,0,1,0.01
HDPE-587_jpg.rf.f3872ee85e3ecd06f0d3d479416b320e.jpg,1,0,0,1,0.01
HDPE-588_jpg.rf.15f89d6788e34354c9ac54f25d41c53d.jpg,0,0,1,1,0.01
HDPE-588_jpg.rf.1bc7e70e1f4cfdda7742ff4aae46379c.jpg,0,0,1,1,0.01
HDPE-589_jpg.rf.4417ae61a10b39e9d9ab9629cd7ca7f7.jpg,1,0,0,1,0.01
HDPE-589_jpg.rf.f8746862160c396cf3d88df5b46197cc.jpg,0,0,1,1,0.01
HDPE-58_jpg.rf.0d067238e58e9499157bbfee473d15e8.jpg,1,0,0,1,0.01
HDPE-590_jpg.rf.bba67691559838bbd6879c0df05f3c90.jpg,1,0,0,1,0.01
HDPE-591_jpg.rf.89edfabaea807341e7fa3ea37fa55a15.jpg,1,0,0,1,0.01
HDPE-591_jpg.rf.f67406ac81271aa4e9907d1f89a2546b.jpg,1,0,0,1,0.01
HDPE-592_jpg.rf.b87d239abd9d70b6a2a210f5f1f61086.jpg,1,0,0,1,0.01
HDPE-593_jpg.rf.b5ec2edee22b18c4086fa35632fa9d29.jpg,0,0,1,1,0.01
HDPE-594_jpg.rf.3ed4e84b2433b2e05ada25de9837d450.jpg,1,0,0,1,0.01
HDPE-594_jpg.rf.b99eda20f6687b9daaefbdd55512d4a8.jpg,0,0,1,1,0.01
HDPE-595_jpg.rf.6d8cce99417a9d82f3d9c3e3e04f06f2.jpg,1,0,0,1,0.01
HDPE-596_jpg.rf.ad67440f2233f5530ecae960b81b039c.jpg,1,0,0,1,0.01
HDPE-597_jpg.rf.26ceb5a6267d806e52998710573c0e22.jpg,1,0,0,1,0.01
HDPE-597_jpg.rf.fcee47157df6968d1da37eb061a5b27a.jpg,0,0,1,1,0.01
HDPE-598_jpg.rf.a13b1d554cfadbe7ce2b1115f36f9ae9.jpg,1,0,0,1,0.01
HDPE-599_jpg.rf.ba49eccd41d155faea9c0674650f271f.jpg,0,0,1,1,0.01
HDPE-59_jpg.rf.0480e9b6544aabff3974b273038a63e7.jpg,1,0,0,1,0.01
HDPE-59_jpg.rf.7669dc12f96d5c41b47e27cf109b8883.jpg,1,0,0,1,0.01
HDPE-5_jpg.rf.2386820a6b30c4773e48815d2411e798.jpg,1,0,0,1,0.01
HDPE-5_jpg.rf.660920b148c2686c0e7af237c5bd001d.jpg,1,0,0,1,0.01
HDPE-5_jpg.rf.ce54c9d262d9db40d0dbf216ea430aab.jpg,1,0,0,1,0.01
HDPE-600_jpg.rf.c966f9b2ae7a076457377856a4941f0f.jpg,1,0,0,1,0.01
HDPE-600_jpg.rf.f726be48aff06ec509f94616e326dbfb.jpg,1,0,0,1,0.01
HDPE-601_jpg.rf.087ac3006c1671d0bff37d3afccb82e8.jpg,0,0,1,1,0.01
HDPE-601_jpg.rf.e7c1575935fdc9ee108159d9b6f6c344.jpg,0,0,1,1,0.01
HDPE-602_jpg.rf.21a1674085e99dcbfa4457ac1ea3276c.jpg,1,0,0,1,0.01
HDPE-602_jpg.rf.caf8b7d6fe59ee04e1eb85994a1113ef.jpg,1,0,0,1,0.01
HDPE-603_jpg.rf.907050da421d901cf9609f424f3d651c.jpg,1,0,0,1,0.01
HDPE-604_jpg.rf.16ef6fe2ac5e7e2ddd7f7b15784db73d.jpg,0,0,1,1,0.01
HDPE-605_jpg.rf.407fcc3eab8c30c59f909daf9b787aa9.jpg,0,1,0,1,0.01
HDPE-605_jpg.rf.bf3a96e882228075c22c9baab7fc07b6.jpg,0,1,0,1,0.01
HDPE-606_jpg.rf.08eb37bcbc6a2624612331fbef5aec51.jpg,1,0,0,1,0.01
HDPE-607_jpg.rf.2e61914ce55a84e2dec3373c78dee02c.jpg,0,0,1,1,0.01
HDPE-607_jpg.rf.4dd47e717ca17fabd105cd94ed73b608.jpg,1,0,0,1,0.01
HDPE-608_jpg.rf.f0850c05fd6f0e19b1f85271ebdfc91d.jpg,1,0,0,1,0.01
HDPE-609_jpg.rf.49389a1d2e45dd0a8c63560ca8561617.jpg,0,0,1,1,0.01
HDPE-60_jpg.rf.6f1365d26fd105a530bc753a4b89159f.jpg,0,1,0,1,0.01
HDPE-60_jpg.rf.e6a0ac10c53dac9adb0958ebfb795cda.jpg,1,0,0,1,0.01
HDPE-610_jpg.rf.67989f75c5701eaabdb20848a2fdb654.jpg,0,0,1,1,0.01
HDPE-611_jpg.rf.01a3f6ed1eddbe16a11836800cd298ff.jpg,1,0,0,1,0.01
HDPE-612_jpg.rf.630def28a6106614f4557ddf8431d9a2.jpg,1,0,0,1,0.01
HDPE-613_jpg.rf.6e62aa9a01f9ade2939a6429bdd26d52.jpg,1,0,0,1,0.01
HDPE-614_jpg.rf.97bacfe6336937c161624a34a001802c.jpg,0,1,0,1,0.01
HDPE-615_jpg.rf.ea4474dbe25074bb715b609f6c0678fe.jpg,0,0,1,1,0.01
HDPE-616_jpg.rf.538633951b03df60e78f4538d1369ca0.jpg,1,0,0,1,0.01
HDPE-616_jpg.rf.947e9da5b7ff6bfb525f811ae5185799.jpg,1,0,0,1,0.01
HDPE-617_jpg.rf.5c32a3815f0bb5c6906df9ab5a39853b.jpg,1,0,0,1,0.01
HDPE-617_jpg.rf.cf6a095d79155413e7899cff5ebe7586.jpg,1,0,0,1,0.01
HDPE-618_jpg.rf.ce9d8a9da15f8b039fcfa9f676862c2f.jpg,1,0,0,1,0.01
HDPE-619_jpg.rf.c97f338a453f0b9a95e8895cdced715c.jpg,0,1,0,1,0.01
HDPE-61_jpg.rf.142449de435f3d65539bbd10caff44c3.jpg,1,0,0,1,0.01
HDPE-61_jpg.rf.671fb861a3fcf87723569af688ea84f5.jpg,1,0,0,1,0.01
HDPE-61_jpg.rf.fb52927dc1bad4d1bb59403581abafdc.jpg,1,0,0,1,0.01
HDPE-620_jpg.rf.0a63f1b1f477fa3f740780f9f82177da.jpg,1,0,0,1,0.01
HDPE-620_jpg.rf.cab361907732f9fdcf9ecbe48e735144.jpg,1,0,0,1,0.01
HDPE-621_jpg.rf.bbd6d3e0543cbf0881162ae111e24fd5.jpg,1,0,0,1,0.01
HDPE-623_jpg.rf.9ba3a30a9a6fd8e4e5e79290653df988.jpg,1,0,0,1,0.01
HDPE-623_jpg.rf.f5bd3acf3c21c8dc7e4357d7f386fb1e.jpg,1,0,0,1,0.01
HDPE-624_jpg.rf.9ae01977b89178f7d1ab840b1aa73d54.jpg,1,0,0,1,0.01
HDPE-625_jpg.rf.9638b8a6cdac7560a26583e8634d72c6.jpg,0,1,0,1,0.01
HDPE-626_jpg.rf.c36743fe6bcb3918fe1d844cd5a2c083.jpg,1,0,0,1,0.01
HDPE-627_jpg.rf.e6b97946243a643a278d0cac86e61baf.jpg,0,1,0,1,0.01
HDPE-628_jpg.rf.af63b264541bfd60fcea06b5ce3e7792.jpg,1,0,0,1,0.01
HDPE-629_jpg.rf.f8a8f665e5a3456e8495b6962cc79f9a.jpg,1,0,0,1,0.01
HDPE-62_jpg.rf.4e6cafb69949980d2833bb3d4c8c67e1.jpg,1,0,0,1,0.01
HDPE-62_jpg.rf.8930c772eaa817d9c121ecbaec8aa732.jpg,0,0,1,1,0.01
HDPE-62_jpg.rf.8cb64e089b4fe72968e95b8bb0045ba2.jpg,1,0,0,1,0.01
HDPE-630_jpg.rf.db76b130cf5b55d0e345a09c07ab97a0.jpg,1,0,0,1,0.01
HDPE-631_jpg.rf.f4476bf1d4a4d8f8ea9df75a8d6c6a19.jpg,1,0,0,1,0.01
HDPE-632_jpg.rf.85fba458c6bcc1760ced3fd05df9b0e0.jpg,0,1,0,1,0.01
HDPE-632_jpg.rf.d71c763132fbeb7454cc433417b32fd7.jpg,0,0,1,1,0.01
HDPE-633_jpg.rf.2d7ef7e17942b9a72e79bf1ba5c06839.jpg,1,0,0,1,0.01
HDPE-633_jpg.rf.ca0f2826eca90f2eba25f6b4a9a31bba.jpg,1,0,0,1,0.01
HDPE-634_jpg.rf.29b3aae442fe95c0bca67b94fc02d8ac.jpg,0,1,0,1,0.01
HDPE-634_jpg.rf.6b6ee5ff5bb4e131957c7244cf43c7e0.jpg,1,0,0,1,0.01
HDPE-635_jpg.rf.9f0385c6334f729cd63505e8cfeda149.jpg,1,0,0,1,0.01
HDPE-635_jpg.rf.b218f2f5d3716d479dfa9a149d07ef70.jpg,0,1,0,1,0.01
HDPE-636_jpg.rf.03bd2605cce18b4bb78752399083fad7.jpg,1,0,0,1,0.01
HDPE-637_jpg.rf.8b790fcca7e366f9d5aacc70fba6568b.jpg,0,1,0,1,0.01
HDPE-638_jpg.rf.61e3c7f8eb764e3d20e217f2f7652ee3.jpg,0,1,0,1,0.01
HDPE-639_jpg.rf.eb6721a427e491abb371ed8af9544bd7.jpg,1,0,0,1,0.01
HDPE-63_jpg.rf.5eb8158e6fd9a989f632878605cc1bd6.jpg,0,0,1,1,0.01
HDPE-63_jpg.rf.9bc8fddca0ec506e06cc6b82cf74b76a.jpg,1,0,0,1,0.01
HDPE-640_jpg.rf.7d0658598127ac71232c1c06a74fdf59.jpg,1,0,0,1,0.01
HDPE-641_jpg.rf.17d32d5093db125e00828fd02e6646f8.jpg,1,0,0,1,0.01
HDPE-642_jpg.rf.a50ea3a68ae962d7b89955979bda14cc.jpg,1,0,0,1,0.01
HDPE-643_jpg.rf.a32f1afaa05c9c9a64f8102d13cc070c.jpg,1,0,0,1,0.01
HDPE-644_jpg.rf.ad37c8ef810b3b8faf67bb86c8b38626.jpg,1,0,0,1,0.01
HDPE-645_jpg.rf.49ac472ad2ad8c67113d8bec59f1d65c.jpg,0,0,1,1,0.01
HDPE-646_jpg.rf.586a6c439890f9e47e05b10a10d1da8b.jpg,1,0,0,1,0.01
HDPE-647_jpg.rf.99fbdef74171186f68591b7de91461be.jpg,1,0,0,1,0.01
HDPE-648_jpg.rf.7fa742ba030dba26239b0379bf57535a.jpg,1,0,0,1,0.01
HDPE-649_jpg.rf.cb37212fd40d904343ec26a49cf68d04.jpg,1,0,0,1,0.01
HDPE-64_jpg.rf.37b29200c581dc676c4c9ccad141dd61.jpg,0,0,1,1,0.01
HDPE-64_jpg.rf.b60265205c39921e258dce0b21f17c18.jpg,1,0,0,1,0.01
HDPE-64_jpg.rf.bdd91d011f4862d856259d7a0cb6dbcc.jpg,1,0,0,1,0.01
HDPE-650_jpg.rf.c4673be88e9e4ef082f6f76c9f957d05.jpg,1,0,0,1,0.01
HDPE-651_jpg.rf.97b2adce5f6bc54fd873741da309ee8d.jpg,1,0,0,1,0.01
HDPE-653_jpg.rf.942f98ca8936a8f658ce950037149f33.jpg,0,0,1,1,0.01
HDPE-654_jpg.rf.14383aebf8826adad8599a289df27b34.jpg,0,0,1,1,0.01
HDPE-655_jpg.rf.d46482db45a4fa7a90f3f20d61f9984f.jpg,1,0,0,1,0.01
HDPE-657_jpg.rf.0b1da54fc2e16c8482ae003de0cac6ef.jpg,1,0,0,1,0.01
HDPE-658_jpg.rf.a06c7b560c0ef49ec943d56eee78af6e.jpg,1,0,0,1,0.01
HDPE-659_jpg.rf.c6f8e0fa057f689ea93deb4870385c92.jpg,1,0,0,1,0.01
HDPE-65_jpg.rf.a5b3de8276409eceb384439373d7f7e7.jpg,1,0,0,1,0.01
HDPE-65_jpg.rf.fd2121804b96d76cf9eaab3efeffc7a5.jpg,0,0,1,1,0.01
HDPE-660_jpg.rf.50688998810edd4f5eabe622817bc67b.jpg,1,0,0,1,0.01
HDPE-661_jpg.rf.f8371aa5ae1fd961cb64b949392444de.jpg,0,0,1,1,0.01
HDPE-662_jpg.rf.73455179c2eb72ef4a9da3edb0b54886.jpg,1,0,0,1,0.01
HDPE-663_jpg.rf.c0e7dfe17ea82ed795ef2d0e748ab835.jpg,1,0,0,1,0.01
HDPE-664_jpg.rf.b32a1b1394423266677005b353313d6a.jpg,1,0,0,1,0.01
HDPE-665_jpg.rf.35ed4801c9793b0e67950e91d290d721.jpg,1,0,0,1,0.01
HDPE-666_jpg.rf.c490cf6789a4dcf74d4d2a24e8468fc2.jpg,1,0,0,1,0.01
HDPE-667_jpg.rf.7d7b2684a546d237ba6d91a31bbb992f.jpg,1,0,0,1,0.01
HDPE-668_jpg.rf.bad326bb911ab1066cd86645bf959879.jpg,0,1,0,1,0.01
HDPE-669_jpg.rf.2ff12162a671ca64afd48012b57fa9d1.jpg,1,0,0,1,0.01
HDPE-66_jpg.rf.14209ff579e27379faa77dfa928f33ab.jpg,1,0,0,1,0.01
HDPE-66_jpg.rf.677dbc317767b77df467fb826e01de23.jpg,1,0,0,1,0.01
HDPE-66_jpg.rf.685fd8e493c590c13848f2d886d21183.jpg,1,0,0,1,0.01
HDPE-670_jpg.rf.78f0786d7948f8e5bbdc78bd7a779b17.jpg,0,0,1,1,0.01
HDPE-671_jpg.rf.a4152fc025a042b19651a4fe8c361fb7.jpg,0,1,0,1,0.01
HDPE-672_jpg.rf.fc9ac1166d6222cd5b0857bfd8e74ae3.jpg,1,0,0,1,0.01
HDPE-673_jpg.rf.0be548afce840e271b440cd5c42b48d4.jpg,1,0,0,1,0.01
HDPE-674_jpg.rf.f756fad8b155c691840436d9e20454e0.jpg,1,0,0,1,0.01
HDPE-675_jpg.rf.16f1a1e4853571533ef9d7b3ba957552.jpg,0,1,0,1,0.01
HDPE-676_jpg.rf.853fedbf6681e3f9be15bdd6ee7679ab.jpg,1,0,0,1,0.01
HDPE-677_jpg.rf.0f70987478dc649c4fd806b78a2bd439.jpg,1,0,0,1,0.01
HDPE-678_jpg.rf.b8528eb1b6f5ff89228048abab8d98a9.jpg,1,0,0,1,0.01
HDPE-679_jpg.rf.0908da700c2b1444bfda5eabf97577b9.jpg,1,0,0,1,0.01
HDPE-67_jpg.rf.3cc68c44bbd0d4bdd85ccc9b0d0019e4.jpg,1,0,0,1,0.01
HDPE-67_jpg.rf.dc348011399ed4370ff61f7e0497cb8a.jpg,1,0,0,1,0.01
HDPE-680_jpg.rf.4ab89ebd3ba3ce431f990ea4d6eb4894.jpg,1,0,0,1,0.01
HDPE-681_jpg.rf.df5e525a1994f18574b84cbb9be7d6fb.jpg,1,0,0,1,0.01
HDPE-682_jpg.rf.d7affc0d833fff5e90aef71326e9c4f7.jpg,1,0,0,1,0.01
HDPE-683_jpg.rf.adf4cb02de9abd3a68bd48092e0194dc.jpg,1,0,0,1,0.01
HDPE-684_jpg.rf.baf26b3b60a6f24fc9ff16d1e940e60d.jpg,1,0,0,1,0.01
HDPE-685_jpg.rf.52a1c768a74a141f0ccab1f5fcde5f2a.jpg,1,0,0,1,0.01
HDPE-686_jpg.rf.a18bc538955d839103ddcd376fda5b56.jpg,1,0,0,1,0.01
HDPE-687_jpg.rf.4bdb36da82c10f15bb38935359cc4f5d.jpg,0,1,0,1,0.01
HDPE-688_jpg.rf.cb144c828aed087236c8eddc0bafd3d0.jpg,1,0,0,1,0.01
HDPE-689_jpg.rf.dccaabb800819ffbbe16584c478d12fe.jpg,1,0,0,1,0.01
HDPE-68_jpg.rf.35f180eb4cfabe669db357c8c56a9532.jpg,1,0,0,1,0.01
HDPE-68_jpg.rf.77cf54269e75c1cfee63fd306c14f52f.jpg,0,0,1,1,0.01
HDPE-690_jpg.rf.185bcf93bb99c1f601e03bf9128fcb4c.jpg,1,0,0,1,0.01
HDPE-691_jpg.rf.dc77f1c1ea0a0a795eab58c75dd159fc.jpg,1,0,0,1,0.01
HDPE-692_jpg.rf.51caf989887c9a1bc18db1d06c4b7f23.jpg,1,0,0,1,0.01
HDPE-693_jpg.rf.5ee4e691b79636c493fcff94d62f5867.jpg,1,0,0,1,0.01
HDPE-694_jpg.rf.423b3bc595ac3678443109ab6387b461.jpg,1,0,0,1,0.01
HDPE-695_jpg.rf.a17c90c7604c64bf467f09031663de65.jpg,1,0,0,1,0.01
HDPE-697_jpg.rf.339596e05036c495dfccaa4f24de6e5a.jpg,1,0,0,1,0.01
HDPE-698_jpg.rf.234ad4ec6dab9b0e4c4d88e1aae3c94d.jpg,1,0,0,1,0.01
HDPE-699_jpg.rf.af5ad634f9eb5b48e3d764e65348e20c.jpg,1,0,0,1,0.01
HDPE-69_jpg.rf.266b99b2b0650479a84c6160f79a65f2.jpg,0,0,1,1,0.01
HDPE-69_jpg.rf.5e9938158f317e3e6cd74b739702a6a0.jpg,0,1,0,1,0.01
HDPE-69_jpg.rf.dcb8ad090f2d114956df5508f08fbb0a.jpg,1,0,0,1,0.01
HDPE-6_jpg.rf.70b033278eac5ba7e8eb9ba70852d543.jpg,1,0,0,1,0.01
HDPE-6_jpg.rf.f5b851fbce11b435f8eb2a65bb335236.jpg,0,0,1,1,0.01
HDPE-700_jpg.rf.36220706e080bbf0372a60565da1db71.jpg,1,0,0,1,0.01
HDPE-701_jpg.rf.2c128ecf708735e8f8bb1882eaa403ce.jpg,1,0,0,1,0.01
HDPE-703_jpg.rf.64eb2dec8d6883056455e91cd7a0443d.jpg,0,0,1,1,0.01
HDPE-704_jpg.rf.da9d77a9bb58b748f159348a8a4d96d5.jpg,0,0,1,1,0.01
HDPE-705_jpg.rf.1a36234b1f7eff194e29a9781a77950b.jpg,0,0,1,1,0.01
HDPE-706_jpg.rf.6ab6f5fe2f7e4c2b6713aaf8dae27645.jpg,1,0,0,1,0.01
HDPE-708_jpg.rf.13d410ed0814128bcca1fb7232ba6527.jpg,1,0,0,1,0.01
HDPE-709_jpg.rf.509e7c8c88ff839f4ec65cd42c0baf85.jpg,1,0,0,1,0.01
HDPE-70_jpg.rf.39630518a4bc26d84a5e8a29908f9503.jpg,0,0,1,1,0.01
HDPE-70_jpg.rf.ada0639a27e64f7d43c4ca887c991b30.jpg,1,0,0,1,0.01
HDPE-710_jpg.rf.2446b0ff6e0c3754220cca0679a0c8e5.jpg,1,0,0,1,0.01
HDPE-711_jpg.rf.0b165df50d5ab73eb8f3f70bd4f895b9.jpg,1,0,0,1,0.01
HDPE-712_jpg.rf.e7ff2922b32c84a947abc50f66486331.jpg,0,1,0,1,0.01
HDPE-713_jpg.rf.0e105838da81a272693f445ddc8f2faa.jpg,0,0,1,1,0.01
HDPE-715_jpg.rf.ba5aef31a8255c330d4d7d77982dfc2d.jpg,1,0,0,1,0.01
HDPE-717_jpg.rf.887d5ea3ada3fc1c888cd482ee30aeaf.jpg,1,0,0,1,0.01
HDPE-718_jpg.rf.53abcc468b71d5e6ae76c696c617190a.jpg,0,1,0,1,0.01
HDPE-719_jpg.rf.46117a0135c6f73e4ed71b537553be09.jpg,0,0,1,1,0.01
HDPE-71_jpg.rf.3d9ec9e2cdff8fcade2b54d1d9ae1bae.jpg,1,0,0,1,0.01
HDPE-71_jpg.rf.414491fb150fc4d87fdf28c639ea1442.jpg,0,0,1,1,0.01
HDPE-71_jpg.rf.bc39361a5eb67618330f1616078cb38f.jpg,1,0,0,1,0.01
HDPE-720_jpg.rf.a565e5765fe29dcf5dbbbabeb40caf8c.jpg,0,1,0,1,0.01
HDPE-721_jpg.rf.513224b2bf9f8afd95eb89955ea8cfa2.jpg,1,0,0,1,0.01
HDPE-722_jpg.rf.c46a150245bdddc9353b72cfdf831074.jpg,1,0,0,1,0.01
HDPE-723_jpg.rf.eb76d5571413bfaa7a7f0f0a21082c8e.jpg,1,0,0,1,0.01
HDPE-724_jpg.rf.e1d3a2eb9302ffc6e98dc2735fbe7a2e.jpg,1,0,0,1,0.01
HDPE-725_jpg.rf.e0457cf12f2cef3d14ef617f8280b739.jpg,1,0,0,1,0.01
HDPE-727_jpg.rf.09dc82830f2d5d97533515d83440979c.jpg,1,0,0,1,0.01
HDPE-728_jpg.rf.b39a67e8f2945065c538d16815e584cc.jpg,1,0,0,1,0.01
HDPE-729_jpg.rf.22399d64b1850a2ebeded7a5a93dadfc.jpg,0,0,1,1,0.01
HDPE-72_jpg.rf.746000e9c7c103e7b9cc07c48e71f959.jpg,1,0,0,1,0.01
HDPE-72_jpg.rf.bfb105437e3f9ad3f83be2598c67c7ae.jpg,1,0,0,1,0.01
HDPE-72_jpg.rf.e0308052f4584a69d9b97438d7f18dad.jpg,1,0,0,1,0.01
HDPE-730_jpg.rf.4fa919b02c13bc93b04c619d5e7f31d1.jpg,1,0,0,1,0.01
HDPE-731_jpg.rf.89101021604147e126fd67ab3b5bec81.jpg,1,0,0,1,0.01
HDPE-732_jpg.rf.da2801fd58613d6e888f837db04cf6e7.jpg,0,0,1,1,0.01
HDPE-733_jpg.rf.3ef6d729f79cda52f838f73e915d33e7.jpg,1,0,0,1,0.01
HDPE-734_jpg.rf.dd8168ceffcf227ef1bcd9c757832e9b.jpg,1,0,0,1,0.01
HDPE-735_jpg.rf.82a489c1c0ca5bed4c6a4bd4dddb29eb.jpg,1,0,0,1,0.01
HDPE-736_jpg.rf.a47304916b48b5ca916169b2e0887832.jpg,1,0,0,1,0.01
HDPE-738_jpg.rf.52cc6d0d9edc0270e6540e94cc881a70.jpg,1,0,0,1,0.01
HDPE-739_jpg.rf.8843984a21438122aae89c40c21fa8fc.jpg,1,0,0,1,0.01
HDPE-73_jpg.rf.3e97477f60e3f6ac3bf03c072dd6840e.jpg,1,0,0,1,0.01
HDPE-73_jpg.rf.9a9ccb9492ce92b3dad747e2be69def0.jpg,1,0,0,1,0.01
HDPE-73_jpg.rf.f6ef7c428e0e2209cb818ad7ff5a324f.jpg,1,0,0,1,0.01
HDPE-740_jpg.rf.737ec1217a26914596551c267c5b588e.jpg,1,0,0,1,0.01
HDPE-741_jpg.rf.c9cf6203a5dd18549c2b61080bf92be6.jpg,0,1,0,1,0.01
HDPE-742_jpg.rf.0e599c76b61bade42e6ddcf9bb87e639.jpg,1,0,0,1,0.01
HDPE-743_jpg.rf.a77e602516ea699208b3874ac587f8cd.jpg,1,0,0,1,0.01
HDPE-744_jpg.rf.42584f626348e4fa432c500488514a30.jpg,1,0,0,1,0.01
HDPE-745_jpg.rf.80c8a5096904c24c159e07f9bb4121fd.jpg,1,0,0,1,0.01
HDPE-746_jpg.rf.2245ec0efb661a8a1af4e92766205474.jpg,1,0,0,1,0.01
HDPE-747_jpg.rf.fb23796d9e1290c57c52932d842246b9.jpg,1,0,0,1,0.01
HDPE-748_jpg.rf.95cfbb876d2ac55c5ae6f074c9ce7fda.jpg,0,1,0,1,0.01
HDPE-749_jpg.rf.b98933bdf389f47a2f7a1e779195bbe6.jpg,1,0,0,1,0.01
HDPE-74_jpg.rf.00ad2d28affe9f57d107501bd02976eb.jpg,0,1,0,1,0.01
HDPE-74_jpg.rf.7d93a99db4615a82b15efb3d0ea82b9f.jpg,1,0,0,1,0.01
HDPE-750_jpg.rf.d723375a066454705586a59ee04b43d9.jpg,1,0,0,1,0.01
HDPE-751_jpg.rf.49aa4030d8f11b0ace844e5db84d9d62.jpg,0,0,1,1,0.01
HDPE-752_jpg.rf.8019ade54e37317a1d3e043ea0c8df09.jpg,1,0,0,1,0.01
HDPE-753_jpg.rf.75bbf88435e553a1cf95082e2f94c3cf.jpg,1,0,0,1,0.01
HDPE-754_jpg.rf.21a2457cf1dd5aba6b8bcaa4ea059385.jpg,1,0,0,1,0.01
HDPE-755_jpg.rf.732c29032e1e2053ab5eaf55dfe02dd0.jpg,1,0,0,1,0.01
HDPE-756_jpg.rf.939fad594691851dec012b793cde09bd.jpg,1,0,0,1,0.01
HDPE-757_jpg.rf.ed196e4f634db0bf15de3339bfcac141.jpg,0,1,0,1,0.01
HDPE-758_jpg.rf.07b8d159d8607d112f556a9b7f73853f.jpg,1,0,0,1,0.01
HDPE-759_jpg.rf.9a6f13fbfbb228b62a37aabc8a9adeb9.jpg,0,0,1,1,0.01
HDPE-75_jpg.rf.2b6b835a43f9207cf23b08027f5d9555.jpg,1,0,0,1,0.01
HDPE-75_jpg.rf.a0c8c4e3e9660a13dd2c5c1d08d8e117.jpg,0,0,1,1,0.01
HDPE-760_jpg.rf.1bac9ccf4c76a6bd232b23849939f1b1.jpg,0,0,1,1,0.01
HDPE-761_jpg.rf.c3900a36347da44d7164e8cbbe0d6f98.jpg,1,0,0,1,0.01
HDPE-762_jpg.rf.2e06e04026bfd224259384dabffa6a5d.jpg,0,0,1,1,0.01
HDPE-763_jpg.rf.c820269f9d976a75b614c0869df1651e.jpg,1,0,0,1,0.01
HDPE-764_jpg.rf.b59bf6ca6f6699dcc52e07b730f671c9.jpg,0,0,1,1,0.01
HDPE-765_jpg.rf.467452ea873be04c497fd5315200b7d7.jpg,1,0,0,1,0.01
HDPE-767_jpg.rf.26bf552d5404e82e992fabb7bf32d26d.jpg,0,1,0,1,0.01
HDPE-768_jpg.rf.fc94a082d9b200e273bda60c3333fed6.jpg,1,0,0,1,0.01
HDPE-769_jpg.rf.8100dd5ab5927ba2a31ee45cc4eb2ca9.jpg,0,0,1,1,0.01
HDPE-76_jpg.rf.29170850ac466360c70970cbfaa28a0a.jpg,1,0,0,1,0.01
HDPE-76_jpg.rf.d6eddaf854e98b4ba8ed9d2ff0edda49.jpg,1,0,0,1,0.01
HDPE-76_jpg.rf.d70168e9e48c5c0fc7ac31f87ef2d8e0.jpg,1,0,0,1,0.01
HDPE-770_jpg.rf.8106846ecc6b959047dfe78de4a1b0fc.jpg,1,0,0,1,0.01
HDPE-771_jpg.rf.0dee685577e8c9d5327cfbe4d7c9d12c.jpg,1,0,0,1,0.01
HDPE-773_jpg.rf.dc8d2f457900d42aeebd8d09325cd8e2.jpg,0,0,1,1,0.01
HDPE-774_jpg.rf.19217b093ddb7c0c120687c7b1d9c988.jpg,1,0,0,1,0.01
HDPE-775_jpg.rf.ef1ff40902b5dd4117ad3dba82ca45ce.jpg,1,0,0,1,0.01
HDPE-776_jpg.rf.86f21ab0bec14d26d316c574c6ca1800.jpg,1,0,0,1,0.01
HDPE-777_jpg.rf.f765c2e3367a5c14afa71276c70610c8.jpg,0,0,1,1,0.01
HDPE-778_jpg.rf.699432f76bdb0dce0f52288391290d87.jpg,0,0,1,1,0.01
HDPE-779_jpg.rf.a022516cb04cc642fe191321a3c07e0c.jpg,0,1,0,1,0.01
HDPE-77_jpg.rf.853d45cfbf67664b1b22593d7d3acd53.jpg,1,0,0,1,0.01
HDPE-77_jpg.rf.c5a164059c633dfdf1c22600a708d1cd.jpg,1,0,0,1,0.01
HDPE-781_jpg.rf.8a0633e434273c2f1c93b85b66817bd3.jpg,0,1,0,1,0.01
HDPE-782_jpg.rf.a5189259d0992e94103961a6912bb844.jpg,1,0,0,1,0.01
HDPE-783_jpg.rf.60ee742a00381271f5369b6a4d6949e7.jpg,1,0,0,1,0.01
HDPE-784_jpg.rf.436ce0521cdbabb9869298a6c1639e8a.jpg,1,0,0,1,0.01
HDPE-785_jpg.rf.53ad26e94789110b7ae47461024b23be.jpg,1,0,0,1,0.01
HDPE-786_jpg.rf.690339a862bb1331a8b4f541a27c6415.jpg,1,0,0,1,0.01
HDPE-787_jpg.rf.86b77a72420a1f450a983b4d8846c2ab.jpg,1,0,0,1,0.01
HDPE-788_jpg.rf.aa6748d39df785ee5beee512dd1fe291.jpg,1,0,0,1,0.01
HDPE-789_jpg.rf.2713a0d0745dee9b718cd71a6e518920.jpg,0,0,1,1,0.01
HDPE-78_jpg.rf.346d24466c62c126753792da0cd0e98e.jpg,1,0,0,1,0.01
HDPE-78_jpg.rf.dae52016329ee11edfaf387392e094bf.jpg,1,0,0,1,0.01
HDPE-790_jpg.rf.dc5b449e5faadcb88fd0339c35b439fc.jpg,0,0,1,1,0.01
HDPE-791_jpg.rf.87fee9f9f1a268b09cb42b09b72c9646.jpg,1,0,0,1,0.01
HDPE-792_jpg.rf.e186ec249afc54234a347daa2ae6c865.jpg,0,0,1,1,0.01
HDPE-793_jpg.rf.5c792da4732cd14ed2f42bfe1161768e.jpg,1,0,0,1,0.01
HDPE-794_jpg.rf.d399627efde167a89d612847c583ae53.jpg,1,0,0,1,0.01
HDPE-795_jpg.rf.dd0526f61c98bfc3a3bba6dbba092fc1.jpg,1,0,0,1,0.01
HDPE-796_jpg.rf.21b90b0eeff0dbe69dfa0e5d09c42889.jpg,0,0,1,1,0.01
HDPE-797_jpg.rf.291213c3fb005e513cae3db00b178649.jpg,0,1,0,1,0.01
HDPE-798_jpg.rf.76435253b8ff8943c42df2d2e8b4a3f1.jpg,1,0,0,1,0.01
HDPE-799_jpg.rf.48ef2ece4de70a4b4a996cae502db65a.jpg,1,0,0,1,0.01
HDPE-79_jpg.rf.17f6dfba87cd4f1a9ae8e7111731070b.jpg,1,0,0,1,0.01
HDPE-79_jpg.rf.5dbdf135da07891dd05486489fa0aff3.jpg,1,0,0,1,0.01
HDPE-79_jpg.rf.bf2d072f8cd80fec8809e8830430bdbd.jpg,0,0,1,1,0.01
HDPE-7_jpg.rf.bd872b5296f1560f26c9974019168e65.jpg,1,0,0,1,0.01
HDPE-7_jpg.rf.e96f820147197fd569a2f9b48fae6b4a.jpg,1,0,0,1,0.01
HDPE-7_jpg.rf.ed30e62cb38eb624a7e1644378b58ea1.jpg,1,0,0,1,0.01
HDPE-801_jpg.rf.7c34f0515b17dfac4ec750adfa2f98cd.jpg,1,0,0,1,0.01
HDPE-802_jpg.rf.a9ab516058f024e7a5cc4036cc018f7a.jpg,1,0,0,1,0.01
HDPE-803_jpg.rf.42fab7395f8b871397320c7d50861bfa.jpg,1,0,0,1,0.01
HDPE-804_jpg.rf.ac17bfa92a4b4db2c2146eef92af91a2.jpg,1,0,0,1,0.01
HDPE-805_jpg.rf.8f65b502d33a8cca70f93e2b7878d8b5.jpg,1,0,0,1,0.01
HDPE-806_jpg.rf.119c4a8ea0c8e4f4117ab900fbbf8e41.jpg,1,0,0,1,0.01
HDPE-807_jpg.rf.deb9270de74e160653354c7363cdf81a.jpg,1,0,0,1,0.01
HDPE-808_jpg.rf.7146a00166a0ba35daa8325f9c94a373.jpg,1,0,0,1,0.01
HDPE-809_jpg.rf.12c9c7b2410b992176df819e29dfd600.jpg,1,0,0,1,0.01
HDPE-80_jpg.rf.df9aa6a209d0a6f92ea522b38c81ce80.jpg,1,0,0,1,0.01
HDPE-80_jpg.rf.e20941b558deb04fecfcddeded07a7fe.jpg,1,0,0,1,0.01
HDPE-810_jpg.rf.9f7a182cd4db0339d5ec02a9a58ba7ca.jpg,0,0,1,1,0.01
HDPE-812_jpg.rf.9602dfeb1ac5d214ac4f0850cf3fa75e.jpg,1,0,0,1,0.01
HDPE-813_jpg.rf.c2166c677bd8f22b532a18694180e3c4.jpg,1,0,0,1,0.01
HDPE-814_jpg.rf.c29f9c9ddca953e07f85b6c104678943.jpg,1,0,0,1,0.01
HDPE-815_jpg.rf.42bdfbbce965012d6ad029dc7f93d54a.jpg,0,0,1,1,0.01
HDPE-816_jpg.rf.ee1af943a07e8c348aa3acb3050b22c8.jpg,0,1,0,1,0.01
HDPE-817_jpg.rf.2cf69a3c7afa43e1dcd3d1c7ec1dad4a.jpg,0,0,1,1,0.01
HDPE-818_jpg.rf.fd63bb06295a74d8acb457850a5e0976.jpg,0,0,1,1,0.01
HDPE-819_jpg.rf.b95a553d0f49cb7a19c295af7cb98f8e.jpg,1,0,0,1,0.01
HDPE-81_jpg.rf.334d21b2f63038007f9be49d204495ac.jpg,1,0,0,1,0.01
HDPE-81_jpg.rf.557353554ec1c52621888245bd201136.jpg,1,0,0,1,0.01
HDPE-820_jpg.rf.a29fd666fe4e0259fef0ea5e8cde2fed.jpg,0,0,1,1,0.01
HDPE-821_jpg.rf.222c934392f596af52ac534c7eba602c.jpg,1,0,0,1,0.01
HDPE-822_jpg.rf.8504a8f636ed47f3df1e4720e1feb275.jpg,1,0,0,1,0.01
HDPE-823_jpg.rf.b44ee9fa77d9053ba259c18777a0a270.jpg,0,1,0,1,0.01
HDPE-825_jpg.rf.f146d9546d0f549fd033eb47157f868f.jpg,1,0,0,1,0.01
HDPE-826_jpg.rf.05ef68c0baf02c8d85e57048ccead02c.jpg,0,0,1,1,0.01
HDPE-827_jpg.rf.5043b09245e07cd7c96e4ef485edf68d.jpg,1,0,0,1,0.01
HDPE-828_jpg.rf.0ffb2619161900ae1fd9e237410bb21b.jpg,1,0,0,1,0.01
HDPE-82_jpg.rf.1b4479cd648a97da2773203abd724619.jpg,0,1,0,1,0.01
HDPE-82_jpg.rf.a56d6724eb84b08f5f4e93ec2f7bcffe.jpg,1,0,0,1,0.01
HDPE-82_jpg.rf.e862b8566d8d4e3c110e0fc625f3045e.jpg,1,0,0,1,0.01
HDPE-830_jpg.rf.fcf5555b184dfa8bc266057445e89036.jpg,1,0,0,1,0.01
HDPE-831_jpg.rf.30786b06bad16d8608e8790ffca60a12.jpg,0,1,0,1,0.01
HDPE-832_jpg.rf.1e9aeb58dae897c35a37938e3d2ed1c1.jpg,1,0,0,1,0.01
HDPE-833_jpg.rf.1ed7f542f5dd437041bfd12bacb93bc2.jpg,1,0,0,1,0.01
HDPE-834_jpg.rf.51e24c9814ac19f84015163eb153485d.jpg,1,0,0,1,0.01
HDPE-835_jpg.rf.ee72c256ff0581b757804467c062e323.jpg,0,0,1,1,0.01
HDPE-836_jpg.rf.50a3e94939d524e394f6b31ca53560ae.jpg,1,0,0,1,0.01
HDPE-837_jpg.rf.46746642e334c2c26ac35b777837197b.jpg,0,0,1,1,0.01
HDPE-838_jpg.rf.55c339a5965425f170422bf72cd6c557.jpg,1,0,0,1,0.01
HDPE-839_jpg.rf.5f176cf2d6657aca72f9fb7d023bde0f.jpg,1,0,0,1,0.01
HDPE-83_jpg.rf.99eab3714c2272e11d891069858626eb.jpg,0,1,0,1,0.01
HDPE-83_jpg.rf.bf7d058fbdb4243db6d67a333910c375.jpg,1,0,0,1,0.01
HDPE-83_jpg.rf.d6ed5d2cbd53d4b93710d81e46b63809.jpg,1,0,0,1,0.01
HDPE-840_jpg.rf.b03c72fe4bcb9f0932c4f80475ba7254.jpg,1,0,0,1,0.01
HDPE-841_jpg.rf.63cbdafa41960d17d396cd920ff521c3.jpg,1,0,0,1,0.01
HDPE-842_jpg.rf.597716f9016ca9b55795d9b130472135.jpg,1,0,0,1,0.01
HDPE-843_jpg.rf.d55e1e0cad546352dcb51cfe035497c6.jpg,0,0,1,1,0.01
HDPE-844_jpg.rf.d28bd40820ba7be83b988039325241a8.jpg,0,0,1,1,0.01
HDPE-845_jpg.rf.e30e26905462b78f5e30afa5be0edcf1.jpg,1,0,0,1,0.01
HDPE-846_jpg.rf.084e0491d66720a57f5c34c478a43154.jpg,1,0,0,1,0.01
HDPE-847_jpg.rf.f44523d120fd27adfef0d988b155a464.jpg,0,0,1,1,0.01
HDPE-848_jpg.rf.7e0ea5f1ecdd4f334f1dabe78b3c1657.jpg,1,0,0,1,0.01
HDPE-849_jpg.rf.157c9fcdde9348ee0b2eb09bd6012c0f.jpg,1,0,0,1,0.01
HDPE-84_jpg.rf.b5694162f6bd08b05894e2f60a7d1ca5.jpg,1,0,0,1,0.01
HDPE-84_jpg.rf.f571d95d1328b9b152764e9ff1b9d9c2.jpg,0,0,1,1,0.01
HDPE-851_jpg.rf.482fe314efbb1a5618e067885081a70f.jpg,1,0,0,1,0.01
HDPE-852_jpg.rf.d7bb926db6ec66e97e82498fdd5cf8c9.jpg,1,0,0,1,0.01
HDPE-853_jpg.rf.169371a27e4c9087907ea32958ccb462.jpg,0,0,1,1,0.01
HDPE-854_jpg.rf.be07d08d23e49070b479608f951cd7de.jpg,1,0,0,1,0.01
HDPE-855_jpg.rf.69575249688662843555b80e95a7db8e.jpg,0,1,0,1,0.01
HDPE-856_jpg.rf.d3eaf706b1511ad98613d7738c8ed574.jpg,0,0,1,1,0.01
HDPE-857_jpg.rf.e931b805f1e1cff662a3130a0e5a1b6d.jpg,1,0,0,1,0.01
HDPE-858_jpg.rf.26f0facfb27bb57f9066e65ad5528da8.jpg,0,0,1,1,0.01
HDPE-859_jpg.rf.eb90f8b0094ea9ed65ff0fd42f7d675a.jpg,1,0,0,1,0.01
HDPE-85_jpg.rf.a38e16d93a3ddf5f3a58897189547fb7.jpg,1,0,0,1,0.01
HDPE-860_jpg.rf.2224a944a52bbc3215534aa072983081.jpg,0,1,0,1,0.01
HDPE-861_jpg.rf.b80e6f6119b974644c5759c98074307e.jpg,1,0,0,1,0.01
HDPE-862_jpg.rf.c99d4adbf71b05eb1a24dd7144b33ab5.jpg,1,0,0,1,0.01
HDPE-863_jpg.rf.070371c142627b0b603bd2fbd6afcee6.jpg,1,0,0,1,0.01
HDPE-864_jpg.rf.cebc4696055af8d29e4fce2c31d652bc.jpg,0,0,1,1,0.01
HDPE-865_jpg.rf.1a4d3705f937aabe911e45d414ed7773.jpg,1,0,0,1,0.01
HDPE-866_jpg.rf.0674d11ca3c2962499a047e0fa5de9e0.jpg,1,0,0,1,0.01
HDPE-867_jpg.rf.59cc9171e4a67aa8dc5519353ba54bc4.jpg,1,0,0,1,0.01
HDPE-868_jpg.rf.2c777842ead9e0768679ddf0ad5d781b.jpg,1,0,0,1,0.01
HDPE-869_jpg.rf.91e7b1464881bba174370778a4347c68.jpg,1,0,0,1,0.01
HDPE-86_jpg.rf.bc2b64e79a01d29b871a5fbe0f4e7ecc.jpg,1,0,0,1,0.01
HDPE-86_jpg.rf.bdd1e088facd074bed2e533e114c62f2.jpg,0,0,1,1,0.01
HDPE-870_jpg.rf.413de1bd11ed607727554257b7b10a97.jpg,1,0,0,1,0.01
HDPE-871_jpg.rf.51662bebcbd3809ccd35e2d4797be183.jpg,1,0,0,1,0.01
HDPE-872_jpg.rf.bf47d3ef5f1e44439c4167607fed8110.jpg,1,0,0,1,0.01
HDPE-873_jpg.rf.fb23c73725ba566cb568cd3e1300e983.jpg,1,0,0,1,0.01
HDPE-874_jpg.rf.536a5ef513e1d31f167ebfd23048ea95.jpg,1,0,0,1,0.01
HDPE-875_jpg.rf.edf22e30b0ba56f5a2c1bb8036fb79a3.jpg,0,0,1,1,0.01
HDPE-878_jpg.rf.b0fb57d738ec7437ca817093bda10870.jpg,1,0,0,1,0.01
HDPE-879_jpg.rf.4e42e6b9246720dc3bab2ac29ddb9bfe.jpg,1,0,0,1,0.01
HDPE-87_jpg.rf.5e7bada868b9b3351b89e2b964b5d112.jpg,1,0,0,1,0.01
HDPE-87_jpg.rf.91dca93c55a0c8fb20f42244f523ab24.jpg,1,0,0,1,0.01
HDPE-880_jpg.rf.e488ae5a669da8a3ff6106342637c037.jpg,0,1,0,1,0.01
HDPE-881_jpg.rf.f4e4c95e0888f2d246b32bde87570581.jpg,1,0,0,1,0.01
HDPE-882_jpg.rf.a700a8b130cdbacef264d303694e0d71.jpg,0,1,0,1,0.01
HDPE-883_jpg.rf.2f20ad4d8aa61cb37cd9f1239190179e.jpg,1,0,0,1,0.01
HDPE-884_jpg.rf.836cc4f136b4acf34118017d43c2420a.jpg,1,0,0,1,0.01
HDPE-885_jpg.rf.1a0370637a860689bc32982d6cf6bfad.jpg,1,0,0,1,0.01
HDPE-886_jpg.rf.1cd028d119e2ed83c9e07fcebff72e9a.jpg,1,0,0,1,0.01
HDPE-887_jpg.rf.0aabe1dbbf4b306b5185b1f17c4bd024.jpg,1,0,0,1,0.01
HDPE-888_jpg.rf.54a80bde689aefa95935d98be0c1c9f3.jpg,1,0,0,1,0.01
HDPE-889_jpg.rf.16889fe9bed6d418fc553d88a04dfbd9.jpg,1,0,0,1,0.01
HDPE-88_jpg.rf.0fda89e983e825f0bb7a4bb47bd9d715.jpg,1,0,0,1,0.01
HDPE-88_jpg.rf.60ad4df32d1398bad9e8ce4535fe96d7.jpg,1,0,0,1,0.01
HDPE-88_jpg.rf.a45cc4c83bce84d1267926f197861687.jpg,1,0,0,1,0.01
HDPE-890_jpg.rf.745990cb983e5e6f07698c4184a61292.jpg,1,0,0,1,0.01
HDPE-891_jpg.rf.3e8bda1e6d0f9b1b6446de32b484da8e.jpg,0,0,1,1,0.01
HDPE-892_jpg.rf.9c85c4302ad6b230975145e7185f046a.jpg,1,0,0,1,0.01
HDPE-893_jpg.rf.e56d48111e935b427cafa76abb48cb3e.jpg,0,1,0,1,0.01
HDPE-894_jpg.rf.fbfbff0366d11c8a8933eeada75e5943.jpg,0,1,0,1,0.01
HDPE-895_jpg.rf.204f10fe8ca57f4b23d38375d6571d61.jpg,1,0,0,1,0.01
HDPE-896_jpg.rf.d1b2e5a293eb583cf5d9cf250c4451f5.jpg,1,0,0,1,0.01
HDPE-897_jpg.rf.0ddae918881130df4932de67893dd018.jpg,1,0,0,1,0.01
HDPE-898_jpg.rf.e36dca3b5ba1f180bf450be8b77136c8.jpg,1,0,0,1,0.01
HDPE-899_jpg.rf.afda0ff337f1419a341fa34c5c209eb6.jpg,1,0,0,1,0.01
HDPE-89_jpg.rf.7e5aa220031e50e9599318b286394f0f.jpg,1,0,0,1,0.01
HDPE-89_jpg.rf.a8a759451cab6fcbb9b7bfe80ad23399.jpg,1,0,0,1,0.01
HDPE-8_jpg.rf.82642a03fcb4a4c68fad94c7fca2fb7e.jpg,1,0,0,1,0.01
HDPE-8_jpg.rf.cb5edd74b62a41f81be8352ec681542c.jpg,0,0,1,1,0.01
HDPE-8_jpg.rf.f42d8b5c8a6a26efc15f02ff813a0e50.jpg,1,0,0,1,0.01
HDPE-900_jpg.rf.0e51fed2a4e2081654f27c597a3ec5f1.jpg,1,0,0,1,0.01
HDPE-901_jpg.rf.e9108dc0e71e3d0af78dfb759d56251e.jpg,1,0,0,1,0.01
HDPE-902_jpg.rf.393fc625e80af92c906f74091283e34f.jpg,1,0,0,1,0.01
HDPE-904_jpg.rf.4193d5c8228c7baf0b9abf078d48176f.jpg,1,0,0,1,0.01
HDPE-905_jpg.rf.26f426d2f1a8ffe29a37a84232aae9db.jpg,1,0,0,1,0.01
HDPE-906_jpg.rf.e6f3c7bc8146f3cb732fe8212294cdfc.jpg,0,1,0,1,0.01
HDPE-907_jpg.rf.61c3b4f38b5736dffe1f655eb97ed60e.jpg,1,0,0,1,0.01
HDPE-908_jpg.rf.5b06622d0b17dd995c615595a09a3c2e.jpg,1,0,0,1,0.01
HDPE-909_jpg.rf.1e8d019d4896bd21e033fb4af5f15e4a.jpg,1,0,0,1,0.01
HDPE-90_jpg.rf.8b46503e10011e65b2906bd9c8517862.jpg,1,0,0,1,0.01
HDPE-90_jpg.rf.bb9acd79089d103276244241d78517e5.jpg,1,0,0,1,0.01
HDPE-90_jpg.rf.f9d0bbda20eadf0ee8999724131d56d8.jpg,1,0,0,1,0.01
HDPE-910_jpg.rf.32ae892e5cc985c5d6890270009bd260.jpg,1,0,0,1,0.01
HDPE-912_jpg.rf.cba81266226d7d67c761752c2b3f2bb4.jpg,0,0,1,1,0.01
HDPE-913_jpg.rf.34ffe75924929e67d7276e22c114a833.jpg,1,0,0,1,0.01
HDPE-914_jpg.rf.1a23f664f304991a7e53ee6dedfeae8b.jpg,1,0,0,1,0.01
HDPE-915_jpg.rf.cf371578305e0036ebab7e644c153d6a.jpg,1,0,0,1,0.01
HDPE-916_jpg.rf.66779306baf6eb184c5ca0135ae938e2.jpg,1,0,0,1,0.01
HDPE-917_jpg.rf.dc0d47d06880ba9c237161f19db5b80d.jpg,0,1,0,1,0.01
HDPE-918_jpg.rf.0a49795f9e5a582e84293b8b0071b2d3.jpg,1,0,0,1,0.01
HDPE-91_jpg.rf.2626097ed2d79f4650b52def045e4ec1.jpg,1,0,0,1,0.01
HDPE-91_jpg.rf.4f653fb163af754b4d86a4cb8491f8df.jpg,1,0,0,1,0.01
HDPE-91_jpg.rf.61781c1dfdd05f6a02ee5352b460b5c7.jpg,1,0,0,1,0.01
HDPE-920_jpg.rf.cb5758147007cfa609d6ec9c8416a5af.jpg,1,0,0,1,0.01
HDPE-922_jpg.rf.f6ce67ed55a91f2a097045cc80abf0b1.jpg,1,0,0,1,0.01
HDPE-923_jpg.rf.6928e0d2cbb43b4b42d7c414ad14d0fe.jpg,1,0,0,1,0.01
HDPE-924_jpg.rf.1eb68333248f5522fd8a0bc484b4f85c.jpg,0,1,0,1,0.01
HDPE-925_jpg.rf.d288dc2be78f0b4de2fb9e5b9cad4986.jpg,0,0,1,1,0.01
HDPE-926_jpg.rf.67ab8d3e8d4052f89ce61f4935213185.jpg,0,0,1,1,0.01
HDPE-928_jpg.rf.ad4e7918e14495944210c5d12363472c.jpg,0,1,0,1,0.01
HDPE-929_jpg.rf.66262c8780332c1ea0e8aaff4223e54d.jpg,1,0,0,1,0.01
HDPE-92_jpg.rf.8f5ee1dd4ad0f85bb959c74d183d67c8.jpg,1,0,0,1,0.01
HDPE-92_jpg.rf.b7dc04fd77e6eeb56c3bbecdab33452f.jpg,1,0,0,1,0.01
HDPE-92_jpg.rf.bdb9d77554ad4d6a9e7f67074140ac03.jpg,1,0,0,1,0.01
HDPE-930_jpg.rf.3cb4da01fac5fd06c0088cbc357fe21a.jpg,0,0,1,1,0.01
HDPE-931_jpg.rf.50ff45b829a2fd01b5f4777385df3c15.jpg,0,1,0,1,0.01
HDPE-932_jpg.rf.be402e6940bfe2d4b6a5a0ecca42dad4.jpg,1,0,0,1,0.01
HDPE-933_jpg.rf.e961511f0f2ac5a33798c2f9a0c4d81e.jpg,0,0,1,1,0.01
HDPE-936_jpg.rf.fb0ef5c497627cc9545bf75bd8643b50.jpg,0,1,0,1,0.01
HDPE-937_jpg.rf.13935c09af89551e6d703eadbfdee45e.jpg,0,1,0,1,0.01
HDPE-939_jpg.rf.124a6e38a80998d0454734471921c4b6.jpg,0,0,1,1,0.01
HDPE-93_jpg.rf.34d2ca8caae7424a2caefe82a8120620.jpg,1,0,0,1,0.01
HDPE-93_jpg.rf.3783723152dbffc03caacc8a8de5c4e7.jpg,1,0,0,1,0.01
HDPE-93_jpg.rf.f10b763c29554f6287a14d3e5b58ca3d.jpg,0,1,0,1,0.01
HDPE-941_jpg.rf.383eb7eeb4c98e3ecb338d13cf436300.jpg,1,0,0,1,0.01
HDPE-942_jpg.rf.399d77e3daaedf950cff9555847ddf74.jpg,1,0,0,1,0.01
HDPE-943_jpg.rf.c42e4ba230cb69e25e297e1169e809cb.jpg,0,0,1,1,0.01
HDPE-944_jpg.rf.88dae247b838bc3df2b63356e08ecb40.jpg,1,0,0,1,0.01
HDPE-946_jpg.rf.b29ab212a71d295f69b3c9a1f45128b7.jpg,1,0,0,1,0.01
HDPE-948_jpg.rf.31d91bdfcf8e5737132adfb799dff900.jpg,1,0,0,1,0.01
HDPE-949_jpg.rf.5f343bbef356d4622d84f29770423cad.jpg,1,0,0,1,0.01
HDPE-94_jpg.rf.33e1098b3a1d09548a199e895dc149b5.jpg,1,0,0,1,0.01
HDPE-94_jpg.rf.635f1ed2ae62faad83edbbb3d4126c97.jpg,1,0,0,1,0.01
HDPE-952_jpg.rf.dc967f5c922287d7b3557cd8211c35f1.jpg,1,0,0,1,0.01
HDPE-953_jpg.rf.2f447a9a9b388a8b821b31251afe4d81.jpg,1,0,0,1,0.01
HDPE-954_jpg.rf.87609e13174cac160e51b664e2d2b28a.jpg,1,0,0,1,0.01
HDPE-955_jpg.rf.e182b5d9dc88c4a8c9e6734f283ee59a.jpg,1,0,0,1,0.01
HDPE-956_jpg.rf.aa2f9196114d711d01cbebe2953b5526.jpg,1,0,0,1,0.01
HDPE-957_jpg.rf.251e61521690e7400235b1f080a348c7.jpg,0,0,1,1,0.01
HDPE-958_jpg.rf.c3e10cbf89cc5c3c6acb1c5b528c9adf.jpg,1,0,0,1,0.01
HDPE-95_jpg.rf.7a1d3fcab85548c560de02e6ea37ff8a.jpg,1,0,0,1,0.01
HDPE-960_jpg.rf.1d3f73eaad34823903d200e3c2845019.jpg,0,0,1,1,0.01
HDPE-962_jpg.rf.a2930c290220339fe9518457e9cbdbd7.jpg,1,0,0,1,0.01
HDPE-963_jpg.rf.b91df6ecba7199109774cdb69474fb98.jpg,1,0,0,1,0.01
HDPE-964_jpg.rf.2ff1e60b5f0e18dfd35ed669abb1cfb5.jpg,0,0,1,1,0.01
HDPE-965_jpg.rf.beaa2d430104a4a4bdf84f24f1ecb03d.jpg,1,0,0,1,0.01
HDPE-966_jpg.rf.5d42a895c6a4bf65595bd498686f5013.jpg,1,0,0,1,0.01
HDPE-967_jpg.rf.afea9b6d2dd8b72e1ff7e47f7e3181ab.jpg,1,0,0,1,0.01
HDPE-969_jpg.rf.d4f9cb92746713287b5126865fc625b7.jpg,1,0,0,1,0.01
HDPE-96_jpg.rf.a610990546c3a4fed22b32db92296b08.jpg,0,0,1,1,0.01
HDPE-970_jpg.rf.a496117ae0e82a3e978fbd47ece819ce.jpg,1,0,0,1,0.01
HDPE-972_jpg.rf.15a85feecbbf1b0a940be7c8b9ab06e6.jpg,1,0,0,1,0.01
HDPE-974_jpg.rf.758ae505275731e37fc15a586a61f9b9.jpg,1,0,0,1,0.01
HDPE-975_jpg.rf.5c6373cbdaae8b36140bd8a3ff681d3d.jpg,1,0,0,1,0.01
HDPE-977_jpg.rf.1e7e3e1677dd151b3a89b3f1b1811f24.jpg,0,0,1,1,0.01
HDPE-979_jpg.rf.e46ff09cf863f824ead41c3644c0c7d3.jpg,1,0,0,1,0.01
HDPE-97_jpg.rf.3429fa6a2493ac41542cca666371e5bc.jpg,0,0,1,1,0.01
HDPE-980_jpg.rf.901b7a765adf4cc9c1f58a2c406febde.jpg,0,1,0,1,0.01
HDPE-983_jpg.rf.6a9d86e6ef9886878a2e8a1e52ca199a.jpg,1,0,0,1,0.01
HDPE-984_jpg.rf.f0091c33a3fbc79fd207b0d2f978ba7e.jpg,0,0,1,1,0.01
HDPE-986_jpg.rf.1673d6bc6fc80435773986db20c10253.jpg,0,0,1,1,0.01
HDPE-987_jpg.rf.b7ef37fcb6de4eab7e6d4adca95a8ccd.jpg,1,0,0,1,0.01
HDPE-988_jpg.rf.921c3708ce90de051a769fb78cc9c3de.jpg,1,0,0,1,0.01
HDPE-98_jpg.rf.e04974bbcba053a54d56e4b145864992.jpg,1,0,0,1,0.01
HDPE-98_jpg.rf.e7a5fec03326ddba823b3c54de269f25.jpg,1,0,0,1,0.01
HDPE-990_jpg.rf.d8d7d185f399eab311f124ef6ab33cba.jpg,1,0,0,1,0.01
HDPE-991_jpg.rf.f2b3c822bddbf10fd2bce628b2c5c5ff.jpg,0,0,1,1,0.01
HDPE-992_jpg.rf.d4d1bc7dad9ed1a4c1cb9bc20a0ea238.jpg,1,0,0,1,0.01
HDPE-994_jpg.rf.0482d39033c68c59e03b21a24f36ef8a.jpg,0,0,1,1,0.01
HDPE-995_jpg.rf.3e8fae077a2bf6572b9254f1362f107f.jpg,1,0,0,1,0.01
HDPE-996_jpg.rf.0fbebe022889d2975affb9156e6bec69.jpg,0,0,1,1,0.01
HDPE-998_jpg.rf.92b62c7fa88f33e4503def0c6ba6fee6.jpg,1,0,0,1,0.01
HDPE-999_jpg.rf.aae8e1bb6457145f632f96d599cc7d87.jpg,1,0,0,1,0.01
HDPE-99_jpg.rf.9618ce4d207d79088d03af81b96a769f.jpg,1,0,0,1,0.01
HDPE-99_jpg.rf.a1f44bc1170f2f561eb40da2e9087c28.jpg,0,1,0,1,0.01
HDPE-9_jpg.rf.2e1318668d2c7a29954a3f2f13ab9b57.jpg,1,0,0,1,0.01
HDPE-9_jpg.rf.bb038727fa28f83329ddad5eeb2061c1.jpg,1,0,0,1,0.01
HDPE-9_jpg.rf.d5244bb9fb7497b587c90cb981616648.jpg,1,0,0,1,0.01
Image100_jpg.rf.0b1167a5605fb1e11204a6eef07e6b57.jpg,0,1,0,1,0.01
Image101_jpg.rf.433f6042dae8b8fc9d7f68a97f500f51.jpg,0,1,0,1,0.01
Image102_jpg.rf.57416bdadb06f81aa96922875cb04845.jpg,0,1,0,1,0.01
Image103_jpg.rf.9d568db1c1a535919f04f9456c6443aa.jpg,0,1,0,1,0.01
Image104_jpg.rf.631b1015551952154089c0ae5472b16c.jpg,0,1,0,1,0.01
Image105_jpg.rf.3d48a817e3aed01c2eddb86fe40b2c67.jpg,0,1,0,1,0.01
Image106_jpg.rf.6619365561a6eaa5f616e2acdba2018e.jpg,0,1,0,1,0.01
Image107_jpg.rf.77ae0db0bb0dd7d261df1f1b20385ad9.jpg,0,1,0,1,0.01
Image108_jpg.rf.8531e4ae57ddec8a3ba22361ec7d03cf.jpg,0,1,0,1,0.01
Image109_jpg.rf.b5afcfee80cf44e3ccc0c627bfacbf78.jpg,0,0,1,1,0.01
Image10_jpg.rf.0b11da71a5923bfca5804f1c06f82fd0.jpg,0,1,0,1,0.01
Image110_jpg.rf.0b52e72249ae1d930179a1a5daf0bade.jpg,0,1,0,1,0.01
Image111_jpg.rf.7e8e3f648b5c6067e88113057aaf2bfe.jpg,0,1,0,1,0.01
Image112_jpg.rf.2e83fe689ee24c5df735d274e46ce79c.jpg,0,1,0,1,0.01
Image113_jpg.rf.d75b8adcf4a666e3172701031532e10d.jpg,0,0,1,1,0.01
Image114_jpg.rf.156523629889493147730c79007424f6.jpg,0,1,0,1,0.01
Image115_jpg.rf.aeabe879932666364e42b67f9b24892e.jpg,0,1,0,1,0.01
Image116_jpg.rf.ec5b6aef84779be184c9b40c82cdac99.jpg,0,1,0,1,0.01
Image117_jpg.rf.246d0032979f3a383fa69441fd7cf008.jpg,0,1,0,1,0.01
Image118_jpg.rf.86b6edf34d4ef461745da4ec88661f8e.jpg,0,1,0,1,0.01
Image119_jpg.rf.a73ce31acf5a707f5c9e8e7e1f23a7f5.jpg,0,1,0,1,0.01
Image11_jpg.rf.c597c9045b11e0e5016702a0a0f1277f.jpg,0,1,0,1,0.01
Image120_jpg.rf.730dc6183f9f3c6c30ffb946aef22ada.jpg,0,1,0,1,0.01
Image121_jpg.rf.05017190ffbc91b72eb16b9cdd9eb4c5.jpg,0,1,0,1,0.01
Image122_jpg.rf.307146caa4935d38846980f4079e9793.jpg,0,1,0,1,0.01
Image123_jpg.rf.6db004edcd8bab35b260549bc3007903.jpg,0,1,0,1,0.01
Image124_jpg.rf.1b52405aea6ee9a9fa9c686a1d7f8d8d.jpg,0,1,0,1,0.01
Image125_jpg.rf.69d383aabbf15cafcf2f5add246464d8.jpg,0,1,0,1,0.01
Image126_jpg.rf.2022ad89556d611078586e5cbac45d44.jpg,0,0,1,1,0.01
Image127_jpg.rf.7ca0792156c804b9833fc664230680b6.jpg,0,1,0,1,0.01
Image128_jpg.rf.06885ad220641465f8ca7aec9e753023.jpg,0,1,0,1,0.01
Image129_jpg.rf.891ce1288f131119e77c791b4dcc5e07.jpg,0,1,0,1,0.01
Image12_jpg.rf.5236b83b06f0e651e9872db1c167a33e.jpg,0,1,0,1,0.01
Image130_jpg.rf.a3594012b008f5fec7bcded13a8338ba.jpg,0,1,0,1,0.01
Image131_jpg.rf.ab917dc788549eaf4d50be8d71fb80dc.jpg,0,1,0,1,0.01
Image132_jpg.rf.d5915c12477c1547d57bc5b184311420.jpg,0,1,0,1,0.01
Image133_jpg.rf.636ac3fd4ceab5288e88362fe8d49c3a.jpg,0,0,1,1,0.01
Image134_jpg.rf.e13779ca27f7ecc9a072d3136f19e8e3.jpg,0,1,0,1,0.01
Image139_jpg.rf.7702da5abc157a980a9911276cf8d44b.jpg,0,1,0,1,0.01
Image13_jpg.rf.b627ac93e37c71c5a57d784e3a0a72dc.jpg,0,1,0,1,0.01
Image140_jpg.rf.e1ab7f62fdb8db575e010ee44e40b8b7.jpg,0,1,0,1,0.01
Image141_jpg.rf.f6693b3b15df48ae99196454ec04fc72.jpg,0,1,0,1,0.01
Image142_jpg.rf.786f59f64cd2aa015c09c4d1f5356b71.jpg,0,0,1,1,0.01
Image143_jpg.rf.967e04faf47706a24f7b3bdeb0ce976c.jpg,0,1,0,1,0.01
Image144_jpg.rf.a3c27d2daab881fb5c50ac74f31836e1.jpg,0,1,0,1,0.01
Image145_jpeg_jpg.rf.d81398e1e93e3269ea98ef4b9e7f90d6.jpg,0,0,1,1,0.01
Image146_jpg.rf.07ea4066ee1f963c51c28f1b5cf1dc44.jpg,0,1,0,1,0.01
Image147_jpg.rf.e829737832621c8bec00deb5d0cee2f0.jpg,0,1,0,1,0.01
Image148_jpg.rf.920b131b6abbb961cf2725393f8bd20f.jpg,0,1,0,1,0.01
Image14_jpg.rf.d05e8d3a6074c66adad710846f2e48ce.jpg,0,1,0,1,0.01
Image150_jpg.rf.262bf85d696a4a44330c84fb4bb1316e.jpg,0,1,0,1,0.01
Image151_jpg.rf.3f0d914cc00aed7f569d3444f0519137.jpg,0,1,0,1,0.01
Image152_jpeg_jpg.rf.77f2f80fd274609c1255b73be4867852.jpg,0,1,0,1,0.01
Image153_jpg.rf.50533ca75dc7f6975ce6cd279239af9c.jpg,0,1,0,1,0.01
Image154_png_jpg.rf.59ac9076aedea74a323f51f5e9851cf8.jpg,0,1,0,1,0.01
Image155_jpg.rf.653b5d5d3b4d1b3b23b5a94c5414f409.jpg,0,0,1,1,0.01
Image156_jpeg_jpg.rf.3503ac0a10dfb29f3787a116c8b96ea0.jpg,0,1,0,1,0.01
Image157_jpeg_jpg.rf.107a230db0ea19199f7853914bdab42d.jpg,0,1,0,1,0.01
Image158_jpg.rf.2ae1b0cc402dbc882117e18493616712.jpg,0,1,0,1,0.01
Image159_jpg.rf.0cbdb645eb5fd004c0014e1e3d5738a7.jpg,0,1,0,1,0.01
Image15_jpg.rf.59b923c4c2f9f2ab1b6b44c82558fc0a.jpg,0,1,0,1,0.01
Image161_jpg.rf.75bfb117a35831473469a5bce8e193c6.jpg,0,0,1,1,0.01
Image162_jpg.rf.337e89019aaaad6689e294618834a733.jpg,0,1,0,1,0.01
Image163_jpg.rf.4a020a1cc7116e851039ac807dd13cca.jpg,0,0,1,1,0.01
Image165_jpeg_jpg.rf.89ab040a047bfc6167ec21a7f1d2eee8.jpg,0,0,1,1,0.01
Image167_jpg.rf.32f002f1b55a8113e3286fd059900ca1.jpg,0,1,0,1,0.01
Image168_jpg.rf.d334b3d5d9c22ca2e45a1d48601dc333.jpg,0,0,1,1,0.01
Image16_jpg.rf.522d43b4a49fe77648ddb2cc44cb37ec.jpg,0,0,1,1,0.01
Image170_jpg.rf.35d5710e72e6325dc33e40d88da30531.jpg,0,1,0,1,0.01
Image171_jpg.rf.ba3395e64b2cbe61bdb8356bd057860e.jpg,0,1,0,1,0.01
Image176_jpg.rf.6ddd04692cc06cc402093b8310c39ca9.jpg,0,1,0,1,0.01
Image177_jpg.rf.634d9776dd320145540d05f0346068a4.jpg,0,1,0,1,0.01
Image178_jpg.rf.c349f4b973c15c776071e905a197c696.jpg,0,1,0,1,0.01
Image179_jpg.rf.12ecd9e4ddade0426493fee4474963b5.jpg,0,1,0,1,0.01
Image17_jpg.rf.30aa681b6c42b2a8dd4312efcc75a6d5.jpg,0,1,0,1,0.01
Image180_jpg.rf.16a8c9f94af85dfca9c5aa4cb609a10c.jpg,0,0,1,1,0.01
Image181_jpg.rf.d928a7f0d34771bfe4c184c3dadc88d3.jpg,0,1,0,1,0.01
Image182_jpg.rf.6b4df6e86bddc1454c7cebff1ae7efd1.jpg,0,1,0,1,0.01
Image183_jpg.rf.246b2cd6d295b31eda1b94433f3fca1d.jpg,0,1,0,1,0.01
Image184_jpg.rf.5521d346d870d21379fe1f28a970e974.jpg,0,1,0,1,0.01
Image185_jpg.rf.c7d414c7c2cac24a9fc34474036eb6ef.jpg,0,1,0,1,0.01
Image186_jpg.rf.16df5d75717f62c54b8ebfa59b59d59a.jpg,0,1,0,1,0.01
Image187_jpg.rf.8184872fd8ea4c699176ec5e0c5c98dd.jpg,0,1,0,1,0.01
Image188_jpg.rf.51d45358f830aa70b4de23f36d9d7c40.jpg,0,1,0,1,0.01
Image189_jpg.rf.6eec7351d5a078b90d036843401323c4.jpg,0,0,1,1,0.01
Image18_jpg.rf.0d413acb3bf69cf211d1ce9f13639cee.jpg,0,1,0,1,0.01
Image191_jpg.rf.f9c056d3f24e83bf3f00ea1afa02f06d.jpg,0,0,1,1,0.01
Image193_jpg.rf.dde8f84d0a51ed25c6feec1338932204.jpg,0,1,0,1,0.01
Image194_jpg.rf.63ecfce1731ca18493e182eec9cdbc28.jpg,0,1,0,1,0.01
Image195_jpg.rf.8d54559d0ba7c014c6e111e3ff25e428.jpg,0,1,0,1,0.01
Image196_jpg.rf.bb258b1481aecfc5b517d3bec6743be0.jpg,0,1,0,1,0.01
Image197_jpg.rf.04f97ede48de23e37a462ace322ea565.jpg,0,1,0,1,0.01
Image198_jpg.rf.642c9ff6a4e03cf8cc5f2bd85be4b532.jpg,0,1,0,1,0.01
Image1_jpg.rf.c17b5a5c2f1de7f8e184a5dc52af160a.jpg,0,1,0,1,0.01
Image200_jpg.rf.f2847511d403ea455493c953f568487d.jpg,0,1,0,1,0.01
Image201_jpg.rf.e350339898cd0a1b153b6d92bc39ec61.jpg,0,1,0,1,0.01
Image202_jpg.rf.29a911c5e1a97d7fc1b450e8e098f655.jpg,0,1,0,1,0.01
Image203_jpg.rf.c8919dd0ebfb4945477821862090a14e.jpg,0,1,0,1,0.01
Image206_jpg.rf.c567ccb3bfe60418854b082e2801c7e5.jpg,0,1,0,1,0.01
Image207_jpg.rf.24bd527ae77a910ab139ade5aec6b0fc.jpg,0,0,1,1,0.01
Image208_jpg.rf.a721ac78ed4e13895b512c88757cc42e.jpg,0,1,0,1,0.01
Image209_jpg.rf.977f62cbb4266e2a57c866016e0b39da.jpg,0,1,0,1,0.01
Image210_jpg.rf.abcfeebf00d5eee98e2ab217f82ee701.jpg,0,1,0,1,0.01
Image211_jpg.rf.087c14ab2300ca3ee232be09e0d0c580.jpg,0,0,1,1,0.01
Image212_jpg.rf.2cb0d2cb76e1534bf6705c87b1792da3.jpg,0,1,0,1,0.01
Image213_jpg.rf.8fe4e524fc0a46abd731ad52ae356f8f.jpg,0,1,0,1,0.01
Image214_jpg.rf.6c18ce602b6aa7f4496521c34d2e629e.jpg,0,1,0,1,0.01
Image215_jpg.rf.a967f777994edec406e7bd4c60b9358d.jpg,0,1,0,1,0.01
Image216_jpg.rf.bbb4b69d749e8a7ac1e95355bd9eb668.jpg,0,1,0,1,0.01
Image217_jpg.rf.4d5dfd4216d75ebd4a40cb2f191b066b.jpg,0,1,0,1,0.01
Image218_jpg.rf.c071d6bc145f2ba3440505b5ec6b1aef.jpg,0,1,0,1,0.01
Image219_jpg.rf.2830debd6098d1f26d1780caa26fe270.jpg,0,1,0,1,0.01
Image220_jpg.rf.eb213f0a7614521d121f5798e8d2555d.jpg,0,0,1,1,0.01
Image221_jpg.rf.25c746ef8c7a0eff2084d9d570ff8885.jpg,0,0,1,1,0.01
Image222_jpg.rf.99cc3cedecf40c8805dd4ba0219ef9b9.jpg,0,1,0,1,0.01
Image223_jpg.rf.0125f2ea37335283634cb38a57d9a9a6.jpg,0,1,0,1,0.01
Image224_jpg.rf.13d20d65a98f784e577c5cc2842d3b8b.jpg,0,1,0,1,0.01
Image225_jpg.rf.b7cdeecbb3548541b2025bc898f4e8d8.jpg,0,0,1,1,0.01
Image226_jpg.rf.e7da3a4a8e0d44d028e56507bcfdc64b.jpg,0,1,0,1,0.01
Image227_jpg.rf.75da033ebb9e5e858e729eb3c03e2e57.jpg,0,0,1,1,0.01
Image228_jpg.rf.ad9d2e51b9295a27e1f1bb26dec854a3.jpg,0,0,1,1,0.01
Image229_jpg.rf.0af3a0f299df3b47f94d06a7d65a25fc.jpg,0,1,0,1,0.01
Image230_jpg.rf.00f296d7d0caada3cd966b6a8bda098a.jpg,0,0,1,1,0.01
Image231_jpg.rf.34ac5a6b1a9d0806b0cd66d43908f34e.jpg,0,1,0,1,0.01
Image233_jpg.rf.8d3f308332b522b21ea90cd027e30c8c.jpg,0,1,0,1,0.01
Image234_jpg.rf.4c507ff0b13f025463883431fbd5fffe.jpg,0,1,0,1,0.01
Image235_jpg.rf.a3e977e3f7ca2a0dea5120a533a79fcb.jpg,0,1,0,1,0.01
Image236_jpg.rf.4ad68058d38c5a4b3113143d7ce25347.jpg,0,0,1,1,0.01
Image237_jpg.rf.0fd6a812776d5ebad12d24fd42e4dcba.jpg,0,1,0,1,0.01
Image238_jpg.rf.af617a1bd632d4fcf7d53b016ed61ddb.jpg,0,1,0,1,0.01
Image239_jpg.rf.c83e63177b2cdbb43e5668cec4a527c3.jpg,0,1,0,1,0.01
Image240_jpg.rf.0c56575a876853e322a45676544ca5d4.jpg,0,1,0,1,0.01
Image241_jpg.rf.e749f13c1573369d7e517946750a5509.jpg,0,1,0,1,0.01
Image242_jpg.rf.d8093019e585bdc126d4190cb5bfed5c.jpg,0,0,1,1,0.01
Image243_jpg.rf.44c7da2fda6caea43b384eadbe2424e5.jpg,0,0,1,1,0.01
Image244_jpg.rf.c0af42dc466b59970069b755c9052622.jpg,0,1,0,1,0.01
Image245_jpg.rf.04abed628faeda7f84cfe18d2954231e.jpg,0,1,0,1,0.01
Image246_jpg.rf.632eece4cde2fcbf58d4ea0c753c4031.jpg,0,0,1,1,0.01
Image247_jpg.rf.702b7a3a6d917ca0d85dac193ea14e86.jpg,0,0,1,1,0.01
Image248_jpg.rf.c0a73dd967f1c2b2c4c27c8a2ae112bf.jpg,0,0,1,1,0.01
Image249_jpg.rf.39ec2fe5ca6e14c7012bfe4eea16189b.jpg,0,1,0,1,0.01
Image251_jpg.rf.74f8d1288054c86dd609cdb87915bdf2.jpg,0,1,0,1,0.01
Image252_jpg.rf.dd414059204ff547b6fd8dd2b1105866.jpg,0,1,0,1,0.01
Image254_jpg.rf.01d08ce00e54ea25dab20fd859d839d1.jpg,0,0,1,1,0.01
Image255_jpg.rf.89bd79b56a5faef06d555841b9ff6b25.jpg,0,0,1,1,0.01
Image256_jpg.rf.29c81944d4eb88f39623dbf8281913c2.jpg,0,1,0,1,0.01
Image257_jpg.rf.136d93b99c570276be13a158773eebdc.jpg,0,0,1,1,0.01
Image258_jpg.rf.77bd5e112599415b962865f1f6251be5.jpg,0,0,1,1,0.01
Image259_jpg.rf.6aa269e9467cbd5a75719ac5240f7ce3.jpg,0,0,1,1,0.01
Image260_jpg.rf.32c778af914dd5f5a215dcad5241b31e.jpg,0,1,0,1,0.01
Image261_jpg.rf.be3c8c73008c094f9fa64b6ceaf8edd9.jpg,0,0,1,1,0.01
Image262_jpg.rf.3a52cba7a76c1788333d36640369e5ad.jpg,0,0,1,1,0.01
Image263_jpg.rf.aed4d74a2f7393990ea443d23bcf504e.jpg,0,0,1,1,0.01
Image264_jpg.rf.b7a2aaff50aa209040a4b8ae398666b8.jpg,0,0,1,1,0.01
Image265_jpg.rf.db3fb76d1276c13ad0826f75b74bb691.jpg,0,0,1,1,0.01
Image266_jpg.rf.6ad367928b777922cde0cfcd5af42a22.jpg,0,0,1,1,0.01
Image267_jpg.rf.5d343e1e38c953decbb29df6d5bb17eb.jpg,0,0,1,1,0.01
Image268_jpg.rf.bafbf1dc25d828ea2b6c01fc79267f22.jpg,0,0,1,1,0.01
Image269_jpg.rf.15b167b7d4ca97b059a21f4813913d3c.jpg,0,0,1,1,0.01
Image26_jpg.rf.fb597c7f28094350cac1366dcef883a9.jpg,0,0,1,1,0.01
Image270_jpg.rf.9f62b98e025a813f047c584be574cb5a.jpg,0,0,1,1,0.01
Image271_jpg.rf.4bc46608ece57edf1682c0228bd78f7e.jpg,0,0,1,1,0.01
Image272_jpg.rf.d784464a46b59a54d065366f57619ef3.jpg,0,0,1,1,0.01
Image273_jpg.rf.af15cbe43135b5a8924e3f988a67fb53.jpg,0,0,1,1,0.01
Image274_jpg.rf.13fe517a8c23e937aa2f7b3e2a298ac4.jpg,0,0,1,1,0.01
Image275_jpg.rf.dbad65b51e78c4aaf037d2a2fd7eac38.jpg,0,0,1,1,0.01
Image276_jpg.rf.8d17f535286c3c4bbe40806c24aeb0cb.jpg,0,1,0,1,0.01
Image278_jpg.rf.455d6005932c4634ccfd0cb591d9554d.jpg,0,0,1,1,0.01
Image279_jpg.rf.f58cedf8ed9d01f98af337358689bff1.jpg,0,0,1,1,0.01
Image27_png_jpg.rf.fc5319640b2ee5de81f676e8e087fc81.jpg,0,0,1,1,0.01
Image280_jpg.rf.10e9aaa75e14f922e5296327ec6f47a8.jpg,0,0,1,1,0.01
Image281_jpg.rf.9268b162c85edadb2dcd37f33be765e8.jpg,0,0,1,1,0.01
Image282_jpg.rf.4ce9485eb02c81f59a420bd3bcadb7a1.jpg,0,0,1,1,0.01
Image283_jpg.rf.d70f0fcdb3c524f8e17803a41025c1be.jpg,0,1,0,1,0.01
Image284_jpg.rf.e53cb8760726931f4e58a52b12a1d0c6.jpg,0,0,1,1,0.01
Image285_jpg.rf.ae416f8dea82c9d3816cc8770decf01a.jpg,0,0,1,1,0.01
Image286_jpg.rf.8a899f2d06fc5daf70992fbcdc5cae54.jpg,0,0,1,1,0.01
Image287_jpg.rf.84a5d4f6ea937a010a2d7d499505beff.jpg,0,1,0,1,0.01
Image288_jpg.rf.4a0c58e0b84ebbf47ed21897d1d042b4.jpg,0,0,1,1,0.01
Image289_jpg.rf.98dfd20fc66c77610ec10224e45fea2d.jpg,0,0,1,1,0.01
Image28_jpg.rf.136261d414989310da9c42531d999fe1.jpg,0,0,1,1,0.01
Image290_jpg.rf.8c742767b932236de98fb0c2b2d836ce.jpg,0,0,1,1,0.01
Image291_jpg.rf.3f02d0acfc2dc0d8f8f13f428d81904d.jpg,0,1,0,1,0.01
Image292_jpg.rf.c1774a3ad306b175aeb690b1971b6c8d.jpg,0,0,1,1,0.01
Image293_jpg.rf.dd1fa88239508380d80d547c13374cd1.jpg,0,0,1,1,0.01
Image294_jpg.rf.475021f2dc5c77c90dc9883abba5b055.jpg,0,0,1,1,0.01
Image295_jpg.rf.196793efda3325b284592c641bb5efec.jpg,0,0,1,1,0.01
Image296_jpg.rf.1c90b81329c9e44d26e5a1ab6121b0f6.jpg,0,0,1,1,0.01
Image297_jpg.rf.739af7b4c68ea50b55d4023fea2f8168.jpg,0,1,0,1,0.01
Image298_jpg.rf.e472bb65eb3b824cc88eb4165f13b073.jpg,0,0,1,1,0.01
Image299_jpg.rf.af98821dcf8f5034bdc29e1052d63e1f.jpg,0,0,1,1,0.01
Image29_jpg.rf.347ce2e75e3964c58399f498d78eebd8.jpg,0,0,1,1,0.01
Image2_jpg.rf.8ea889d0b329cefa9a142ae6283b6636.jpg,0,0,1,1,0.01
Image301_jpg.rf.17a2d9253928859e4994766b14bd0254.jpg,0,0,1,1,0.01
Image302_jpg.rf.bab7c882924c57e0f47e39b06f8199e5.jpg,0,0,1,1,0.01
Image303_jpg.rf.31f11126020c8401d9e0808b3086e35e.jpg,0,0,1,1,0.01
Image304_jpg.rf.d0bfb15b6b74f7bb03a91234e6646070.jpg,0,1,0,1,0.01
Image305_jpg.rf.a09f898c5e9c64b9db83742b3f78b930.jpg,0,0,1,1,0.01
Image306_jpg.rf.615c3b856b0b41d40580a24ead5075f5.jpg,0,0,1,1,0.01
Image307_jpg.rf.968c56907bc2e3e280dd58984b431769.jpg,0,1,0,1,0.01
Image308_jpg.rf.5f5b1b9684a7644be0b6b506e3365287.jpg,0,0,1,1,0.01
Image309_jpg.rf.961c6ee9718039917bcbeab486aa6ccb.jpg,0,0,1,1,0.01
Image30_jpg.rf.1c26808abeabf80cc90948243aee912f.jpg,0,0,1,1,0.01
Image310_jpg.rf.bc00edf272fb37e8300a46e13a06af17.jpg,0,0,1,1,0.01
Image311_jpg.rf.fcaf28ba3346adfb01d389b74ed14eb8.jpg,0,0,1,1,0.01
Image312_jpg.rf.f9c6a9f719fa3780c1d427b8d633845b.jpg,0,0,1,1,0.01
Image313_jpg.rf.bbbc8dcf1e011683dc7d7a969dd80902.jpg,0,0,1,1,0.01
Image31_jpg.rf.b1571b1deeefa4adf0174022ee2158bf.jpg,0,0,1,1,0.01
Image320_jpg.rf.4645c11475cb875248045fb5fb798815.jpg,0,0,1,1,0.01
Image321_jpg.rf.2afd1471cc346661b050d92465594a35.jpg,0,0,1,1,0.01
Image322_jpg.rf.9dddc1135c573bf3c3753c5108701526.jpg,0,0,1,1,0.01
Image325_jpg.rf.b4422909f9e98871d85d06a146945ebe.jpg,0,0,1,1,0.01
Image326_jpg.rf.725bc55b58254517e56e1a3654313b11.jpg,0,0,1,1,0.01
Image327_jpg.rf.dd1de8f3fd25aa0260b1df9de6721570.jpg,0,0,1,1,0.01
Image328_jpg.rf.f17ed132b8e93e77a8a4e44d7892d076.jpg,0,0,1,1,0.01
Image329_jpg.rf.28da158f61722671c17f7f9d7f4652c9.jpg,0,1,0,1,0.01
Image32_jpg.rf.df8c78871786926f9fb0e2c4bd1cc00e.jpg,0,0,1,1,0.01
Image330_jpg.rf.b64088d0fe5600428db957f583e6ca96.jpg,0,0,1,1,0.01
Image331_jpg.rf.c2e715833dce993881213251828d12ae.jpg,0,0,1,1,0.01
Image332_jpg.rf.02b93e670ca90878a8b275ef38e8898d.jpg,0,0,1,1,0.01
Image333_jpg.rf.07c46abfc7421b79ca710a6944403b24.jpg,0,0,1,1,0.01
Image334_jpg.rf.a04af701cf9b0a197303dde3a2ef6389.jpg,0,1,0,1,0.01
Image335_jpg.rf.b210c706b105dc2dd287fd3928c037a4.jpg,0,0,1,1,0.01
Image336_jpg.rf.8281f6d9ff0bc44b861e47dc3ec3e655.jpg,0,0,1,1,0.01
Image337_jpg.rf.7330ddc413b172d67a62aab92abb750e.jpg,0,1,0,1,0.01
Image33_jpg.rf.fa3cf1a9673750fc7c1c0c1aadc5d989.jpg,0,0,1,1,0.01
Image35_jpg.rf.6a07b7a7a72de1ab5d894148812bd806.jpg,0,0,1,1,0.01
Image37_jpg.rf.a26e25cec20e9fdcaeefbb269557480c.jpg,0,1,0,1,0.01
Image38_jpg.rf.e71490931d7c14dc43b9ede873bd29b1.jpg,0,0,1,1,0.01
Image39_jpg.rf.0c0c1da7d6d24c64add3dc12b856a652.jpg,0,0,1,1,0.01
Image3_jpg.rf.28c2e53f2e3a12907d3774a4f68a0dfc.jpg,0,0,1,1,0.01
Image40_jpg.rf.98dba26af1978da06b14b51f5edbaeaf.jpg,0,1,0,1,0.01
Image41_jpg.rf.25551fd6ef44e85226c1efe4094e6f27.jpg,0,0,1,1,0.01
Image43_jpg.rf.2fe67bf83f3a032b4c0a6fdbe6c6ee33.jpg,0,0,1,1,0.01
Image44_jpg.rf.82d2b91cab48e76d09f54024e9732eb6.jpg,0,0,1,1,0.01
Image45_jpg.rf.4557d52cc14496a42ffe4cf900aad5e1.jpg,0,1,0,1,0.01
Image46_jpg.rf.b0e96767c3d468117b480e1244990824.jpg,0,0,1,1,0.01
Image47_jpg.rf.cfaab176c018c8f4deeae7725bd6b219.jpg,0,0,1,1,0.01
Image48_jpg.rf.6f7a2d9f77454243f0a821f76ca5e794.jpg,0,0,1,1,0.01
Image4_jpg.rf.3ee08213638c6bb794148fb62e7f8004.jpg,0,0,1,1,0.01
Image50_jpg.rf.67d7553394435a6e1a0bf57c173ab01f.jpg,0,0,1,1,0.01
Image52_jpg.rf.3a0d7ec4aa6998ad03a6fcfb356a6351.jpg,0,0,1,1,0.01
Image53_jpg.rf.d30546df457a83fb592d87eddb5db9a1.jpg,0,1,0,1,0.01
Image54_jpg.rf.aea956a7e303818cf99303d894687433.jpg,0,0,1,1,0.01
Image55_jpg.rf.326a17518f2b8c0351368e4141ca5696.jpg,0,0,1,1,0.01
Image56_jpg.rf.406b7f84c705252ec7ce95104a45c102.jpg,0,0,1,1,0.01
Image57_jpg.rf.6c716237a73aea244ab81de0d908dc6f.jpg,0,1,0,1,0.01
Image58_jpg.rf.4995e01c3abb5d5513cbcbfef5163553.jpg,0,0,1,1,0.01
Image59_jpg.rf.0680d06c35ba31050917daa031dfeb44.jpg,0,1,0,1,0.01
Image5_jpg.rf.86152931deff27d90acc14a85db99469.jpg,0,0,1,1,0.01
Image60_jpg.rf.2f300ead695e3849bbf8a804619e4309.jpg,0,0,1,1,0.01
Image61_jpg.rf.28d2eab14880471a5231edceadb4375b.jpg,0,0,1,1,0.01
Image63_jpg.rf.9a241641e257b59bf066126e0bf385ff.jpg,0,0,1,1,0.01
Image64_jpg.rf.838b0a16de2352918fbc97a725dc16b7.jpg,0,0,1,1,0.01
Image65_jpg.rf.8a04c70fb45121227df945f0cac0d9f2.jpg,0,0,1,1,0.01
Image66_jpg.rf.eb413e288c7c949519273ba1246dc1d4.jpg,0,0,1,1,0.01
Image68_jpg.rf.59de8c507bac60c87139593db0a8d1b2.jpg,0,0,1,1,0.01
Image69_jpg.rf.90f3d3e3785c813cbb9b4749c564303c.jpg,0,0,1,1,0.01
Image6_jpg.rf.901a301ee3e3066f686ff1f494be551e.jpg,0,0,1,1,0.01
Image70_jpg.rf.26dc3793f54f39cd5b850bb6820e4095.jpg,0,0,1,1,0.01
Image71_jpg.rf.7b6ba2abd1f3feec1eaa8e822cc4a8ba.jpg,0,0,1,1,0.01
Image72_jpg.rf.275b557e943497e88721ab1c8ee9202b.jpg,0,0,1,1,0.01
Image73_jpg.rf.df64294d832104464ff0c5a3570a42b1.jpg,0,0,1,1,0.01
Image74_jpg.rf.ab0a293c16c85a970d44071f9a5f2e00.jpg,0,0,1,1,0.01
Image75_jpg.rf.f3d4cf1bdea12ab6c0e67371dff8c5df.jpg,0,0,1,1,0.01
Image76_jpg.rf.6d66449532576ce86698b1bbcfe3b902.jpg,0,0,1,1,0.01
Image77_jpg.rf.45c56542574a7d44cd95094f3f19bb18.jpg,0,0,1,1,0.01
Image78_jpg.rf.82893ff72ce62db5452e9c879fde1030.jpg,0,0,1,1,0.01
Image79_jpg.rf.58cfbd9eb480f4c40c03a6f44494a009.jpg,0,0,1,1,0.01
Image7_jpg.rf.94fd597e807e4d9d948b7b404dfed427.jpg,0,0,1,1,0.01
Image81_jpg.rf.c78c45abd7887257ceb065f3d6d847da.jpg,0,0,1,1,0.01
Image82_jpg.rf.8c37771935ad1d0a2859cca7bcb1e45e.jpg,0,0,1,1,0.01
Image83_jpg.rf.117afbfdbc94c79193902fc5e6b7ba6b.jpg,0,0,1,1,0.01
Image84_jpg.rf.a45f9176b461d7912ac16c04c6a72210.jpg,0,0,1,1,0.01
Image86_jpg.rf.db3e9aaa4d6643cfa316d0e766fbb70e.jpg,0,0,1,1,0.01
Image87_jpg.rf.33ad06fba09e04f1653fa2118de1cd98.jpg,0,1,0,1,0.01
Image88_jpg.rf.61c134640aedb2af3ed8dec211eb2313.jpg,0,0,1,1,0.01
Image89_jpg.rf.74102acf7e0ba737ff91f49aba397507.jpg,0,0,1,1,0.01
Image8_jpg.rf.b8bcc83e4c89e3be4051af52921c32aa.jpg,0,0,1,1,0.01
Image90_jpg.rf.8968ed49f224d52808353b2c8bd8c200.jpg,0,0,1,1,0.01
Image91_jpg.rf.73187b6948683fa519746c6549793f6a.jpg,0,1,0,1,0.01
Image92_jpg.rf.d6d4a9c4d1270650f364bd996c75c700.jpg,0,0,1,1,0.01
Image93_jpg.rf.8029f89aa71b17cda491d8498c45fa42.jpg,0,0,1,1,0.01
Image94_jpg.rf.8bcd3897c658018e2128dc717276552f.jpg,0,1,0,1,0.01
Image95_jpg.rf.1877302fff85f8b2773527183ef27bfd.jpg,0,0,1,1,0.01
Image96_jpg.rf.3ff891cb8716f2aea6c31cd65258568a.jpg,0,0,1,1,0.01
Image97_jpg.rf.ff4fa422a32b6b3a256f81238617e151.jpg,0,0,1,1,0.01
Image98_jpg.rf.4c77df35558be9822e21b09dec2ecaf4.jpg,0,0,1,1,0.01
Image99_jpg.rf.5d8f0e9a28080d601940158a69da815e.jpg,0,0,1,1,0.01
Image9_jpg.rf.2662d1069e55f6e7270ade29ae76f3be.jpg,0,0,1,1,0.01
LDPE-0_jpg.rf.5a91385aff5bbbe3972ecf847dbf1065.jpg,1,0,0,1,0.01
LDPE-0_jpg.rf.bc7238c086608dd146ad86967aca316e.jpg,1,0,0,1,0.01
LDPE-100_jpg.rf.1fd03ef30c9fde30bb74ff7d30aaec75.jpg,1,0,0,1,0.01
LDPE-101_jpg.rf.9fc6774ea7bf6aab524c679652b395c2.jpg,0,0,1,1,0.01
LDPE-102_jpg.rf.51970b388dfb137814c7fb854798470c.jpg,0,0,1,1,0.01
LDPE-103_jpg.rf.a4e2bdbf8362a53dea9da78960d37237.jpg,1,0,0,1,0.01
LDPE-104_jpg.rf.2a8e115585d390e6f2706bb84f6740f9.jpg,1,0,0,1,0.01
LDPE-105_jpg.rf.25379c8c0f82ecd5a2e6fa968af723c5.jpg,1,0,0,1,0.01
LDPE-106_jpg.rf.f658d6d769cf2511f806fc2454bbc041.jpg,1,0,0,1,0.01
LDPE-107_jpg.rf.5746ea037a2aed938bbd66127fe29eed.jpg,1,0,0,1,0.01
LDPE-108_jpg.rf.7beed96512fe86b0a44f33d10232905b.jpg,1,0,0,1,0.01
LDPE-109_jpg.rf.b91bad433b64bf7e67a08929efa309ef.jpg,0,0,1,1,0.01
LDPE-10_jpg.rf.1b7e3d9087869055e7554786d7ae3033.jpg,1,0,0,1,0.01
LDPE-10_jpg.rf.5c2c5a699b7cb304b439be325ce05b32.jpg,1,0,0,1,0.01
LDPE-10_jpg.rf.753e18b39aeebd8efdee9f54564dc14e.jpg,1,0,0,1,0.01
LDPE-110_jpg.rf.7c1405c78fee8974e4ac5d315c6517ee.jpg,1,0,0,1,0.01
LDPE-111_jpg.rf.93cfd22b9c2a16c1e62b9de5f72df858.jpg,0,0,1,1,0.01
LDPE-112_jpg.rf.df0a6b5a826df84415073da813344034.jpg,1,0,0,1,0.01
LDPE-113_jpg.rf.67c3b26f757d31cb204a90efb4aadd0e.jpg,1,0,0,1,0.01
LDPE-114_jpg.rf.7bee7b08634f07bea98e1c9cc8310d04.jpg,0,0,1,1,0.01
LDPE-115_jpg.rf.8a9e08a661c69a14b4c37f5c9078e517.jpg,1,0,0,1,0.01
LDPE-116_jpg.rf.25cab937b449f2ea2920c2e1501073ee.jpg,1,0,0,1,0.01
LDPE-117_jpg.rf.38be66a1af77c52810273ede94099cc9.jpg,1,0,0,1,0.01
LDPE-118_jpg.rf.e751abfd57fcff54d286fe31bd9c7392.jpg,1,0,0,1,0.01
LDPE-119_jpg.rf.5c9ada3b81a85da6db2df5ce4a3be9c1.jpg,0,0,1,1,0.01
LDPE-11_jpg.rf.4fe62044c961ab404ab698f7b672792f.jpg,1,0,0,1,0.01
LDPE-11_jpg.rf.60ed7757ed264d80c1fec57df5c7ce53.jpg,0,0,1,1,0.01
LDPE-11_jpg.rf.88e15e0eaa36cc5aa1796e0f12b2df11.jpg,0,0,1,1,0.01
LDPE-120_jpg.rf.78883951e4a76adc954842f6ad91735e.jpg,0,0,1,1,0.01
LDPE-121_jpg.rf.21a0a20d0734cfd4cb4093f1bc65eaaf.jpg,1,0,0,1,0.01
LDPE-122_jpg.rf.822b66f261b215d43ccbaa2584d53dd2.jpg,1,0,0,1,0.01
LDPE-123_jpg.rf.f0273893e2039aa1c17f291d9d1692c9.jpg,1,0,0,1,0.01
LDPE-124_jpg.rf.0515b8ee89f56aa3103d2abbc1a10d30.jpg,1,0,0,1,0.01
LDPE-125_jpg.rf.d144d2f2f3bf47e73fe858ce2e58ca6a.jpg,1,0,0,1,0.01
LDPE-126_jpg.rf.5c31700898dec94f8e66c333fe6168e9.jpg,1,0,0,1,0.01
LDPE-127_jpg.rf.c4c0988f4c06710fca15198a1c448d6e.jpg,1,0,0,1,0.01
LDPE-128_jpg.rf.154267896859b08dc28d4b34398dbd46.jpg,0,0,1,1,0.01
LDPE-129_jpg.rf.07136d69acc0b50ce1a93ffe328c43e5.jpg,1,0,0,1,0.01
LDPE-12_jpg.rf.4d82ed12c4404046669b944fbe55410b.jpg,1,0,0,1,0.01
LDPE-12_jpg.rf.6e5db3e6cbc8bd6b3d0ed54426c7609d.jpg,1,0,0,1,0.01
LDPE-12_jpg.rf.87f6ead46a4abae5c521a9e5f50200c0.jpg,1,0,0,1,0.01
LDPE-130_jpg.rf.a7ff87aa1d8ea6230b8ae5c5750fc69d.jpg,1,0,0,1,0.01
LDPE-131_jpg.rf.85a914d3ff452f1183e292b5454c8751.jpg,0,0,1,1,0.01
LDPE-132_jpg.rf.7374a35b18ef899a9c215bda5e201e02.jpg,0,1,0,1,0.01
LDPE-133_jpg.rf.b4255a0e35374abeddba28b6be1c284a.jpg,0,0,1,1,0.01
LDPE-134_jpg.rf.ba64c92c05f53095bc6e8e656af8247a.jpg,1,0,0,1,0.01
LDPE-135_jpg.rf.83e3d26291223235b052939381b25031.jpg,1,0,0,1,0.01
LDPE-136_jpg.rf.e6d40b30ffa9fb772165437561fe1326.jpg,1,0,0,1,0.01
LDPE-137_jpg.rf.de0ea957b0493ce6e834a4677e2cee35.jpg,1,0,0,1,0.01
LDPE-138_jpg.rf.64c22acd9bc7654e55d54901a1f44f9e.jpg,1,0,0,1,0.01
LDPE-139_jpg.rf.9745cfdb4a2f4b0fafe42b0594c794f3.jpg,1,0,0,1,0.01
LDPE-13_jpg.rf.1d32096623b6bc95a777d0d55697918c.jpg,1,0,0,1,0.01
LDPE-13_jpg.rf.551b018f0b1088bd906da8129553a051.jpg,1,0,0,1,0.01
LDPE-13_jpg.rf.a757d47fb390b5bcc1b2eef25f1fbf10.jpg,1,0,0,1,0.01
LDPE-140_jpg.rf.2db32bbe549e2179f82dc7a71cc3a85b.jpg,1,0,0,1,0.01
LDPE-141_jpg.rf.faa0d2eda36e4b6e79a7850160a9f60c.jpg,0,1,0,1,0.01
LDPE-142_jpg.rf.47413630949857593eafa9c713a3bd59.jpg,1,0,0,1,0.01
LDPE-143_jpg.rf.4820c0f9902f0b61e464300f4a089dc6.jpg,1,0,0,1,0.01
LDPE-144_jpg.rf.bf811a39dcb2a60e72416a678db8d463.jpg,1,0,0,1,0.01
LDPE-145_jpg.rf.a00d21b76534f775e63e64e25650a18e.jpg,1,0,0,1,0.01
LDPE-146_jpg.rf.092f51d3586a289ba5327dc25f7b5e01.jpg,1,0,0,1,0.01
LDPE-147_jpg.rf.efcaf4393d02707b6ff0a3455926c9ec.jpg,0,0,1,1,0.01
LDPE-148_jpg.rf.3a6070a053f9b883d0efdc21e2a808b7.jpg,1,0,0,1,0.01
LDPE-149_jpg.rf.4d1ad225c936a19dab2cb24d8944c834.jpg,0,0,1,1,0.01
LDPE-14_jpg.rf.3d8689972a8c4d2994b43e4f6aa6a93e.jpg,1,0,0,1,0.01
LDPE-14_jpg.rf.e7bbc8d2348d57ecf3fb9a68a67ed1a3.jpg,0,1,0,1,0.01
LDPE-14_jpg.rf.e8dfc1afee7ff1870309f1a3c0bb57fc.jpg,1,0,0,1,0.01
LDPE-150_jpg.rf.f9d2cd98e31f51a08185e22e12e74273.jpg,1,0,0,1,0.01
LDPE-151_jpg.rf.5c3787be99fa26ca0fb924cb6388e767.jpg,1,0,0,1,0.01
LDPE-152_jpg.rf.33d141634d4955b0b2e1034e93143d0c.jpg,0,0,1,1,0.01
LDPE-153_jpg.rf.1883ba9ec188b3e647091c6f0652b050.jpg,1,0,0,1,0.01
LDPE-154_jpg.rf.436e713df8cbdee8a3acd251b98f837a.jpg,1,0,0,1,0.01
LDPE-155_jpg.rf.4db1efd0ee062d66c9c1d3fe116d6b9c.jpg,1,0,0,1,0.01
LDPE-156_jpg.rf.e26ac338278264eac0b2fd717bda84e5.jpg,1,0,0,1,0.01
LDPE-157_jpg.rf.89f5d7934241089914dcdc13635f6a3b.jpg,1,0,0,1,0.01
LDPE-158_jpg.rf.7ae73412d96de81c49c65b7d4b08bc0a.jpg,0,1,0,1,0.01
LDPE-159_jpg.rf.055067233146891131ce01c5fd59af19.jpg,0,1,0,1,0.01
LDPE-15_jpg.rf.a55a917f772424677542de78326b0d23.jpg,1,0,0,1,0.01
LDPE-15_jpg.rf.d08defc7b7c169bacc6032330d31c188.jpg,1,0,0,1,0.01
LDPE-160_jpg.rf.7cd2f89006f6b0b47d65af84c648c5e8.jpg,1,0,0,1,0.01
LDPE-161_jpg.rf.308b2c903659bcabb1959ca673ba99aa.jpg,1,0,0,1,0.01
LDPE-162_jpg.rf.d9ce3c85e6882cae707a8bfc7562f828.jpg,1,0,0,1,0.01
LDPE-163_jpg.rf.044e899315b973debed05b7ce8691edb.jpg,1,0,0,1,0.01
LDPE-164_jpg.rf.46cbaa2a634d276177234aef1ded534e.jpg,1,0,0,1,0.01
LDPE-165_jpg.rf.c680ed43ad1de8ba5b620a0499c53a3f.jpg,0,0,1,1,0.01
LDPE-166_jpg.rf.7c01d6f11c6b7002ac07648595c1cdc5.jpg,1,0,0,1,0.01
LDPE-167_jpg.rf.4bc3bd94db2b81cc00bc9a5beaf31b3b.jpg,0,0,1,1,0.01
LDPE-168_jpg.rf.b64b4c6ddf4b34205380a64fd7a42e04.jpg,0,0,1,1,0.01
LDPE-169_jpg.rf.43417e77857f636b7cfb6f51c5c9eb1d.jpg,1,0,0,1,0.01
LDPE-16_jpg.rf.2bf1aebd573b20240fc1c73a00acf3db.jpg,1,0,0,1,0.01
LDPE-16_jpg.rf.c624299c318fe4d547b35392130ebb8f.jpg,1,0,0,1,0.01
LDPE-170_jpg.rf.277d4dcf4726346fc2c08a955f11d300.jpg,1,0,0,1,0.01
LDPE-171_jpg.rf.c72edcc6d9cab462e4fdc6dfbe128daf.jpg,1,0,0,1,0.01
LDPE-172_jpg.rf.ce0ce737df760912c7856a6b1f5efa7e.jpg,1,0,0,1,0.01
LDPE-173_jpg.rf.fec7a9e1a5392ae244fe67811f73709a.jpg,0,0,1,1,0.01
LDPE-174_jpg.rf.69de315d02769f7661466c3b43a4af29.jpg,1,0,0,1,0.01
LDPE-175_jpg.rf.c49a5765a07f0993b7261de506f29353.jpg,1,0,0,1,0.01
LDPE-176_jpg.rf.692cced027a0dc0d900ac564aa25dec9.jpg,0,1,0,1,0.01
LDPE-177_jpg.rf.7ead4cd3645454d8df7ac1a16388bb1d.jpg,0,1,0,1,0.01
LDPE-178_jpg.rf.136aadcef73f445488109813c0825672.jpg,1,0,0,1,0.01
LDPE-179_jpg.rf.0056cd349865185854484a489d028edb.jpg,1,0,0,1,0.01
LDPE-17_jpg.rf.33bf57347f3fe859ce13c19dbce00376.jpg,1,0,0,1,0.01
LDPE-17_jpg.rf.722875b0054c32ef815bf013eb1be373.jpg,1,0,0,1,0.01
LDPE-180_jpg.rf.d307f6c6ca68423998131705098d8b4f.jpg,1,0,0,1,0.01
LDPE-181_jpg.rf.92d409f4abd3049f514c12dc4c4f112d.jpg,1,0,0,1,0.01
LDPE-182_jpg.rf.5407d74fafb5aa6768b9202c11480ea5.jpg,1,0,0,1,0.01
LDPE-183_jpg.rf.79fbf4d797c1adb7219c23a8bb4d78f4.jpg,1,0,0,1,0.01
LDPE-184_jpg.rf.2e7198b1b235a7e4008e30ca581af04b.jpg,1,0,0,1,0.01
LDPE-185_jpg.rf.edc4080870740a3f7f7734239b5f65ca.jpg,1,0,0,1,0.01
LDPE-186_jpg.rf.6dfc132881e09822108584c03e7c1d4d.jpg,0,0,1,1,0.01
LDPE-187_jpg.rf.0e7007835a3ba686531e8022bf06fd08.jpg,0,0,1,1,0.01
LDPE-188_jpg.rf.74133b50321c766ec4e29dc53f9bd50b.jpg,1,0,0,1,0.01
LDPE-189_jpg.rf.e63565f75a092a43f6a7d3122de1cf5b.jpg,0,0,1,1,0.01
LDPE-18_jpg.rf.2d39b2e3fd04e0583231c4bceb2492a0.jpg,0,0,1,1,0.01
LDPE-190_jpg.rf.55a3094d490a74bcb75eb919525297d9.jpg,1,0,0,1,0.01
LDPE-191_jpg.rf.6cc344d0b3227cbd7dc3795f141034e5.jpg,1,0,0,1,0.01
LDPE-192_jpg.rf.9b560174cb04a1aa8bc3605c0698e437.jpg,1,0,0,1,0.01
LDPE-193_jpg.rf.bfd16ba4203706579ac6ec1f46328c57.jpg,1,0,0,1,0.01
LDPE-194_jpg.rf.925ddb8226b6a6f293d4064f09b9d70c.jpg,1,0,0,1,0.01
LDPE-195_jpg.rf.74046f563db5ae45c4f057c614cce363.jpg,1,0,0,1,0.01
LDPE-196_jpg.rf.fd1fc99362701e95e49146dd0270c69e.jpg,1,0,0,1,0.01
LDPE-197_jpg.rf.fe43f1b29dbdd03ae7de21722350355c.jpg,1,0,0,1,0.01
LDPE-198_jpg.rf.9d1d88083093a82908840b6baf08487f.jpg,1,0,0,1,0.01
LDPE-199_jpg.rf.b4259f7afca34f3bf9bd573cd6f52eb0.jpg,1,0,0,1,0.01
LDPE-19_jpg.rf.3949f99369eda8aebcba6550e8536362.jpg,0,0,1,1,0.01
LDPE-19_jpg.rf.3cce1a06942c8e8e658ea508ce9132d6.jpg,1,0,0,1,0.01
LDPE-1_jpg.rf.078efc270a537d6e521f3897d7595081.jpg,1,0,0,1,0.01
LDPE-1_jpg.rf.881e4314319c5474cc7443f983cc75fe.jpg,1,0,0,1,0.01
LDPE-1_jpg.rf.d0a8bf8a07ba8f0c31435fd7f1c0cdba.jpg,1,0,0,1,0.01
LDPE-200_jpg.rf.311f4e3c1bef2b91bb28bae8ef103faf.jpg,1,0,0,1,0.01
LDPE-201_jpg.rf.48cbc586931bcd2552c832bfd5a62c66.jpg,0,1,0,1,0.01
LDPE-202_jpg.rf.496304bc1b35050b414a044525c71bd6.jpg,1,0,0,1,0.01
LDPE-203_jpg.rf.14ccbb6261aea1487ac1870e53abf634.jpg,0,1,0,1,0.01
LDPE-204_jpg.rf.4321e4b6e6e36f5713ffc026a688f5c8.jpg,1,0,0,1,0.01
LDPE-205_jpg.rf.fd11231d31cb9a9d92618643f7a87d59.jpg,1,0,0,1,0.01
LDPE-206_jpg.rf.80bc2adbd1f6e9dbebcec52b36430511.jpg,1,0,0,1,0.01
LDPE-207_jpg.rf.c7a05a24797a0b0a4560ed6fa73219ce.jpg,0,1,0,1,0.01
LDPE-208_jpg.rf.8d55869eb3b0e56977d93cb114ef1727.jpg,0,0,1,1,0.01
LDPE-209_jpg.rf.7b51e7454601d4596fde562020c12784.jpg,1,0,0,1,0.01
LDPE-20_jpg.rf.809310e74bb95193b76abc1fd7fa3df5.jpg,1,0,0,1,0.01
LDPE-20_jpg.rf.d038d9056770c4312c6bcd25c3758e92.jpg,1,0,0,1,0.01
LDPE-210_jpg.rf.209a93cab9dac828f10673fe9849e9da.jpg,1,0,0,1,0.01
LDPE-211_jpg.rf.6a020f5233141cfb0b28edc3f347f873.jpg,1,0,0,1,0.01
LDPE-212_jpg.rf.0b39e3a91f0dc09a71bb2afbebf131bc.jpg,1,0,0,1,0.01
LDPE-213_jpg.rf.cd940149a64c2094cbb15e402d42a751.jpg,1,0,0,1,0.01
LDPE-214_jpg.rf.47d7985a8b6d26cdd57e220f8501a56a.jpg,0,0,1,1,0.01
LDPE-215_jpg.rf.e1dcaddc6264371f0e73c095b7af84f0.jpg,0,1,0,1,0.01
LDPE-216_jpg.rf.226196bb4e48761eff071c6a1a7936b4.jpg,0,1,0,1,0.01
LDPE-217_jpg.rf.3cba266483de9a08b79c8e1e87ef5369.jpg,1,0,0,1,0.01
LDPE-219_jpg.rf.17717b509651b9ee17efecf3094c0d9e.jpg,1,0,0,1,0.01
LDPE-21_jpg.rf.82f210559255f4d93b2b9d301e5f9f60.jpg,1,0,0,1,0.01
LDPE-21_jpg.rf.83a11dbbf1cd8cdbd32a1eed743687a3.jpg,0,0,1,1,0.01
LDPE-220_jpg.rf.f3d309d5fd732b22ddbbfc855087d6c1.jpg,1,0,0,1,0.01
LDPE-221_jpg.rf.5a49908860a40d832e9bc3fe418cb15f.jpg,1,0,0,1,0.01
LDPE-222_jpg.rf.721cdd6941f0df3b6cd3e0ead9dec275.jpg,1,0,0,1,0.01
LDPE-223_jpg.rf.a66adf026589c4f0a5356d35c5323375.jpg,0,0,1,1,0.01
LDPE-224_jpg.rf.16653c985633d77a8d4cc84d7249e5b2.jpg,1,0,0,1,0.01
LDPE-225_jpg.rf.8c3e23571f1de98790dc44e03d80beec.jpg,1,0,0,1,0.01
LDPE-226_jpg.rf.a3bd070c6161e9cefc245e3dc967c659.jpg,0,0,1,1,0.01
LDPE-227_jpg.rf.1a9fcffae834bd8fb6df2bacc9cd0e27.jpg,1,0,0,1,0.01
LDPE-228_jpg.rf.02c8b5fed5df4c1252690d5e9b34e7c7.jpg,0,1,0,1,0.01
LDPE-229_jpg.rf.9cf101f635752e5c84d475a09a0f1ec4.jpg,1,0,0,1,0.01
LDPE-22_jpg.rf.14716c3f36910a5bd87ea6c496d67caa.jpg,1,0,0,1,0.01
LDPE-22_jpg.rf.db27aff65302fcbd173119af7053a5da.jpg,1,0,0,1,0.01
LDPE-230_jpg.rf.72f9c56f18a92a10e7e5c1264d073f28.jpg,1,0,0,1,0.01
LDPE-231_jpg.rf.0e8f3c2c2ed0b68b61b7ad4611fd8927.jpg,0,1,0,1,0.01
LDPE-232_jpg.rf.0b57fbe7fa61e0d9ee03524e3b8b4d1c.jpg,1,0,0,1,0.01
LDPE-233_jpg.rf.7269a46b26e88f293214834d6b212af0.jpg,1,0,0,1,0.01
LDPE-234_jpg.rf.43fbee7125b3558ac8cf8c4cc34193a0.jpg,1,0,0,1,0.01
LDPE-235_jpg.rf.01fe19dd9d891122a598c66bdc00a9ae.jpg,1,0,0,1,0.01
LDPE-236_jpg.rf.7cad6983c1d241f5bb4f8d31b1923533.jpg,1,0,0,1,0.01
LDPE-237_jpg.rf.a34c03d352458eebc92fdb862d5ad816.jpg,1,0,0,1,0.01
LDPE-238_jpg.rf.9404d8b0693a298016b37868ac82852f.jpg,1,0,0,1,0.01
LDPE-239_jpg.rf.39fabab8463b028068cfdf6478b7d0a5.jpg,1,0,0,1,0.01
LDPE-23_jpg.rf.2ca1cd3222755defca474df24b87e7d5.jpg,0,0,1,1,0.01
LDPE-23_jpg.rf.97f264a5d9d52b3739b8fa998939f6c9.jpg,1,0,0,1,0.01
LDPE-240_jpg.rf.cc3d0de3b90b40c6686e6d954a10c548.jpg,0,1,0,1,0.01
LDPE-242_jpg.rf.8ff7b123b1cad7a00e7e79109ef5d524.jpg,0,0,1,1,0.01
LDPE-243_jpg.rf.23ea343b45174aa6db5c1ac54576636c.jpg,1,0,0,1,0.01
LDPE-244_jpg.rf.068f26e67b8e401d58b820f045b2b513.jpg,1,0,0,1,0.01
LDPE-245_jpg.rf.a5c8d55f4e8c9d2dfe49ead3bb1bdd3a.jpg,1,0,0,1,0.01
LDPE-246_jpg.rf.658ec00e1e4ec4923928db84b93d272b.jpg,1,0,0,1,0.01
LDPE-247_jpg.rf.05b6c170014a402343925c38c994cd7d.jpg,1,0,0,1,0.01
LDPE-248_jpg.rf.66d624d8e54897fbedd85ba0c4323f84.jpg,1,0,0,1,0.01
LDPE-249_jpg.rf.2b16bc935a8405e7fd4408be82e9d249.jpg,1,0,0,1,0.01
LDPE-24_jpg.rf.236aaa4b9791fbd7248bea4c2ee84dae.jpg,0,0,1,1,0.01
LDPE-24_jpg.rf.d9fa02ba6a89131338aa77d7d189bb5b.jpg,1,0,0,1,0.01
LDPE-250_jpg.rf.b83e123b160b030f1d4369a85ae5a2ad.jpg,1,0,0,1,0.01
LDPE-251_jpg.rf.96de42c8f21adb0e36ab8d4547ebdd4f.jpg,1,0,0,1,0.01
LDPE-252_jpg.rf.40191cdcd2470dcaab18c82023258a81.jpg,1,0,0,1,0.01
LDPE-253_jpg.rf.d7a9c03711fb9aad5e4044774e622748.jpg,1,0,0,1,0.01
LDPE-254_jpg.rf.6120a0d21399f88535d4c78ee280d116.jpg,1,0,0,1,0.01
LDPE-255_jpg.rf.9fe7a9d0249c3c0c17f231a0757e3b82.jpg,1,0,0,1,0.01
LDPE-256_jpg.rf.d7352a014df1f6b4b1584e4ceef10013.jpg,0,1,0,1,0.01
LDPE-257_jpg.rf.13dacfd5747a33c62cafbef4bdb40e11.jpg,0,0,1,1,0.01
LDPE-258_jpg.rf.7d2a99d95788e38e5b7c5ad41fd32d3d.jpg,0,0,1,1,0.01
LDPE-259_jpg.rf.04637af15b3f23f490455db47c06c2af.jpg,0,0,1,1,0.01
LDPE-25_jpg.rf.3eba044e81c2b2e95766a694f83cbe66.jpg,1,0,0,1,0.01
LDPE-25_jpg.rf.b62528cca09aa626c3d11b51b6bb1882.jpg,0,0,1,1,0.01
LDPE-260_jpg.rf.f3dc8f209c135a890fa09770cd4f0305.jpg,1,0,0,1,0.01
LDPE-261_jpg.rf.ef73cfb02a5da719f2c3c277c3edc4c5.jpg,1,0,0,1,0.01
LDPE-262_jpg.rf.ee49c3a197b9643647ceb7356f82c0fa.jpg,0,0,1,1,0.01
LDPE-263_jpg.rf.fec263141fd692ebce81fc864dda0583.jpg,1,0,0,1,0.01
LDPE-264_jpg.rf.ea26a4348720263effbe2cbcac3d7b17.jpg,0,1,0,1,0.01
LDPE-265_jpg.rf.2cbd385eb7a09644e4284fde15b8e86b.jpg,1,0,0,1,0.01
LDPE-266_jpg.rf.5544f3e4ba9aa4dbc483498887b7a905.jpg,1,0,0,1,0.01
LDPE-267_jpg.rf.cd7f2aa521d30a2dbc02c9e17745f24d.jpg,1,0,0,1,0.01
LDPE-268_jpg.rf.b0aacc5f0ab9714ef2a5007b2afd269e.jpg,1,0,0,1,0.01
LDPE-269_jpg.rf.f275347eacc0843db673baa0f2767ae2.jpg,0,0,1,1,0.01
LDPE-26_jpg.rf.45c3e379c653e64df485c9c44287e5de.jpg,1,0,0,1,0.01
LDPE-26_jpg.rf.de86fe36aaf4739ea4a5e6dd1bf02eee.jpg,1,0,0,1,0.01
LDPE-270_jpg.rf.a8747356a2bc162bc8ea4956074bb834.jpg,1,0,0,1,0.01
LDPE-271_jpg.rf.1ddb535e6f11fce3b14839710f8fad28.jpg,0,0,1,1,0.01
LDPE-272_jpg.rf.84668fce6f96bbe44f25c97989ff3a78.jpg,1,0,0,1,0.01
LDPE-273_jpg.rf.858c2b68606fd6305e7f55b692abfbe0.jpg,1,0,0,1,0.01
LDPE-274_jpg.rf.3aa8c0fcf0c90e138a049fdac9fc40dd.jpg,0,1,0,1,0.01
LDPE-275_jpg.rf.5b22e25508bfefc5716bd7b4860a34c4.jpg,0,0,1,1,0.01
LDPE-276_jpg.rf.fd4108744cf55d2af19d4a6e4daef3af.jpg,1,0,0,1,0.01
LDPE-277_jpg.rf.041d61b28d0865a069e4e3ba3aaab6f3.jpg,1,0,0,1,0.01
LDPE-278_jpg.rf.c72101346fabaa26c292e3a90e1a74e3.jpg,1,0,0,1,0.01
LDPE-279_jpg.rf.8fa6425273eca46a4094e68b5645601b.jpg,1,0,0,1,0.01
LDPE-27_jpg.rf.5edd8d6526a009eef02d2ea9b848e031.jpg,1,0,0,1,0.01
LDPE-27_jpg.rf.d1448ea4de2ae145778ae20301b525b7.jpg,1,0,0,1,0.01
LDPE-280_jpg.rf.19f45ff634bb1c84f1719b6bb1d6b0cd.jpg,0,0,1,1,0.01
LDPE-281_jpg.rf.b3a556e4447bc8b9bef86d3363b8879c.jpg,0,0,1,1,0.01
LDPE-282_jpg.rf.12907f32df7aaf40a6fc4cfeb5aa4338.jpg,0,0,1,1,0.01
LDPE-283_jpg.rf.95695dca43f2f8fa38b3b2e2a01d827b.jpg,1,0,0,1,0.01
LDPE-284_jpg.rf.ae9708e4939775ac2dc3ad54c0ceea05.jpg,1,0,0,1,0.01
LDPE-285_jpg.rf.b2b03b1d95b6f6342f4037478e7dc4fe.jpg,0,1,0,1,0.01
LDPE-286_jpg.rf.8fd6981e2f4220322b3a8eac376c803d.jpg,1,0,0,1,0.01
LDPE-287_jpg.rf.d40996ad6f027d6fff7eb088238fe67e.jpg,1,0,0,1,0.01
LDPE-288_jpg.rf.75d14cb8e4c6c653ed722872f7736256.jpg,1,0,0,1,0.01
LDPE-289_jpg.rf.321d4d75e03aaf434676d00e93dff5a6.jpg,1,0,0,1,0.01
LDPE-28_jpg.rf.253996404317df362b3ed24b3a2b5088.jpg,1,0,0,1,0.01
LDPE-28_jpg.rf.2ea651236b055b04c665f48c41cad5a8.jpg,1,0,0,1,0.01
LDPE-290_jpg.rf.8bbf5bc61c73cae39f57458ad542fedc.jpg,1,0,0,1,0.01
LDPE-291_jpg.rf.c932f8a1a05e84e139f4d136f9ab5f29.jpg,0,0,1,1,0.01
LDPE-292_jpg.rf.4b0d01fb5b92af88c5fe059c6861143e.jpg,0,0,1,1,0.01
LDPE-293_jpg.rf.2e6821b9ce225984333aefd1d91db2a6.jpg,1,0,0,1,0.01
LDPE-294_jpg.rf.fe9d677d36c6ce6b9960120671e20cba.jpg,1,0,0,1,0.01
LDPE-295_jpg.rf.885570a3cb41e5268c4c6e7bade6bb9b.jpg,1,0,0,1,0.01
LDPE-296_jpg.rf.a42daf03d09d3f193281b6f9cc150815.jpg,1,0,0,1,0.01
LDPE-297_jpg.rf.511373ef744ff4a8c3115091ddda48d8.jpg,1,0,0,1,0.01
LDPE-298_jpg.rf.7c5a70e589003abd3ff5022081c084de.jpg,1,0,0,1,0.01
LDPE-299_jpg.rf.017b93d36370d2d2ba6cd74b997e9e0d.jpg,1,0,0,1,0.01
LDPE-29_jpg.rf.8fd3ff699754549f35a59c6369b08959.jpg,1,0,0,1,0.01
LDPE-29_jpg.rf.e475b3c140affe50652cd399ab6a8db5.jpg,1,0,0,1,0.01
LDPE-2_jpg.rf.17c382e345e87d139d15c640c3633b02.jpg,1,0,0,1,0.01
LDPE-2_jpg.rf.4d37d0f580d8f0fa3d7ddeec9675ee19.jpg,0,1,0,1,0.01
LDPE-2_jpg.rf.8c7902662e49e28a8bb87166268aa2c8.jpg,1,0,0,1,0.01
LDPE-300_jpg.rf.07d25f2a9a24c758a210de8c4e4b4915.jpg,1,0,0,1,0.01
LDPE-301_jpg.rf.d2e4261a963d0a419984e3cad981b00f.jpg,1,0,0,1,0.01
LDPE-302_jpg.rf.f1ed0a6111aee8112f1b1b71a576ea1b.jpg,0,1,0,1,0.01
LDPE-303_jpg.rf.1bfe1409b1d872de7cd0d1327843d342.jpg,0,1,0,1,0.01
LDPE-304_jpg.rf.a1df9d334bd141f86ac7b684ce7d5e29.jpg,1,0,0,1,0.01
LDPE-305_jpg.rf.db34417dee30026eeff4210ab5f35951.jpg,1,0,0,1,0.01
LDPE-306_jpg.rf.00300e1ba2754220b931b1f978fde32f.jpg,0,0,1,1,0.01
LDPE-307_jpg.rf.fb6fa32c8be75be6f968f6c448e4ee24.jpg,1,0,0,1,0.01
LDPE-308_jpg.rf.777726c172be29d32a87fd6d8f7fc8dd.jpg,1,0,0,1,0.01
LDPE-309_jpg.rf.fbc8f21eb0aa0142c8ce313f0cdc7f1f.jpg,1,0,0,1,0.01
LDPE-30_jpg.rf.5a6d157be48b2f36e26010e3ece950f6.jpg,1,0,0,1,0.01
LDPE-30_jpg.rf.d8e3cdeb96851bbbeea56d3e03124d22.jpg,1,0,0,1,0.01
LDPE-310_jpg.rf.deb04fbfc6b720558f80ce85877653ba.jpg,1,0,0,1,0.01
LDPE-311_jpg.rf.a90670434deff09cd5ec6c81df4007aa.jpg,1,0,0,1,0.01
LDPE-312_jpg.rf.003ea7aadf9ee211ce9ffb63be7e10bd.jpg,1,0,0,1,0.01
LDPE-313_jpg.rf.534097c7705e0a1d1c587fc240f379ee.jpg,1,0,0,1,0.01
LDPE-314_jpg.rf.a556818a0906f2a099916307411f212b.jpg,1,0,0,1,0.01
LDPE-316_jpg.rf.6df57d4ae48e44398812ea4806ff5334.jpg,1,0,0,1,0.01
LDPE-317_jpg.rf.b4726996e9fa106397c0555517e8c5c5.jpg,0,0,1,1,0.01
LDPE-318_jpg.rf.dc7f989758321625adc0725817fc16e8.jpg,1,0,0,1,0.01
LDPE-319_jpg.rf.acec2b3553972e739468b654688ff273.jpg,1,0,0,1,0.01
LDPE-31_jpg.rf.54ea0d18af5c9a93b054b8a1b492fb03.jpg,1,0,0,1,0.01
LDPE-31_jpg.rf.b9410f148748ae60bf15434cccc34e8f.jpg,1,0,0,1,0.01
LDPE-320_jpg.rf.18eec8e650fb79177a9e72fe2e616342.jpg,1,0,0,1,0.01
LDPE-321_jpg.rf.5486f5612fe9ebd3c8d8541298a2a15a.jpg,1,0,0,1,0.01
LDPE-322_jpg.rf.a30d1672230c68cfa46527c5d173d463.jpg,1,0,0,1,0.01
LDPE-323_jpg.rf.3b20f7441cddf1eca2a7532d8471bb30.jpg,1,0,0,1,0.01
LDPE-324_jpg.rf.7025a5a47a3474d6c50d89fe66fd2be1.jpg,1,0,0,1,0.01
LDPE-325_jpg.rf.91d6197a24a8edda47c2197f417cc20e.jpg,1,0,0,1,0.01
LDPE-326_jpg.rf.9f37da2a2cad492ed5db3a287f55d4d9.jpg,1,0,0,1,0.01
LDPE-327_jpg.rf.f3d4e110f2c438055ad522122e70aabd.jpg,1,0,0,1,0.01
LDPE-328_jpg.rf.2aeac160ee77ca54e433c9024ff350aa.jpg,1,0,0,1,0.01
LDPE-32_jpg.rf.57580c795628c66f663560bc5667e0d6.jpg,1,0,0,1,0.01
LDPE-32_jpg.rf.70d79344bb41f6806bf1ecb0996858b2.jpg,1,0,0,1,0.01
LDPE-330_jpg.rf.bd8881dbba66c9de2340dce5a98a76e5.jpg,0,1,0,1,0.01
LDPE-331_jpg.rf.eb794cc536b5a4b5afae8d98830eb159.jpg,1,0,0,1,0.01
LDPE-332_jpg.rf.8b246838a6d930b9f525f5cd15722235.jpg,1,0,0,1,0.01
LDPE-333_jpg.rf.ea9eef485ead5e62ceba592c97516bd4.jpg,0,0,1,1,0.01
LDPE-334_jpg.rf.492266afde3a08bbcab8081fc3e05ba5.jpg,1,0,0,1,0.01
LDPE-335_jpg.rf.bf87d3e676ac3d511984e9c58855e57d.jpg,1,0,0,1,0.01
LDPE-336_jpg.rf.73f18f4931b29c36d5b21cf374c566c9.jpg,1,0,0,1,0.01
LDPE-337_jpg.rf.ffd12de6d018c1303d5f4a70a408bf81.jpg,0,1,0,1,0.01
LDPE-338_jpg.rf.128ee2ba571e50185a135cd2ace14982.jpg,1,0,0,1,0.01
LDPE-339_jpg.rf.ad42fda12f18235a7ce65628701a9392.jpg,1,0,0,1,0.01
LDPE-33_jpg.rf.3c6a1447bd019a0f7e183ce7f1d3c28d.jpg,1,0,0,1,0.01
LDPE-340_jpg.rf.19f32d8fb7689291a321430b7e24665d.jpg,0,1,0,1,0.01
LDPE-341_jpg.rf.8007cd751350ec4116ff8d3be84c19ff.jpg,0,0,1,1,0.01
LDPE-342_jpg.rf.8c99631e1b41fddef17df1323992ccff.jpg,0,0,1,1,0.01
LDPE-343_jpg.rf.6905abd2971f236886223c42b5e5e9e4.jpg,1,0,0,1,0.01
LDPE-344_jpg.rf.cd059c9de94ef987f5678c85f6343494.jpg,0,1,0,1,0.01
LDPE-345_jpg.rf.ef3912243cee01575881348111d48c18.jpg,1,0,0,1,0.01
LDPE-346_jpg.rf.551db7263c544c097a8ee02e39ab1281.jpg,1,0,0,1,0.01
LDPE-347_jpg.rf.3931c4f28bd7cd91c10dedce08117c29.jpg,0,0,1,1,0.01
LDPE-348_jpg.rf.001b868d6636917a602c476c39e15a14.jpg,0,1,0,1,0.01
LDPE-349_jpg.rf.8a617bae108867641ced425fb884dba0.jpg,1,0,0,1,0.01
LDPE-34_jpg.rf.05cd4ddfa400ce4331e2b833da264b00.jpg,1,0,0,1,0.01
LDPE-34_jpg.rf.462311670715972f123b41667cc4e78c.jpg,0,1,0,1,0.01
LDPE-350_jpg.rf.0d87dfc54257c797f07f2b31a8194004.jpg,1,0,0,1,0.01
LDPE-351_jpg.rf.a163385b55e25e43996dae9c3b63f014.jpg,0,0,1,1,0.01
LDPE-352_jpg.rf.577f7cf134482f61f7456e560982f9d6.jpg,1,0,0,1,0.01
LDPE-353_jpg.rf.1bdaa71bf88d7743e166ea081b173c99.jpg,0,0,1,1,0.01
LDPE-354_jpg.rf.d2c03cee4a1150ec9be09819d64ed9ed.jpg,0,1,0,1,0.01
LDPE-355_jpg.rf.d23e1f00a701c2870f09f7b6cc01e292.jpg,1,0,0,1,0.01
LDPE-356_jpg.rf.229b94808822e67a850920e287ccd9c9.jpg,1,0,0,1,0.01
LDPE-357_jpg.rf.38f6abc8fd71c7f181397c379ce3e95d.jpg,0,0,1,1,0.01
LDPE-358_jpg.rf.f550f1e676a07ed2228e592ef66cc0fd.jpg,0,0,1,1,0.01
LDPE-359_jpg.rf.31b840408db74d558cd051fb384eda2b.jpg,1,0,0,1,0.01
LDPE-35_jpg.rf.3e2ba9374df4ec97ddb320eb8daadb50.jpg,1,0,0,1,0.01
LDPE-35_jpg.rf.bb6100109aa0de3b0202249b24239bdf.jpg,1,0,0,1,0.01
LDPE-360_jpg.rf.db08bc1d3fd4e7b54264dbac501a54d2.jpg,1,0,0,1,0.01
LDPE-361_jpg.rf.f8cdb43846e5ad34751b22d8d9cf14ad.jpg,1,0,0,1,0.01
LDPE-362_jpg.rf.73c9f40a7ea36a48f4ea916748aa5242.jpg,1,0,0,1,0.01
LDPE-363_jpg.rf.924fe62d84e97de3bfdcef1e6b2d7351.jpg,1,0,0,1,0.01
LDPE-364_jpg.rf.3653b962a41ae037d30f4ed7a4eac9d5.jpg,1,0,0,1,0.01
LDPE-365_jpg.rf.f8a5cc81d3d86071af5f31815d6b3aa9.jpg,1,0,0,1,0.01
LDPE-366_jpg.rf.77562b1dcf38b74c92413b0087806172.jpg,0,0,1,1,0.01
LDPE-367_jpg.rf.b4f43360d3dfda4df38df6333bebe49f.jpg,0,0,1,1,0.01
LDPE-368_jpg.rf.a289a0da95c0ae834837e1c4a7a6efc8.jpg,1,0,0,1,0.01
LDPE-369_jpg.rf.736a879d7145974ff80838afa662624a.jpg,0,0,1,1,0.01
LDPE-36_jpg.rf.2fc1f83fec11fa161abcd90e6ac031d0.jpg,1,0,0,1,0.01
LDPE-36_jpg.rf.48e932ed3362e4a5058e23506e12ddb6.jpg,1,0,0,1,0.01
LDPE-370_jpg.rf.b89f49efb3b5632f8a40f8e1ed40fc7f.jpg,1,0,0,1,0.01
LDPE-371_jpg.rf.8bd36d89b4c5d88887aaa0cb192f785d.jpg,1,0,0,1,0.01
LDPE-372_jpg.rf.3a3b9ef98656401b5ddf4a2e5fb63981.jpg,0,0,1,1,0.01
LDPE-373_jpg.rf.7619ee693ca1952749db631dcd74cbbf.jpg,1,0,0,1,0.01
LDPE-374_jpg.rf.d52dbf0ab7d99d6a33b0e871b52a7dcb.jpg,0,0,1,1,0.01
LDPE-375_jpg.rf.bdbbc501f17b6a444bd0cb1d60ca7d25.jpg,0,1,0,1,0.01
LDPE-376_jpg.rf.3e1991619a2267f9eb0de2a8201e304b.jpg,1,0,0,1,0.01
LDPE-377_jpg.rf.bf3f4cb200386c7d9c1287147bebbdf9.jpg,1,0,0,1,0.01
LDPE-378_jpg.rf.45369aa4b6d1e67d293cce2681a5d206.jpg,1,0,0,1,0.01
LDPE-379_jpg.rf.9923debb24440696e18b59512564a0fd.jpg,1,0,0,1,0.01
LDPE-37_jpg.rf.017405dd4d7f1b85d74fe0e904a7aac3.jpg,1,0,0,1,0.01
LDPE-37_jpg.rf.01cc06d0687c5849278c415d88e23b46.jpg,1,0,0,1,0.01
LDPE-380_jpg.rf.5c9d385ccd5701b567c2f1718164b08a.jpg,1,0,0,1,0.01
LDPE-381_jpg.rf.6311c183bc5661a00d47e3ccc62f7d28.jpg,1,0,0,1,0.01
LDPE-382_jpg.rf.0708741b66890cf880b23a9d990eae0e.jpg,1,0,0,1,0.01
LDPE-383_jpg.rf.9bc350a2c938578ac8d3075bec234254.jpg,0,0,1,1,0.01
LDPE-384_jpg.rf.960e2e3a772dc80949793d414eeb3b02.jpg,0,1,0,1,0.01
LDPE-385_jpg.rf.685d1e44ffbf1a6deb253593537dca0e.jpg,0,1,0,1,0.01
LDPE-386_jpg.rf.e1c2f7b156b208d9111a703a916af12e.jpg,1,0,0,1,0.01
LDPE-387_jpg.rf.2fe921e6c922cfc06ec46f3991fd3373.jpg,1,0,0,1,0.01
LDPE-388_jpg.rf.b54d8a0d67568d96f44b59e285654473.jpg,0,0,1,1,0.01
LDPE-389_jpg.rf.ce4d3466816bd2a2b4c050f9aba4ab7c.jpg,1,0,0,1,0.01
LDPE-38_jpg.rf.5fe7ff2a68f5437482b2d3d03a036f4c.jpg,1,0,0,1,0.01
LDPE-38_jpg.rf.8f9f31ef9bfbe59a6692bed07f80cfa5.jpg,1,0,0,1,0.01
LDPE-390_jpg.rf.8d889af2ef5cb7eb7af56c83e991f28b.jpg,1,0,0,1,0.01
LDPE-391_jpg.rf.c0d72fd098d8cd51209ac68a0de4945e.jpg,0,0,1,1,0.01
LDPE-392_jpg.rf.8a98260a57a87c6e18242a3b755db42d.jpg,1,0,0,1,0.01
LDPE-393_jpg.rf.9af894b4c1842a63e61b051744d25e1c.jpg,0,0,1,1,0.01
LDPE-394_jpg.rf.bfd39538a858f8c65dcc902fe87ce248.jpg,1,0,0,1,0.01
LDPE-395_jpg.rf.c125231c476682bb557c7f2e829e5880.jpg,1,0,0,1,0.01
LDPE-396_jpg.rf.a3f1caad9bfef35e0bdc869c5bfd11b9.jpg,0,1,0,1,0.01
LDPE-397_jpg.rf.963b98846a27c1d429aa879e62d091bb.jpg,1,0,0,1,0.01
LDPE-398_jpg.rf.b408f3cb62a02769d707acf6ad68bb24.jpg,0,0,1,1,0.01
LDPE-399_jpg.rf.2fa042e0cf81a47529e2e513f90ebcd5.jpg,1,0,0,1,0.01
LDPE-39_jpg.rf.7ef884396e479d763ec25b3e3760c87c.jpg,0,1,0,1,0.01
LDPE-39_jpg.rf.9dd1b84bab64e64029bc7fff53b49f56.jpg,1,0,0,1,0.01
LDPE-3_jpg.rf.36f90a1223524a586d69cc99df503457.jpg,1,0,0,1,0.01
LDPE-3_jpg.rf.937043eaebe317dec05d0732c01157e4.jpg,1,0,0,1,0.01
LDPE-3_jpg.rf.c2867b92273851dd382e950a5ca4af8e.jpg,1,0,0,1,0.01
LDPE-400_jpg.rf.ee94c93e23eb491cab467cdf1dfcf8e5.jpg,0,0,1,1,0.01
LDPE-401_jpg.rf.4c47743dc18818aead52fa5970ae111d.jpg,1,0,0,1,0.01
LDPE-402_jpg.rf.87d135be8558037555cce44270c5ed3a.jpg,1,0,0,1,0.01
LDPE-403_jpg.rf.221b245953c1c9896aa3bb218732cf79.jpg,1,0,0,1,0.01
LDPE-404_jpg.rf.276e638b57a62822c1c90209a84171bc.jpg,0,0,1,1,0.01
LDPE-405_jpg.rf.910e3bd666f031503643b23cdba2fbba.jpg,1,0,0,1,0.01
LDPE-406_jpg.rf.938d3e48332a6a8e95662e875e74f856.jpg,1,0,0,1,0.01
LDPE-407_jpg.rf.1f136f33be8fd1b2291515524b487f04.jpg,1,0,0,1,0.01
LDPE-408_jpg.rf.bb42a8ba66a4a2379ce20a234054beb7.jpg,1,0,0,1,0.01
LDPE-409_jpg.rf.e135149a0e16a3816a1ff3404c1c13c6.jpg,1,0,0,1,0.01
LDPE-40_jpg.rf.13634abcf8c42dfbf7448b3ac003a2cb.jpg,1,0,0,1,0.01
LDPE-40_jpg.rf.8b739138ad119d536fa6e3467c01169e.jpg,1,0,0,1,0.01
LDPE-410_jpg.rf.9921a27599843811bd6b12c96d97c53c.jpg,0,0,1,1,0.01
LDPE-411_jpg.rf.5ed74bd26703a8fe818b19ace54a9c21.jpg,0,0,1,1,0.01
LDPE-412_jpg.rf.a93358bb651176f13755c037f7645631.jpg,0,0,1,1,0.01
LDPE-413_jpg.rf.05e96f683b11c0b23e01bff2d6d9e48c.jpg,1,0,0,1,0.01
LDPE-414_jpg.rf.0e656ebcb15f15f1b4dd4ab71bd1b781.jpg,1,0,0,1,0.01
LDPE-415_jpg.rf.e2a3437455e83732813dfe59b4895039.jpg,1,0,0,1,0.01
LDPE-416_jpg.rf.66f09b31300ccfe4294a75c162d4e180.jpg,1,0,0,1,0.01
LDPE-417_jpg.rf.f77acbad06f5f7124f213e435c9fe960.jpg,0,0,1,1,0.01
LDPE-418_jpg.rf.d5aaff07bcdfcebbcce737ae384e7d16.jpg,1,0,0,1,0.01
LDPE-419_jpg.rf.b4a721e4b2d9abbf5fc887226af35b04.jpg,0,0,1,1,0.01
LDPE-41_jpg.rf.b45b04a5152d79fb11f7abb90cabe0e2.jpg,1,0,0,1,0.01
LDPE-41_jpg.rf.b713ac81f4f7bf97a68f54f9ef15c924.jpg,1,0,0,1,0.01
LDPE-420_jpg.rf.b0b310151a19bd8feba491d65b246f24.jpg,0,0,1,1,0.01
LDPE-421_jpg.rf.cebcfd7ff474110ea1ed0f2e88efaca8.jpg,0,0,1,1,0.01
LDPE-422_jpg.rf.2606c3d1510b287309f1f3eee31d0546.jpg,1,0,0,1,0.01
LDPE-423_jpg.rf.4eae010534c06c0b531b3f26d51679ee.jpg,0,0,1,1,0.01
LDPE-424_jpg.rf.924fa705cd1b613df769f6dd06873da9.jpg,1,0,0,1,0.01
LDPE-425_jpg.rf.ec145f51713e1ec23dbacce8161b0bef.jpg,0,1,0,1,0.01
LDPE-426_jpg.rf.d683c1601cd1845f5b2977979446acbd.jpg,1,0,0,1,0.01
LDPE-427_jpg.rf.860b244f38410471a04dbace90de5f8c.jpg,1,0,0,1,0.01
LDPE-428_jpg.rf.092e50fc6027b13809242680df91d679.jpg,0,0,1,1,0.01
LDPE-429_jpg.rf.1ef8f6a27c8abac0aaf11572eeb15962.jpg,1,0,0,1,0.01
LDPE-42_jpg.rf.5829d8fcaac8acab1dfe10f4a4d55549.jpg,1,0,0,1,0.01
LDPE-42_jpg.rf.b92a7a3bf9713beaa2969d8b2376ea2f.jpg,1,0,0,1,0.01
LDPE-430_jpg.rf.f7d9c1b45e70d15f369fd3add8f853ac.jpg,1,0,0,1,0.01
LDPE-431_jpg.rf.24f43da33a761b033db3a6836668d865.jpg,1,0,0,1,0.01
LDPE-432_jpg.rf.a966dbb4ab05523cc7792b2b507c00db.jpg,1,0,0,1,0.01
LDPE-433_jpg.rf.a52282a1238e51652a2c903a2b31ca0d.jpg,1,0,0,1,0.01
LDPE-434_jpg.rf.2716e9e054d71287178d6351bd21e1f3.jpg,1,0,0,1,0.01
LDPE-435_jpg.rf.5377571a847a86c9421973954f6ecc42.jpg,0,1,0,1,0.01
LDPE-436_jpg.rf.bf13f9ff1329284192d0804b50896fbd.jpg,0,0,1,1,0.01
LDPE-437_jpg.rf.a96051bf5b6d43a4c97c69798cd8bc7c.jpg,0,0,1,1,0.01
LDPE-438_jpg.rf.2b4e4127eb35176d2fe193999dd17088.jpg,1,0,0,1,0.01
LDPE-439_jpg.rf.3a76bdc80c0fe1d95528c51ddab08dd1.jpg,0,0,1,1,0.01
LDPE-43_jpg.rf.a91aadf516f07ac94d6e7c2692c0316a.jpg,1,0,0,1,0.01
LDPE-43_jpg.rf.d9310a1e1cd6a42eef89a74e3c9a83ce.jpg,1,0,0,1,0.01
LDPE-440_jpg.rf.fe71b766b368dd8befaf5717e6df7406.jpg,1,0,0,1,0.01
LDPE-441_jpg.rf.513094ca9e273a95fa78f579b43e4f92.jpg,1,0,0,1,0.01
LDPE-442_jpg.rf.575b20770598f24e813bc1cf4e217232.jpg,1,0,0,1,0.01
LDPE-443_jpg.rf.ad50494681377a92417d9e77332166c8.jpg,1,0,0,1,0.01
LDPE-444_jpg.rf.71b510620522743a09bd8834b6c4217f.jpg,1,0,0,1,0.01
LDPE-445_jpg.rf.02e4bfae6b2210803b3cb61d435d5089.jpg,0,1,0,1,0.01
LDPE-446_jpg.rf.48875eb681fa5ba897d48df29b559027.jpg,1,0,0,1,0.01
LDPE-447_jpg.rf.62e0e8ff1c0c3e5a3ed5e99e00f67ca2.jpg,1,0,0,1,0.01
LDPE-448_jpg.rf.c7fd14b4f338585767b34dac33b53fec.jpg,1,0,0,1,0.01
LDPE-449_jpg.rf.a482288fb002e55ad156895ba8951033.jpg,1,0,0,1,0.01
LDPE-44_jpg.rf.3416012cb8629d1ae58075e845a68d8d.jpg,1,0,0,1,0.01
LDPE-44_jpg.rf.e552836e7f74a491693339141306ce2a.jpg,1,0,0,1,0.01
LDPE-450_jpg.rf.d2ed729880f702fdb1dd1af2ecd0b274.jpg,1,0,0,1,0.01
LDPE-451_jpg.rf.eb6d774e7ebca7a8709edd48bc150fd9.jpg,0,0,1,1,0.01
LDPE-452_jpg.rf.4f31e26f8811ef5e031a4bee17678166.jpg,0,1,0,1,0.01
LDPE-453_jpg.rf.cba37ac12be6909e4654784950a2fc09.jpg,1,0,0,1,0.01
LDPE-454_jpg.rf.fb80faba30994dea50eb7d2cb58c47f0.jpg,1,0,0,1,0.01
LDPE-455_jpg.rf.64307f83ba9c76e616562d21e14e3ce2.jpg,1,0,0,1,0.01
LDPE-456_jpg.rf.725991d90b516f9757f476ae185452d7.jpg,1,0,0,1,0.01
LDPE-457_jpg.rf.a8fdfd20b07690f25a70dba5a0292e9d.jpg,1,0,0,1,0.01
LDPE-458_jpg.rf.0b9c2d8df7b04954fc1870e1d403074b.jpg,1,0,0,1,0.01
LDPE-459_jpg.rf.433e063ad4eca4ea39d30f8e64a8d80e.jpg,1,0,0,1,0.01
LDPE-45_jpg.rf.d3899daac36a55927193764b3255ca5f.jpg,1,0,0,1,0.01
LDPE-45_jpg.rf.d64885a1bdc1e2f2b534b9208509094a.jpg,1,0,0,1,0.01
LDPE-460_jpg.rf.f22d5c1ca1877935411b83babaa886d9.jpg,1,0,0,1,0.01
LDPE-461_jpg.rf.43db72fdcd0f7c6970cf77edd192081b.jpg,1,0,0,1,0.01
LDPE-462_jpg.rf.401e6e6927dd4c82c47a61a9af2a060d.jpg,1,0,0,1,0.01
LDPE-463_jpg.rf.d1f3bf6d649a44fc3fc1b2c4f7aea264.jpg,1,0,0,1,0.01
LDPE-464_jpg.rf.4298e8a1867471a4e62766621160411c.jpg,0,0,1,1,0.01
LDPE-465_jpg.rf.a11ba214bd0e2fcc41d783f13edd5acb.jpg,1,0,0,1,0.01
LDPE-466_jpg.rf.2bd4db343a35d855522275ae544a3ffd.jpg,1,0,0,1,0.01
LDPE-467_jpg.rf.3045fda7dbef3dfac11527dab1030ff3.jpg,1,0,0,1,0.01
LDPE-468_jpg.rf.5b59da59ef0bcd9d13e3301efb875510.jpg,1,0,0,1,0.01
LDPE-469_jpg.rf.f240e5f4c7985be237679a7f77b0494a.jpg,1,0,0,1,0.01
LDPE-46_jpg.rf.2d8a7620294645383a531e760776a532.jpg,1,0,0,1,0.01
LDPE-46_jpg.rf.807988f78d5c0dc0c6605f6cdcc1346a.jpg,0,0,1,1,0.01
LDPE-470_jpg.rf.03f1d05a3a4cbdb26625439f2811d812.jpg,0,0,1,1,0.01
LDPE-471_jpg.rf.f6340c5797e8410c8a7ea6e3424c7360.jpg,1,0,0,1,0.01
LDPE-472_jpg.rf.984e3d2c91e971001d5616f0b521dd2d.jpg,0,0,1,1,0.01
LDPE-473_jpg.rf.c8dd788ac29f493c32b22f7f079939ac.jpg,1,0,0,1,0.01
LDPE-474_jpg.rf.428eaa772e603fc704c7725e6c1fd2e4.jpg,0,1,0,1,0.01
LDPE-475_jpg.rf.e0afade05e1b4d25dada15531e63b892.jpg,1,0,0,1,0.01
LDPE-476_jpg.rf.30303768f31f1ddd71844221ae6e293e.jpg,1,0,0,1,0.01
LDPE-477_jpg.rf.bc83a313a330335020a32dbc3a197b4a.jpg,1,0,0,1,0.01
LDPE-478_jpg.rf.f9790b91a5da56e7af640fb782efeddc.jpg,1,0,0,1,0.01
LDPE-479_jpg.rf.1f4ab8f87729c8dc9235f8d4b7d45c45.jpg,0,1,0,1,0.01
LDPE-47_jpg.rf.89b948ad0cc60c384739cde07ccc464f.jpg,1,0,0,1,0.01
LDPE-47_jpg.rf.b79bd9fb44c45132deeea9935e051d44.jpg,1,0,0,1,0.01
LDPE-480_jpg.rf.f311bd059da630a4dbef1eceb830e798.jpg,1,0,0,1,0.01
LDPE-481_jpg.rf.dc5ef27df68cb4f29992ac0ee955734c.jpg,0,0,1,1,0.01
LDPE-482_jpg.rf.bcffe8ba03a8b523cf1b85be0df3a71c.jpg,0,1,0,1,0.01
LDPE-483_jpg.rf.b77912c9b0dc782afe46c169a2d3d9cf.jpg,1,0,0,1,0.01
LDPE-484_jpg.rf.1cd5b29014b72f298250b9616d30ad5d.jpg,1,0,0,1,0.01
LDPE-485_jpg.rf.13a105078803283281a574180b9d05f3.jpg,1,0,0,1,0.01
LDPE-486_jpg.rf.71270c511e12853100ef7930ae9f238e.jpg,1,0,0,1,0.01
LDPE-487_jpg.rf.c10eb21398c6a7ce8812a2b3210fee9c.jpg,1,0,0,1,0.01
LDPE-488_jpg.rf.2c6eed30a419fa16c1d42f973cf52519.jpg,0,0,1,1,0.01
LDPE-489_jpg.rf.b22aa6cd318dc47ae2280da789e5bbed.jpg,0,0,1,1,0.01
LDPE-48_jpg.rf.3630518b4189a4ed692a940dcfbfaa98.jpg,1,0,0,1,0.01
LDPE-48_jpg.rf.517ca11760c589db2ef45ca3d4526ca4.jpg,1,0,0,1,0.01
LDPE-490_jpg.rf.e653fa0a44b0a1050781dd195077fd75.jpg,1,0,0,1,0.01
LDPE-491_jpg.rf.6440d3bdc6c32915d5415e5f82650685.jpg,0,0,1,1,0.01
LDPE-492_jpg.rf.8d7240c010853ed07922854a92bf263d.jpg,1,0,0,1,0.01
LDPE-493_jpg.rf.c5a6afe33b128c7a87885a7a820b84d8.jpg,1,0,0,1,0.01
LDPE-494_jpg.rf.e1b16749b79c789fa44b9cb90c329818.jpg,1,0,0,1,0.01
LDPE-495_jpg.rf.2f84a59d8dd4ddce85acc47d308012a2.jpg,0,1,0,1,0.01
LDPE-496_jpg.rf.d7271698401cd149fe5753aa462de259.jpg,0,1,0,1,0.01
LDPE-497_jpg.rf.820ff5b23a8be089df3bea60c0cb900c.jpg,1,0,0,1,0.01
LDPE-498_jpg.rf.783be331a53833f544f6373ede090c73.jpg,1,0,0,1,0.01
LDPE-499_jpg.rf.34eef8c15bd4aa022d5d75485bed19aa.jpg,0,0,1,1,0.01
LDPE-49_jpg.rf.387e3b6d82bdf3c2fdab66247ebe032d.jpg,1,0,0,1,0.01
LDPE-49_jpg.rf.8e205336fc34cfb565da484144ec5451.jpg,1,0,0,1,0.01
LDPE-4_jpg.rf.9e95c8aeb9bf12364f290ae752fbb587.jpg,1,0,0,1,0.01
LDPE-4_jpg.rf.cbd3b8a2cdab32d0a5112b470819cd29.jpg,1,0,0,1,0.01
LDPE-4_jpg.rf.f64dd85d0c65286a53d07a6d324a89ab.jpg,1,0,0,1,0.01
LDPE-500_jpg.rf.3d9bdae782e9c0c542d247e2c021badb.jpg,1,0,0,1,0.01
LDPE-501_jpg.rf.70e3e598cef39cfd9bf416a4c6675581.jpg,1,0,0,1,0.01
LDPE-502_jpg.rf.ab87ca7c5b88ee4d8cee350f81aa45e4.jpg,1,0,0,1,0.01
LDPE-503_jpg.rf.36cf10964cbb89687a75fb0d8d1307d6.jpg,0,1,0,1,0.01
LDPE-504_jpg.rf.2aaafe54a7919368edf1ebc57ce0550b.jpg,0,0,1,1,0.01
LDPE-505_jpg.rf.4638b065e76eb6d1bc7b9bf4da33943d.jpg,0,0,1,1,0.01
LDPE-506_jpg.rf.95a6416fb491c91db9daddf49ac2cd9c.jpg,0,0,1,1,0.01
LDPE-507_jpg.rf.39fbd0c5d77dc46b102a71c7ed9aa6c7.jpg,1,0,0,1,0.01
LDPE-508_jpg.rf.410418eb7de46cbcb5f7c90e7a7e7c48.jpg,1,0,0,1,0.01
LDPE-509_jpg.rf.b60f51a01538088a2443b746400f18a8.jpg,1,0,0,1,0.01
LDPE-50_jpg.rf.88c8eb57832a49119f6a1159f6438580.jpg,0,0,1,1,0.01
LDPE-50_jpg.rf.d35f2f6a155f7fc108118cb8c96aa56c.jpg,1,0,0,1,0.01
LDPE-510_jpg.rf.483e75e52e2fb7d0303989116c5706b1.jpg,1,0,0,1,0.01
LDPE-511_jpg.rf.5ff93c6db02dee362e71dbe0d5041e81.jpg,1,0,0,1,0.01
LDPE-512_jpg.rf.e2987f8c0e007269fad50963563c5bff.jpg,1,0,0,1,0.01
LDPE-513_jpg.rf.3ccbe5323e31a91c0f986821b8d07966.jpg,0,0,1,1,0.01
LDPE-514_jpg.rf.14d522730cbedb25c325d6e3ea381468.jpg,0,1,0,1,0.01
LDPE-515_jpg.rf.66c31ca16da3e54416a7d5e8ca93311a.jpg,1,0,0,1,0.01
LDPE-516_jpg.rf.cb6cb75f7cc0617bef394a8a031d7271.jpg,0,0,1,1,0.01
LDPE-517_jpg.rf.69a58c5f554d1bc0e2f4f631412a3988.jpg,1,0,0,1,0.01
LDPE-518_jpg.rf.0582f4ee4f3f465219fc7bce3ea6d11a.jpg,1,0,0,1,0.01
LDPE-519_jpg.rf.5e5c8cf6add1e7e842fa90e0436561da.jpg,1,0,0,1,0.01
LDPE-51_jpg.rf.09b70a800b4b6da2701e4cb926536dfa.jpg,1,0,0,1,0.01
LDPE-51_jpg.rf.2aedac58d5e23dc74d1f16b33c605a50.jpg,1,0,0,1,0.01
LDPE-520_jpg.rf.d25f4948a13e196a05aeb9e115bab85f.jpg,1,0,0,1,0.01
LDPE-521_jpg.rf.ba8c1345e60dc207bc49a2ea2707db43.jpg,0,0,1,1,0.01
LDPE-522_jpg.rf.960e0824d1e12a9e2e7db76b81cb5474.jpg,1,0,0,1,0.01
LDPE-523_jpg.rf.76c110b18a5ba6051ce476b16dd32acb.jpg,0,0,1,1,0.01
LDPE-524_jpg.rf.1f1555f832dd19784ea0942412bae62b.jpg,1,0,0,1,0.01
LDPE-525_jpg.rf.c184ef48cdae196eaf3a2c3d1b3d4a13.jpg,1,0,0,1,0.01
LDPE-526_jpg.rf.3ee9aa945b102dc25e91e6f3adf4c8e3.jpg,0,1,0,1,0.01
LDPE-527_jpg.rf.6037acb25b858c63918fba606f453245.jpg,1,0,0,1,0.01
LDPE-528_jpg.rf.2895d8cff9b4bee654a3427ca2c78ca3.jpg,1,0,0,1,0.01
LDPE-529_jpg.rf.4bf35f0966e28f5c4e5790183b2f3652.jpg,1,0,0,1,0.01
LDPE-52_jpg.rf.9d9795c3fdf2dcf067ad6810e07a3bff.jpg,1,0,0,1,0.01
LDPE-52_jpg.rf.c7025545109f90250cf1b880a709084d.jpg,1,0,0,1,0.01
LDPE-530_jpg.rf.3402bc2080705fc5a3740001efd561f2.jpg,1,0,0,1,0.01
LDPE-531_jpg.rf.c09331f35566bcb7e5aa05505bd0eca8.jpg,0,0,1,1,0.01
LDPE-532_jpg.rf.d54688ddcf9aa898a8dd871604d45e1b.jpg,1,0,0,1,0.01
LDPE-533_jpg.rf.b881f6c791788825af6d70b47a54ce6b.jpg,0,1,0,1,0.01
LDPE-534_jpg.rf.37b695e4a52f9056b5c7e64670dc0c71.jpg,1,0,0,1,0.01
LDPE-535_jpg.rf.5097f85f2c3b318beead69102e9a52d1.jpg,1,0,0,1,0.01
LDPE-536_jpg.rf.dd81ad06fd4cb0bbb6332f1aa0c20469.jpg,1,0,0,1,0.01
LDPE-537_jpg.rf.88f9a87a9c38bc1c668e40b983445d42.jpg,1,0,0,1,0.01
LDPE-538_jpg.rf.516cbbdc1158d0aa28657f7228ec1339.jpg,0,0,1,1,0.01
LDPE-539_jpg.rf.f9f3a1272b3bd6deb7442b374f1c7366.jpg,0,0,1,1,0.01
LDPE-53_jpg.rf.18d5ec99e2792e833391d96ffcae13db.jpg,0,0,1,1,0.01
LDPE-53_jpg.rf.e87ff5e5205106145369026b0e3730ef.jpg,0,1,0,1,0.01
LDPE-540_jpg.rf.32541cd31aa8e656379c4485e52fe866.jpg,1,0,0,1,0.01
LDPE-541_jpg.rf.99cab1409654769c6541d6f5059bc398.jpg,1,0,0,1,0.01
LDPE-542_jpg.rf.e5d82226a977f7743ff75897fbebb051.jpg,1,0,0,1,0.01
LDPE-543_jpg.rf.41b0b15094146cc61408ee66b6cd844e.jpg,0,0,1,1,0.01
LDPE-544_jpg.rf.cc25263926e13a2fde6878485155eef5.jpg,1,0,0,1,0.01
LDPE-545_jpg.rf.ac6d92310fdc7d762ce0ac9ac72d63c6.jpg,1,0,0,1,0.01
LDPE-546_jpg.rf.5cc253293f28767e867236cbff14b57a.jpg,0,0,1,1,0.01
LDPE-547_jpg.rf.e7424a4f0fb9b68959c38917943e66d6.jpg,1,0,0,1,0.01
LDPE-548_jpg.rf.7a669b4e6fa7e37b4ab9e1197ee36d80.jpg,1,0,0,1,0.01
LDPE-549_jpg.rf.6978c14a3c9f7553e80f3a0043039071.jpg,0,1,0,1,0.01
LDPE-54_jpg.rf.998303d99ae1cb11b4abe6207bb81b3a.jpg,0,1,0,1,0.01
LDPE-54_jpg.rf.ad9aef328772a7807563e5b734311665.jpg,1,0,0,1,0.01
LDPE-550_jpg.rf.b6db045c95120e3a630bcf7bf859e69d.jpg,1,0,0,1,0.01
LDPE-551_jpg.rf.acbd1ce4032cb46f4114a33d869528e4.jpg,1,0,0,1,0.01
LDPE-552_jpg.rf.7520277f7cbc9aa0ced849eca6530503.jpg,1,0,0,1,0.01
LDPE-553_jpg.rf.fa826fb0a6ada8a40c1a64143140c094.jpg,1,0,0,1,0.01
LDPE-554_jpg.rf.afd334ed69097e367b2d63aa7f3e3cf3.jpg,1,0,0,1,0.01
LDPE-555_jpg.rf.1aa711dc86879bf283da9ffcf8d06d0b.jpg,0,0,1,1,0.01
LDPE-556_jpg.rf.b713033739b8392bca2c1ea977032c6e.jpg,1,0,0,1,0.01
LDPE-557_jpg.rf.e9c16bfc75d60c7449bf61dde1a7ad7c.jpg,0,0,1,1,0.01
LDPE-558_jpg.rf.6b4703d3777a23435345ecd77349f161.jpg,1,0,0,1,0.01
LDPE-559_jpg.rf.bf47e8e0bfeb195fff9674d4c0201e06.jpg,1,0,0,1,0.01
LDPE-55_jpg.rf.6273c9c7e244802b49a36df16b0378be.jpg,1,0,0,1,0.01
LDPE-55_jpg.rf.81b46ed0ee25c4e9f0521a50bc903a3c.jpg,1,0,0,1,0.01
LDPE-560_jpg.rf.93ee84c275628363a054f04e3db0ba58.jpg,1,0,0,1,0.01
LDPE-561_jpg.rf.01c18d19f260123d8fb7c7cfbec17843.jpg,1,0,0,1,0.01
LDPE-562_jpg.rf.7024d8c353c0c12a60ec22fb7eaecebf.jpg,1,0,0,1,0.01
LDPE-563_jpg.rf.10ea9217ae99c26620b04317d6eb0896.jpg,1,0,0,1,0.01
LDPE-564_jpg.rf.09dd97cd4a9af8bee6cc1e1bcb9e70fc.jpg,1,0,0,1,0.01
LDPE-565_jpg.rf.3ff780b4476c5c55e86cf6cf2c66fea5.jpg,1,0,0,1,0.01
LDPE-566_jpg.rf.4471ee549345fe583f70baaba761d6d4.jpg,1,0,0,1,0.01
LDPE-567_jpg.rf.c8eeaf80fa7358fde205962f39225645.jpg,1,0,0,1,0.01
LDPE-568_jpg.rf.267116f93a643b1d4f53c88c65e54f08.jpg,1,0,0,1,0.01
LDPE-569_jpg.rf.1f28f047806da33d00d010d9d58b38a6.jpg,1,0,0,1,0.01
LDPE-56_jpg.rf.960a34e3a1817971d85607962f2fccbe.jpg,1,0,0,1,0.01
LDPE-56_jpg.rf.daf767e9691072b84ffd7f1ca1177ec1.jpg,0,0,1,1,0.01
LDPE-570_jpg.rf.b7ff9ec0f758eab323213aeba4bbb6d2.jpg,0,1,0,1,0.01
LDPE-571_jpg.rf.88bbda34962f5883c4b80a0c42221d5c.jpg,1,0,0,1,0.01
LDPE-572_jpg.rf.41e92863d9d76cae2d8ce97edc996496.jpg,1,0,0,1,0.01
LDPE-573_jpg.rf.92e5dd9178aee9c2deed097ac82cf563.jpg,0,0,1,1,0.01
LDPE-574_jpg.rf.428fd08655eebf8dd650c0cf913c48ae.jpg,1,0,0,1,0.01
LDPE-575_jpg.rf.a54eb61903a88e314ae411f409d9512e.jpg,1,0,0,1,0.01
LDPE-576_jpg.rf.750bb29b9f5b7193f545e39c46394296.jpg,0,0,1,1,0.01
LDPE-577_jpg.rf.5cde76b024d1360bc124791bd916795c.jpg,0,0,1,1,0.01
LDPE-578_jpg.rf.ce21851e6c7e8e7ed2514df2059ac45b.jpg,0,0,1,1,0.01
LDPE-579_jpg.rf.00c60128c0f48aaf05a341cd5c4411dc.jpg,0,0,1,1,0.01
LDPE-57_jpg.rf.7b69ac080e71138656caee17e62d7bb2.jpg,1,0,0,1,0.01
LDPE-57_jpg.rf.8c83864ce885c1f28971b1e6a1ca0f79.jpg,1,0,0,1,0.01
LDPE-580_jpg.rf.f6903689599eec115ba85333368416dc.jpg,1,0,0,1,0.01
LDPE-581_jpg.rf.c9bd9764a58ad97f469f5830429abc18.jpg,1,0,0,1,0.01
LDPE-582_jpg.rf.1c72392f066e47ebebaeaf7d9e4c125f.jpg,0,1,0,1,0.01
LDPE-583_jpg.rf.5f282b43f0800ff2adc50957501577e7.jpg,1,0,0,1,0.01
LDPE-584_jpg.rf.78d0651a7d7ea8674d3efb171894d3c9.jpg,1,0,0,1,0.01
LDPE-585_jpg.rf.8aa048acef470d3d0f52cff8bfbc03bf.jpg,0,0,1,1,0.01
LDPE-586_jpg.rf.7d67d405ef57b7be5e1d8620e2220da8.jpg,1,0,0,1,0.01
LDPE-587_jpg.rf.0092a0da6842a5565b36919d36240433.jpg,1,0,0,1,0.01
LDPE-588_jpg.rf.6cf6c5c022124063db83ebc85f963e65.jpg,1,0,0,1,0.01
LDPE-589_jpg.rf.7e109a38574264a71ef971913b5e9151.jpg,0,1,0,1,0.01
LDPE-58_jpg.rf.904e0954f9362ec2ef4b949d9ef5142f.jpg,1,0,0,1,0.01
LDPE-58_jpg.rf.989c353a7f22273d5557bf4f8781f6fe.jpg,1,0,0,1,0.01
LDPE-590_jpg.rf.c09fbfa044dc8eb13104c9d5e11f605e.jpg,0,0,1,1,0.01
LDPE-591_jpg.rf.860aef3f962b56c3e8303e66b604de93.jpg,0,0,1,1,0.01
LDPE-592_jpg.rf.84a73d3aa14845fe56d945849dc19f1b.jpg,1,0,0,1,0.01
LDPE-593_jpg.rf.d90c5e1316adf13d4792bced2a3fa4a4.jpg,1,0,0,1,0.01
LDPE-594_jpg.rf.eba918e03cb3fe6eccffbd2091c42798.jpg,1,0,0,1,0.01
LDPE-595_jpg.rf.f0fb4a0bdb8c5d9610fc0703c06c8f0d.jpg,1,0,0,1,0.01
LDPE-596_jpg.rf.03f6c89d9e2bffc3760dd0cd837c372c.jpg,0,0,1,1,0.01
LDPE-597_jpg.rf.acbd2759751d16b33b9b9ecdbbf8e6a2.jpg,0,0,1,1,0.01
LDPE-598_jpg.rf.0ae51bd967dddb4fafe8f66ea8a56f46.jpg,1,0,0,1,0.01
LDPE-599_jpg.rf.42f02fe91f1d00093122715d0d711ea5.jpg,0,0,1,1,0.01
LDPE-59_jpg.rf.04ebd11a192957de92ea7dfa5cf9e4b2.jpg,1,0,0,1,0.01
LDPE-59_jpg.rf.998da9cfddb7cd3dbf2ac1ea42e6146e.jpg,0,0,1,1,0.01
LDPE-5_jpg.rf.303f6f8dc80f0cd2ba2950af5bbb4e89.jpg,1,0,0,1,0.01
LDPE-5_jpg.rf.bccabd41de1f8d69a0b45cc67906a517.jpg,0,0,1,1,0.01
LDPE-5_jpg.rf.e00a68f97f79e610b949e906f79dcd38.jpg,1,0,0,1,0.01
LDPE-600_jpg.rf.b4d40a9eaaac4cf09def042a4f47384d.jpg,1,0,0,1,0.01
LDPE-601_jpg.rf.944cd5a0217ae8a807ea61afa8e22f0a.jpg,1,0,0,1,0.01
LDPE-602_jpg.rf.773d9e465f5c3b623effb72f02dc6f75.jpg,0,0,1,1,0.01
LDPE-603_jpg.rf.538f3d7ed6ec29e79706c4a54c4fb74d.jpg,0,0,1,1,0.01
LDPE-604_jpg.rf.f28b7586e2a5889d6b53d3d5f4bb865e.jpg,1,0,0,1,0.01
LDPE-605_jpg.rf.76eafee866a2f33f1e2c49dda38bda61.jpg,1,0,0,1,0.01
LDPE-606_jpg.rf.e1db3e9f96fa2822bdb0bfad6bf7b11f.jpg,0,1,0,1,0.01
LDPE-607_jpg.rf.bd627410789c0a2deff9e2cee8aa82f9.jpg,1,0,0,1,0.01
LDPE-608_jpg.rf.202723abaa8bd8b8eb151316e4105e27.jpg,1,0,0,1,0.01
LDPE-609_jpg.rf.a6705bcd23bee214d80e2f41c0131926.jpg,1,0,0,1,0.01
LDPE-60_jpg.rf.3b10e09db81aa15e4f2e583c6a85c412.jpg,0,0,1,1,0.01
LDPE-60_jpg.rf.7ad03963bb92ef299f620554e312dfd1.jpg,1,0,0,1,0.01
LDPE-610_jpg.rf.60b97f2445b69912d1a2b313d6dd3ba7.jpg,1,0,0,1,0.01
LDPE-611_jpg.rf.65b1d7b7f993d4803da7fcea5f9b7923.jpg,1,0,0,1,0.01
LDPE-612_jpg.rf.a1eba97d27512afc68d0983d587e5731.jpg,0,1,0,1,0.01
LDPE-613_jpg.rf.301c1d126cba956ead29d8ca062546d9.jpg,1,0,0,1,0.01
LDPE-614_jpg.rf.c49617e5ede5abbaff1b07f08cda66d3.jpg,0,1,0,1,0.01
LDPE-615_jpg.rf.f8b0eefa5dafd9c3920d9d0d4231db60.jpg,1,0,0,1,0.01
LDPE-616_jpg.rf.928de2fabb5bc8f5a114e0b7285ccbeb.jpg,1,0,0,1,0.01
LDPE-617_jpg.rf.5abdd3ffc19f0feb1814553c9c1045e0.jpg,1,0,0,1,0.01
LDPE-618_jpg.rf.2857e423122aae8142e03efef991f3aa.jpg,1,0,0,1,0.01
LDPE-619_jpg.rf.d9a54ed1b6a527a2409e70f3a77a7773.jpg,0,1,0,1,0.01
LDPE-61_jpg.rf.2e1488a0eeed4fe11710e8c6f917dbe0.jpg,1,0,0,1,0.01
LDPE-61_jpg.rf.5bd27bb55ceeded077830a5061e6ffb4.jpg,1,0,0,1,0.01
LDPE-620_jpg.rf.9a2496cc57a7a8a352e09aedd865747e.jpg,1,0,0,1,0.01
LDPE-621_jpg.rf.569a42cbc95718d6db294573f82a2dda.jpg,1,0,0,1,0.01
LDPE-622_jpg.rf.118092c73ae7934cd63c3afc3ecb0483.jpg,0,0,1,1,0.01
LDPE-623_jpg.rf.b5aff40775d89fb6082900400b7623b2.jpg,1,0,0,1,0.01
LDPE-624_jpg.rf.90c9a2f24214ee0accbadac8d0725572.jpg,1,0,0,1,0.01
LDPE-625_jpg.rf.08660d0dafa75c1be2c5d9e9814f4c2d.jpg,1,0,0,1,0.01
LDPE-626_jpg.rf.10d7e10c92b8466061b17156a3808f21.jpg,1,0,0,1,0.01
LDPE-627_jpg.rf.0853bdbc88940adb54f6de65b37b5ecc.jpg,1,0,0,1,0.01
LDPE-628_jpg.rf.ade80360013dddd322488f0a57d52796.jpg,1,0,0,1,0.01
LDPE-629_jpg.rf.e589be299740f6fc38eadf4f20b077ae.jpg,0,0,1,1,0.01
LDPE-62_jpg.rf.5c72717b60f83bd9417fbe6c032ce391.jpg,1,0,0,1,0.01
LDPE-630_jpg.rf.7fd5e334b16a0eac41ee6ee24dd5078a.jpg,0,0,1,1,0.01
LDPE-631_jpg.rf.a3678218fa40af741fdece042491dfd1.jpg,1,0,0,1,0.01
LDPE-632_jpg.rf.faea806149339755786be5e3f2c00d1c.jpg,1,0,0,1,0.01
LDPE-633_jpg.rf.f0f931a68f2aada74d69f9a0ac3e3833.jpg,0,0,1,1,0.01
LDPE-634_jpg.rf.54bd5c4cad191e45799c843e52350b7d.jpg,1,0,0,1,0.01
LDPE-635_jpg.rf.88fb281ffc95b00e89fea1551cabd36a.jpg,0,0,1,1,0.01
LDPE-636_jpg.rf.c62794a9e91fcd259d9651282ad362f7.jpg,0,1,0,1,0.01
LDPE-637_jpg.rf.3bd9429e53ed80be34c2d0d7aed7350f.jpg,1,0,0,1,0.01
LDPE-638_jpg.rf.579c8fbf1e37aec6ad2181d41f19896c.jpg,1,0,0,1,0.01
LDPE-639_jpg.rf.15a4af422229ad9fe7692b42878e0919.jpg,1,0,0,1,0.01
LDPE-63_jpg.rf.ad0544624cdd91bddc8b7e6563bce4eb.jpg,1,0,0,1,0.01
LDPE-63_jpg.rf.e05ed6435a096c3e46f3e258f5baa107.jpg,1,0,0,1,0.01
LDPE-640_jpg.rf.25d9abecccc354371554a337b4368378.jpg,1,0,0,1,0.01
LDPE-641_jpg.rf.3ccecedc29e492577f4ea0fad3c38876.jpg,1,0,0,1,0.01
LDPE-642_jpg.rf.4d0bae517867ad7b50d219d405a0b85b.jpg,1,0,0,1,0.01
LDPE-643_jpg.rf.acc5d349161f1013ca7101fa20c26b34.jpg,1,0,0,1,0.01
LDPE-644_jpg.rf.7e1bd22f11b21f46e0fb1f096f93de63.jpg,0,0,1,1,0.01
LDPE-645_jpg.rf.74abaec534dea46225ce1280a44864f6.jpg,1,0,0,1,0.01
LDPE-646_jpg.rf.ab195b5dff56aff61cf737aebfe65ad7.jpg,1,0,0,1,0.01
LDPE-647_jpg.rf.b629c3a9fe41d034731e6089f3a88b6e.jpg,1,0,0,1,0.01
LDPE-648_jpg.rf.0979ac50844984b2f99731aa9ee02992.jpg,1,0,0,1,0.01
LDPE-649_jpg.rf.bf79c2b86a0950182cbe21ce29e7df5a.jpg,1,0,0,1,0.01
LDPE-64_jpg.rf.3cd03fa23ec3b2f5bbd25fd023e63c35.jpg,0,1,0,1,0.01
LDPE-64_jpg.rf.b8a3e3dddb9cafaf9298c39f4be35a8e.jpg,1,0,0,1,0.01
LDPE-650_jpg.rf.0303881a84dbb44d85d60d69194e348b.jpg,1,0,0,1,0.01
LDPE-651_jpg.rf.97c0aff3eba318c93ba34d5da8fb840c.jpg,0,0,1,1,0.01
LDPE-652_jpg.rf.61f21d7d19a64434024af2e54ad1cbc6.jpg,0,0,1,1,0.01
LDPE-653_jpg.rf.444ae2dd97451d45c29e6270e802ccc2.jpg,1,0,0,1,0.01
LDPE-654_jpg.rf.3ab221f5b2f1fbe52b79319264cb3eae.jpg,0,0,1,1,0.01
LDPE-655_jpg.rf.1c55637ed0e0b31cfcc7bc9a50708e89.jpg,1,0,0,1,0.01
LDPE-656_jpg.rf.c9633e429f99c2a43d5ed2209e5e8dde.jpg,0,0,1,1,0.01
LDPE-657_jpg.rf.d8e301265c80fa3b5a104509af31a92b.jpg,1,0,0,1,0.01
LDPE-658_jpg.rf.fd9eb4c3214abf96fa82131ff2914d05.jpg,0,1,0,1,0.01
LDPE-659_jpg.rf.e74b4681c03c36575821cf7febbd34a9.jpg,1,0,0,1,0.01
LDPE-65_jpg.rf.3737977e149e168db6eba78222ac1552.jpg,1,0,0,1,0.01
LDPE-65_jpg.rf.c6cdb3d2993d6f9abde497dab3dcb754.jpg,1,0,0,1,0.01
LDPE-660_jpg.rf.fceb51f0d67ea692f65ce8c46f350e7f.jpg,1,0,0,1,0.01
LDPE-661_jpg.rf.471774a538b080b01a2cffacd52fd69e.jpg,1,0,0,1,0.01
LDPE-662_jpg.rf.f20405a95f567579fa96ec650713949b.jpg,0,1,0,1,0.01
LDPE-663_jpg.rf.86ccc286d863495af28a3af5409b54c9.jpg,1,0,0,1,0.01
LDPE-664_jpg.rf.75c0ba81faa99e3e0560908452763500.jpg,1,0,0,1,0.01
LDPE-665_jpg.rf.fefcf4e2319cb49d883483212da2a95d.jpg,0,1,0,1,0.01
LDPE-666_jpg.rf.afb9baa5bb361cada8e49a6a08c577a8.jpg,1,0,0,1,0.01
LDPE-667_jpg.rf.3c4e80cfd3818add5314bd11b40b4c79.jpg,1,0,0,1,0.01
LDPE-668_jpg.rf.88ffe521260e2a8957c61cf8bf663a3f.jpg,1,0,0,1,0.01
LDPE-669_jpg.rf.ed9b1c2e5a99d600d4b16ac3b34f2956.jpg,1,0,0,1,0.01
LDPE-66_jpg.rf.6438080fe25df5e9b5df12e3ee3288ba.jpg,1,0,0,1,0.01
LDPE-66_jpg.rf.bbdd4b2fdfc627737e346a9e8846b905.jpg,1,0,0,1,0.01
LDPE-670_jpg.rf.ba4907d830a444583d37633f1a5b8d58.jpg,1,0,0,1,0.01
LDPE-671_jpg.rf.9bab0a1a550859cadfa24c252f4a41c3.jpg,1,0,0,1,0.01
LDPE-672_jpg.rf.f0bd3679111d21836c5f54fc233e9f0f.jpg,1,0,0,1,0.01
LDPE-673_jpg.rf.f635b7a512dff1f92c1bbdca6621b303.jpg,1,0,0,1,0.01
LDPE-674_jpg.rf.8e082f8327f38c66ab796abe07bf86b6.jpg,1,0,0,1,0.01
LDPE-675_jpg.rf.051ca81f17259ecc58f590f65fcf92be.jpg,0,0,1,1,0.01
LDPE-676_jpg.rf.910e634186b7bed399d6b3c8e68704c5.jpg,1,0,0,1,0.01
LDPE-677_jpg.rf.6418d9e888100616cba9a12f19400a96.jpg,1,0,0,1,0.01
LDPE-678_jpg.rf.d65d8ff80805d28a6766bfc2a095c8fb.jpg,0,1,0,1,0.01
LDPE-679_jpg.rf.9665597fe722385dfd32aa089e4e1ae1.jpg,1,0,0,1,0.01
LDPE-67_jpg.rf.cc02fc4e153f9ddf75eacd371bb98dbb.jpg,1,0,0,1,0.01
LDPE-67_jpg.rf.d6f9ed4dc50e3a117d1d40b31898a842.jpg,0,0,1,1,0.01
LDPE-680_jpg.rf.7d55e82cfcbc95a377010e4c2bcb2f8e.jpg,1,0,0,1,0.01
LDPE-681_jpg.rf.84e236b44a279a3747db6a831a5776dc.jpg,0,1,0,1,0.01
LDPE-682_jpg.rf.4ba07a40c7fa836e4b0a19766b22b4f4.jpg,1,0,0,1,0.01
LDPE-683_jpg.rf.58f1025cffd1fe54cdb5609df082f554.jpg,1,0,0,1,0.01
LDPE-684_jpg.rf.b966a61d62af7f781f2a3fac05d0a75a.jpg,1,0,0,1,0.01
LDPE-685_jpg.rf.0b2793ccfc541fbdcbdacbbe8ff0b382.jpg,0,1,0,1,0.01
LDPE-686_jpg.rf.0ea45a65932a268ad2c975e96bad29cb.jpg,1,0,0,1,0.01
LDPE-687_jpg.rf.08026d42b00407f6bba1c29356e0c369.jpg,0,0,1,1,0.01
LDPE-688_jpg.rf.5a4ec12cdfc83d0e9f34d2abd427029c.jpg,0,1,0,1,0.01
LDPE-689_jpg.rf.70fa17478db4e0a3ce322ab6e8b663ba.jpg,1,0,0,1,0.01
LDPE-68_jpg.rf.92393c3ae07468797b05f2abed5b867d.jpg,1,0,0,1,0.01
LDPE-68_jpg.rf.b44b00b619d7bb068777b8552c601f41.jpg,1,0,0,1,0.01
LDPE-690_jpg.rf.9be66dfaa34d0e71187a6d2a4eb58b7e.jpg,1,0,0,1,0.01
LDPE-691_jpg.rf.be38121b275e489adadd72c2ffec7373.jpg,1,0,0,1,0.01
LDPE-692_jpg.rf.32183ce75c901d5ffcdc1b5a5d3ed892.jpg,1,0,0,1,0.01
LDPE-693_jpg.rf.b7f44e3112788bf9491e3fe8998d961a.jpg,0,0,1,1,0.01
LDPE-694_jpg.rf.7db7fb1256690f7c805a4561132a8038.jpg,1,0,0,1,0.01
LDPE-695_jpg.rf.cba8ac70f7c7ff912caeb83df2468da6.jpg,0,0,1,1,0.01
LDPE-696_jpg.rf.d9c259fb96c8ba13d61d5b1a5c990c64.jpg,1,0,0,1,0.01
LDPE-697_jpg.rf.b59df09250c857964826fa37f6aeaf99.jpg,1,0,0,1,0.01
LDPE-698_jpg.rf.f36e166aa8afe0cedf5a8da4151f45d6.jpg,0,1,0,1,0.01
LDPE-699_jpg.rf.63211170524c5a04db51389d99aa032e.jpg,1,0,0,1,0.01
LDPE-69_jpg.rf.c3ff8cfb62782ed94979b5f7f0a5aa06.jpg,1,0,0,1,0.01
LDPE-6_jpg.rf.4c270651f39b757329fe07c3b7268908.jpg,0,0,1,1,0.01
LDPE-6_jpg.rf.de57cef5abf81719deab1cb50bb2229c.jpg,0,0,1,1,0.01
LDPE-6_jpg.rf.f8b7a951634236a00b1342ce8627f266.jpg,0,0,1,1,0.01
LDPE-700_jpg.rf.15379db35e52bba814076920d93e09de.jpg,1,0,0,1,0.01
LDPE-701_jpg.rf.e3696d4b608899132754a0577bda0eee.jpg,1,0,0,1,0.01
LDPE-702_jpg.rf.299aaf5de840e20d817d6a08b48c3a2c.jpg,0,1,0,1,0.01
LDPE-703_jpg.rf.481e24c4254d77e58fc0f6ea97b22fd9.jpg,1,0,0,1,0.01
LDPE-704_jpg.rf.80b42a403906ab708b316bde41a3ec5d.jpg,1,0,0,1,0.01
LDPE-705_jpg.rf.d5b9e59fa3d2f867f1b88ceafeb53678.jpg,0,1,0,1,0.01
LDPE-706_jpg.rf.1af50b4ef3afd725e0f2e9a1d8830dfb.jpg,1,0,0,1,0.01
LDPE-707_jpg.rf.144d1a91d82176532478d61d0a7dc095.jpg,0,0,1,1,0.01
LDPE-708_jpg.rf.db972b1c10604be81e783b9d43e6ffd7.jpg,1,0,0,1,0.01
LDPE-709_jpg.rf.26b88ab1cc7767502a1f941402d18b0b.jpg,1,0,0,1,0.01
LDPE-70_jpg.rf.1ba51f6c6b18c3ae24b621fc1ff40104.jpg,1,0,0,1,0.01
LDPE-70_jpg.rf.97fc9978e7df98fe65f5e19717b05342.jpg,1,0,0,1,0.01
LDPE-710_jpg.rf.e2196273ef19ed86275364768e481c56.jpg,0,0,1,1,0.01
LDPE-711_jpg.rf.187faa84374854520ebfbe2e3e39700b.jpg,0,1,0,1,0.01
LDPE-712_jpg.rf.f8c3cd5b7953047c2be9b00e7075602f.jpg,1,0,0,1,0.01
LDPE-713_jpg.rf.7ee05b37fdf36a2cce9f28122d30ed86.jpg,0,0,1,1,0.01
LDPE-714_jpg.rf.9c94d1a389061d9595c9969b93a3b10f.jpg,1,0,0,1,0.01
LDPE-715_jpg.rf.5b53ff3651bdbe85162697e069baea9a.jpg,1,0,0,1,0.01
LDPE-716_jpg.rf.a123d923a3872d3c9a7233d70f1cb769.jpg,1,0,0,1,0.01
LDPE-717_jpg.rf.21a0f1b11fdd3df25bdbce93a83b6f76.jpg,1,0,0,1,0.01
LDPE-718_jpg.rf.f5b4fd84e8aa650e98e9dbcfeede954e.jpg,1,0,0,1,0.01
LDPE-719_jpg.rf.6b0ceadd70ea46bc8401ef28c7340f05.jpg,1,0,0,1,0.01
LDPE-71_jpg.rf.8f7a3a5568e082ffda7df0f52f012686.jpg,1,0,0,1,0.01
LDPE-71_jpg.rf.9797724610fea5f1b6902adf5e5ca221.jpg,1,0,0,1,0.01
LDPE-720_jpg.rf.94ecfa4180091cbf5621aa882248d37b.jpg,1,0,0,1,0.01
LDPE-721_jpg.rf.52089bff3457190d70efde79d2115350.jpg,0,0,1,1,0.01
LDPE-722_jpg.rf.730a506dbb425887ce85847c03534dec.jpg,1,0,0,1,0.01
LDPE-723_jpg.rf.0cd8367230b830c42d152d0f639f11f8.jpg,0,0,1,1,0.01
LDPE-724_jpg.rf.ef7473dbadfe906bb186f9d80f65e057.jpg,1,0,0,1,0.01
LDPE-725_jpg.rf.205ea6256b7810aec0e716d780a4bc96.jpg,1,0,0,1,0.01
LDPE-726_jpg.rf.844fe93d56f1a157602bf64f785a5d7d.jpg,1,0,0,1,0.01
LDPE-727_jpg.rf.00185d5fc310830e2d5527081351605d.jpg,1,0,0,1,0.01
LDPE-728_jpg.rf.bec5a3c7eac5cbf32f161ca54bcb08bb.jpg,1,0,0,1,0.01
LDPE-729_jpg.rf.d95392d649210fa19880634725d521cb.jpg,0,0,1,1,0.01
LDPE-72_jpg.rf.8e75a62e728114c40d26aef020c4ac2b.jpg,1,0,0,1,0.01
LDPE-72_jpg.rf.94b2dec60dad6e24d844328fe902690e.jpg,1,0,0,1,0.01
LDPE-730_jpg.rf.ef5cf944e2db11a35955118ec162866b.jpg,0,0,1,1,0.01
LDPE-731_jpg.rf.914e22a5407e134f6165a95f2018de61.jpg,0,1,0,1,0.01
LDPE-732_jpg.rf.400f16d342288017fd859c1bf7e55156.jpg,1,0,0,1,0.01
LDPE-733_jpg.rf.aeaac9fd26eea58c5e218b1b34e9ff79.jpg,0,1,0,1,0.01
LDPE-734_jpg.rf.155710dfda7f3afe05ea2b9fcbc407d4.jpg,0,0,1,1,0.01
LDPE-735_jpg.rf.77011eda78e2966d5526da15ac20f0e5.jpg,1,0,0,1,0.01
LDPE-736_jpg.rf.0ba0221d03990da7e5dc1cfb1c3da50f.jpg,1,0,0,1,0.01
LDPE-737_jpg.rf.1918665db3caa9f268a97c3667689eca.jpg,1,0,0,1,0.01
LDPE-738_jpg.rf.ead93e1a19b37b0a2ad6bec8a651e235.jpg,1,0,0,1,0.01
LDPE-739_jpg.rf.43de574c16465ff518130fcee3dfbab9.jpg,1,0,0,1,0.01
LDPE-73_jpg.rf.12e490d5f721e3a001c7a17c4e26e2cf.jpg,1,0,0,1,0.01
LDPE-73_jpg.rf.7bbf8c8dd9b05f7e3016f8d467f81be0.jpg,1,0,0,1,0.01
LDPE-740_jpg.rf.22c678d6a4ff72744da61f9a6b1a17ef.jpg,1,0,0,1,0.01
LDPE-741_jpg.rf.6c470e1f5525a04e9eb884f97d17f38e.jpg,1,0,0,1,0.01
LDPE-742_jpg.rf.9111a2ebb17c69a9cf1fe67440232b57.jpg,1,0,0,1,0.01
LDPE-743_jpg.rf.4baf3bb136e7519fa6f8fe480ab1babe.jpg,0,1,0,1,0.01
LDPE-744_jpg.rf.8aa929aab54168ddb8f081910a56f3a3.jpg,0,0,1,1,0.01
LDPE-745_jpg.rf.cbcbabaec03fdc84b31ed3e9ca9dae84.jpg,1,0,0,1,0.01
LDPE-746_jpg.rf.57034f0c032083544af2f8e851222c3b.jpg,1,0,0,1,0.01
LDPE-747_jpg.rf.4cc3b5f75a5172ec931a20b9f62d88fd.jpg,1,0,0,1,0.01
LDPE-748_jpg.rf.bec23b26e7c50bfa66ab6b03a84df1d9.jpg,1,0,0,1,0.01
LDPE-749_jpg.rf.f4317b5cb40b331a1d3afd615bdfe184.jpg,1,0,0,1,0.01
LDPE-74_jpg.rf.6a978bbe33d138c691cb24ca796f13d4.jpg,1,0,0,1,0.01
LDPE-74_jpg.rf.ccf424cb22046dfb02e653769ded4998.jpg,1,0,0,1,0.01
LDPE-750_jpg.rf.2a7a10d449115250dba41e0c0e97f6ad.jpg,1,0,0,1,0.01
LDPE-751_jpg.rf.34f4ba0b64943dcb143ba060f6655e74.jpg,1,0,0,1,0.01
LDPE-752_jpg.rf.0922aef882ec97a302f0982e0bdc4dbd.jpg,1,0,0,1,0.01
LDPE-753_jpg.rf.841841cd96da1dcfe9b0bf316e905404.jpg,1,0,0,1,0.01
LDPE-754_jpg.rf.9c002c4c71aa4992ab41452691a535de.jpg,0,1,0,1,0.01
LDPE-755_jpg.rf.cced945c0056a8cd8e46f41bc6e03aca.jpg,1,0,0,1,0.01
LDPE-756_jpg.rf.4e996271a4f73b1b13327c89d589e440.jpg,1,0,0,1,0.01
LDPE-757_jpg.rf.d8e118d289e492140756cc00ed7b1ad2.jpg,1,0,0,1,0.01
LDPE-758_jpg.rf.4dca2a61cc0bbe3d5835217a5f77f53b.jpg,1,0,0,1,0.01
LDPE-759_jpg.rf.bb17482a0accebac7d9241e7f8abc924.jpg,1,0,0,1,0.01
LDPE-75_jpg.rf.a3e222ff46b740ccc4398e49cd5a1152.jpg,1,0,0,1,0.01
LDPE-75_jpg.rf.e02f17e516e171fa483ff5c99602f22d.jpg,1,0,0,1,0.01
LDPE-760_jpg.rf.62f6e12bad290c9e697d42649eb65d99.jpg,0,0,1,1,0.01
LDPE-761_jpg.rf.9edad083201bfbf9bd317089a330b490.jpg,0,1,0,1,0.01
LDPE-762_jpg.rf.57c9954709dde38a9c25f2ff447fb3b9.jpg,1,0,0,1,0.01
LDPE-763_jpg.rf.725eb86a8cafc81d8e24e5488f16a9af.jpg,1,0,0,1,0.01
LDPE-764_jpg.rf.18bc3222c5165cdc8fd09a6281066d81.jpg,0,0,1,1,0.01
LDPE-765_jpg.rf.2d5bc78b8fbef4fb591d90a8e8967ec8.jpg,1,0,0,1,0.01
LDPE-766_jpg.rf.3d8fc5a15a7f6924392ac5921c7d668b.jpg,1,0,0,1,0.01
LDPE-767_jpg.rf.b58edb0b546318461f88ce3b9763ac0f.jpg,0,1,0,1,0.01
LDPE-768_jpg.rf.9c117e724e89ccab21ef714ed3c32690.jpg,1,0,0,1,0.01
LDPE-769_jpg.rf.f08d43cd205f3c0074bc347396080d2a.jpg,1,0,0,1,0.01
LDPE-76_jpg.rf.a9abab8f3ec8f0f035782c85ab780dd2.jpg,1,0,0,1,0.01
LDPE-76_jpg.rf.e4e143f271bb99e091993b85770ab4b2.jpg,1,0,0,1,0.01
LDPE-770_jpg.rf.777ef49c0e09a20055e826261dfd2cb5.jpg,1,0,0,1,0.01
LDPE-771_jpg.rf.e38e6de5bf3a010fed6f08688246c38d.jpg,1,0,0,1,0.01
LDPE-77_jpg.rf.2fd9ed047fd5b1ddab7071969ed284aa.jpg,1,0,0,1,0.01
LDPE-77_jpg.rf.ea72cf37a41a2487b567c23eb5ec4bf7.jpg,0,0,1,1,0.01
LDPE-78_jpg.rf.0d4bdfca11018c2e8a614c16149efae6.jpg,0,0,1,1,0.01
LDPE-78_jpg.rf.a35e06db97d4e6df00efb14fd52e2d41.jpg,1,0,0,1,0.01
LDPE-79_jpg.rf.e88f7cf7fafb0cfb6077dd25f09c02df.jpg,1,0,0,1,0.01
LDPE-79_jpg.rf.f736afa5f601ade23599974c46afa326.jpg,1,0,0,1,0.01
LDPE-7_jpg.rf.536652703e490845d3187eca431a3017.jpg,1,0,0,1,0.01
LDPE-7_jpg.rf.635bd3305b7cfff953e00b84d12ac0f2.jpg,1,0,0,1,0.01
LDPE-7_jpg.rf.a9cc3891123162d016b9730142e1ae73.jpg,0,0,1,1,0.01
LDPE-80_jpg.rf.531010a6ec701998469eb3ae181addc6.jpg,1,0,0,1,0.01
LDPE-80_jpg.rf.8f1d4aecb4493e48361b8a633543524b.jpg,1,0,0,1,0.01
LDPE-81_jpg.rf.8daae9e758e92b942b4b6b423f816518.jpg,0,0,1,1,0.01
LDPE-81_jpg.rf.9d5ed034a3fa31af535350b85b60e1e7.jpg,1,0,0,1,0.01
LDPE-82_jpg.rf.42b102b9caec1e4a2a77fa9b55b2d0f3.jpg,1,0,0,1,0.01
LDPE-82_jpg.rf.f7ad882a7ac262f9397266db8a6332aa.jpg,1,0,0,1,0.01
LDPE-83_jpg.rf.324bb1abb5c5de2c72446606b5c8c48f.jpg,1,0,0,1,0.01
LDPE-84_jpg.rf.5048bac96bc728917c592c8b5f90a478.jpg,1,0,0,1,0.01
LDPE-84_jpg.rf.f0b1886c5698089ea7066a5e6118e932.jpg,1,0,0,1,0.01
LDPE-85_jpg.rf.5e7f970c17b35dc959119618fd9ba105.jpg,1,0,0,1,0.01
LDPE-85_jpg.rf.9e0827d307182fcfe087ef83939daace.jpg,1,0,0,1,0.01
LDPE-86_jpg.rf.233421734fe599b55a2ce6a34dd6e195.jpg,1,0,0,1,0.01
LDPE-86_jpg.rf.261924e7ff59abee03ab2821e80112f7.jpg,1,0,0,1,0.01
LDPE-87_jpg.rf.4bed7b0e1fd7126b281585ddfae9e8e3.jpg,1,0,0,1,0.01
LDPE-87_jpg.rf.ba9a1522033cc5c3da0e86d9f5af6ef4.jpg,0,0,1,1,0.01
LDPE-88_jpg.rf.670f2834620de2d85474e5eeca9fb465.jpg,1,0,0,1,0.01
LDPE-88_jpg.rf.f161aff00da7bb3f16286f9634bdfc66.jpg,0,1,0,1,0.01
LDPE-89_jpg.rf.65b902e546b685fff10768a079893031.jpg,1,0,0,1,0.01
LDPE-89_jpg.rf.8f6b07b9d7135d307bd13c6d6652c7bf.jpg,1,0,0,1,0.01
LDPE-8_jpg.rf.172f4daf970bb222d0f0ad5d43bb761f.jpg,1,0,0,1,0.01
LDPE-8_jpg.rf.4d37a24afa5188bb0f9edae39437de78.jpg,0,0,1,1,0.01
LDPE-8_jpg.rf.701c149d30a1b209e813d9da2ce2c098.jpg,1,0,0,1,0.01
LDPE-90_jpg.rf.31664997e23c34be1468c42c81727182.jpg,1,0,0,1,0.01
LDPE-90_jpg.rf.60912c8c088318df3d8570b305375a3e.jpg,1,0,0,1,0.01
LDPE-91_jpg.rf.6f777b1fb48d82b5bdc0d6b291a3a0ad.jpg,1,0,0,1,0.01
LDPE-91_jpg.rf.cf730e56e14e4724485795c54e6a2969.jpg,1,0,0,1,0.01
LDPE-92_jpg.rf.0d597cab48f13423ed0ef5b78106589c.jpg,1,0,0,1,0.01
LDPE-92_jpg.rf.0ec1bd8293e863aee2a0691a2a733491.jpg,1,0,0,1,0.01
LDPE-93_jpg.rf.656297fdcb4de3392ac2573b3401a73b.jpg,1,0,0,1,0.01
LDPE-93_jpg.rf.e9f9571ee11c9cd51a04dffdc8bad4ee.jpg,0,0,1,1,0.01
LDPE-94_jpg.rf.3c4ba088eab0eed29863a85d14759e72.jpg,1,0,0,1,0.01
LDPE-94_jpg.rf.41fd5c0d99d854e72dc2bf0d7e55b36c.jpg,0,1,0,1,0.01
LDPE-95_jpg.rf.d88de81983663a10919386333311201f.jpg,0,0,1,1,0.01
LDPE-95_jpg.rf.db02ee38b4bcb44d82ca573f68a6990e.jpg,1,0,0,1,0.01
LDPE-96_jpg.rf.3d086b29ad3f9ef00e670f5ada793915.jpg,0,0,1,1,0.01
LDPE-96_jpg.rf.717e91ffef6c4947d5fd214a942308cc.jpg,1,0,0,1,0.01
LDPE-97_jpg.rf.382d98b6ef800b8ebad137a678e5871a.jpg,1,0,0,1,0.01
LDPE-98_jpg.rf.8339e5332cf251fd479b9bc35ebda1c7.jpg,1,0,0,1,0.01
LDPE-98_jpg.rf.f8c82204d0d3cd7ed42c185186230529.jpg,1,0,0,1,0.01
LDPE-99_jpg.rf.1da82e627bf7cd38806f1f46b018a2b6.jpg,1,0,0,1,0.01
LDPE-99_jpg.rf.afaac60a20bcaab05080f06ff81b39a3.jpg,1,0,0,1,0.01
LDPE-9_jpg.rf.8494dbbca6517955201ac54645279d80.jpg,1,0,0,1,0.01
LDPE-9_jpg.rf.aa942a5a57015e034b61938f1920fb46.jpg,0,0,1,1,0.01
LDPE-9_jpg.rf.ee56f2ca774be0f611fcac64e7179c00.jpg,1,0,0,1,0.01
OTHERS-0_jpg.rf.23248f8e4602f3d9416265429e8d5e44.jpg,0,1,0,1,0.01
OTHERS-1000_jpg.rf.aefb19c310b077d2aada3595ec48c25f.jpg,0,1,0,1,0.01
OTHERS-1001_jpg.rf.7c8510a745bb663dc588c01bec406328.jpg,0,1,0,1,0.01
OTHERS-1002_jpg.rf.61df71978d9b91870d9eef8e05e134b0.jpg,1,0,0,1,0.01
OTHERS-1003_jpg.rf.bdd21e80e29a53b1c59077eaaa23c87d.jpg,1,0,0,1,0.01
OTHERS-1004_jpg.rf.e8632e57587e533e3a2ab46247190305.jpg,1,0,0,1,0.01
OTHERS-1005_jpg.rf.dfa611e46335b269b9d21a7a961a02d7.jpg,1,0,0,1,0.01
OTHERS-1006_jpg.rf.87b2eebfc6378c1ddebbbf4d4233def3.jpg,0,0,1,1,0.01
OTHERS-1007_jpg.rf.ae72910fe449717bd23612c26ad6124c.jpg,1,0,0,1,0.01
OTHERS-1008_jpg.rf.7f6b5d1cd74d6875cb781dac3a8a1a1e.jpg,1,0,0,1,0.01
OTHERS-1009_jpg.rf.18bdfc930bf8895a5dd1571d70b98078.jpg,1,0,0,1,0.01
OTHERS-100_jpg.rf.10560fbb0e3e8a3bf44ababe13483684.jpg,1,0,0,1,0.01
OTHERS-100_jpg.rf.b06a4431da62a765add6e6f2ff1cb149.jpg,1,0,0,1,0.01
OTHERS-1010_jpg.rf.6b1714c60f5c5b525ffab6d66b92669e.jpg,1,0,0,1,0.01
OTHERS-1011_jpg.rf.3b1940b2420c738a38fc0889b75f6dc6.jpg,0,1,0,1,0.01
OTHERS-1012_jpg.rf.eb8cf40fd90800bb00bff258990e86f0.jpg,0,0,1,1,0.01
OTHERS-1013_jpg.rf.27745ebbf1bf789065e6f06e0444ed84.jpg,1,0,0,1,0.01
OTHERS-1014_jpg.rf.0fdf3933560dde5ba825ea39824a946e.jpg,1,0,0,1,0.01
OTHERS-1015_jpg.rf.eb1571d92f4141118c16bb3e17b3cb0e.jpg,1,0,0,1,0.01
OTHERS-1016_jpg.rf.4071166842fe293b4a1db2f3600d52d5.jpg,0,1,0,1,0.01
OTHERS-1017_jpg.rf.60a64d036059531a87b380228a1f0ada.jpg,1,0,0,1,0.01
OTHERS-1018_jpg.rf.c14eb11dc971a4bf29eb5c86c6d590b5.jpg,1,0,0,1,0.01
OTHERS-1019_jpg.rf.8eb2dc66861275157473addf6c99565a.jpg,1,0,0,1,0.01
OTHERS-101_jpg.rf.9c7e326f3c862b3005767be44c8b2bf7.jpg,1,0,0,1,0.01
OTHERS-101_jpg.rf.cfc3c2e26ab5cb738a71a0072066bbfa.jpg,0,0,1,1,0.01
OTHERS-1020_jpg.rf.689b8306d3e61d1921be1419d23c52bc.jpg,0,0,1,1,0.01
OTHERS-1021_jpg.rf.1ce5de39a3338dc3139c4c4706c00c99.jpg,0,0,1,1,0.01
OTHERS-1022_jpg.rf.40ea2fd307e2dbf1506873c7ab6c6225.jpg,1,0,0,1,0.01
OTHERS-1023_jpg.rf.4f318bcc16f8a7acaa6f1fa67ad1b2d9.jpg,1,0,0,1,0.01
OTHERS-1024_jpg.rf.0f48fdcbf7b86a5838cf1346d90a969a.jpg,1,0,0,1,0.01
OTHERS-1025_jpg.rf.50669ff94415b0eacef5c1b28c651cb3.jpg,1,0,0,1,0.01
OTHERS-1026_jpg.rf.75131c816b73c783e3827cd80127913f.jpg,0,0,1,1,0.01
OTHERS-1027_jpg.rf.4e6ac6baeed5a8f7920313d7bb378399.jpg,1,0,0,1,0.01
OTHERS-1028_jpg.rf.1f704a39c8cbbdc48a6107e161e6814a.jpg,1,0,0,1,0.01
OTHERS-1029_jpg.rf.0bdb2ab27c112501f0dec1b64c09a9bd.jpg,0,0,1,1,0.01
OTHERS-102_jpg.rf.69f5e828533a4a94814fc42f14dc0912.jpg,1,0,0,1,0.01
OTHERS-102_jpg.rf.7b5332c555c3c55b78576e5ccf7705c7.jpg,1,0,0,1,0.01
OTHERS-1030_jpg.rf.21f11a2692e0b771bcd40801ffe6d5a6.jpg,1,0,0,1,0.01
OTHERS-1031_jpg.rf.700b2165fde19dd1b02fc83d8a5bd696.jpg,1,0,0,1,0.01
OTHERS-1032_jpg.rf.974b9e3c1039e9751c9b96a1e6fc8b36.jpg,0,0,1,1,0.01
OTHERS-1033_jpg.rf.5294343b793cb18ff4ceb1de679ee745.jpg,1,0,0,1,0.01
OTHERS-1034_jpg.rf.7903317881b2fe3eb62d1686ca6d6d38.jpg,0,0,1,1,0.01
OTHERS-1035_jpg.rf.b9b4f1e7b2a11ce867e1773de228b25f.jpg,1,0,0,1,0.01
OTHERS-1036_jpg.rf.799b89892449d5a1edf3bb2532a238e5.jpg,1,0,0,1,0.01
OTHERS-1037_jpg.rf.b2c2d20def33a59d91c25a6598fbc570.jpg,1,0,0,1,0.01
OTHERS-1038_jpg.rf.719d9c723bff974f471e142a380d8513.jpg,1,0,0,1,0.01
OTHERS-1039_jpg.rf.16cddf00b26379e5d16742c2ff9fccc7.jpg,1,0,0,1,0.01
OTHERS-103_jpg.rf.6d01ced7d3a1edb39181ded09838a142.jpg,0,0,1,1,0.01
OTHERS-1040_jpg.rf.b6b7a196c2420073a19f4f3017c00daf.jpg,1,0,0,1,0.01
OTHERS-1041_jpg.rf.b95a8b752e7f07c8bbdaf8a9fc3210d0.jpg,1,0,0,1,0.01
OTHERS-1042_jpg.rf.fded69f3383e0273fee53983da9861be.jpg,1,0,0,1,0.01
OTHERS-1043_jpg.rf.5c859de4ea8c2667a69b924aa49e4612.jpg,1,0,0,1,0.01
OTHERS-1044_jpg.rf.88b2395e93cb3de4ab5c78c2e7bb1daa.jpg,0,1,0,1,0.01
OTHERS-1045_jpg.rf.f4a74a1b2e38df7e3f2f96777268e8c0.jpg,1,0,0,1,0.01
OTHERS-1046_jpg.rf.79d27cc550f2b024770d14a416595553.jpg,1,0,0,1,0.01
OTHERS-1047_jpg.rf.38f2c60f3c69dde6d94058c05f0a5299.jpg,0,1,0,1,0.01
OTHERS-1048_jpg.rf.71ebcde1766a8571ab4ab52c8f4b0dd4.jpg,0,1,0,1,0.01
OTHERS-1049_jpg.rf.9f5e8be296e52c8800cd6c9c52413bf2.jpg,1,0,0,1,0.01
OTHERS-104_jpg.rf.6c7ec46fb8a0a18d8cefa6453c20da27.jpg,1,0,0,1,0.01
OTHERS-104_jpg.rf.7fc410ce836cd1c1f9ab5a9360272aa4.jpg,1,0,0,1,0.01
OTHERS-1050_jpg.rf.7ab5524e6bd354583c96d9e380b70b97.jpg,1,0,0,1,0.01
OTHERS-1051_jpg.rf.a7ee3a78fa7c88b22a1a302821dc5c4d.jpg,0,1,0,1,0.01
OTHERS-1052_jpg.rf.b2c692f031ddb46ee434d0f10d4d0cba.jpg,1,0,0,1,0.01
OTHERS-1053_jpg.rf.f1081a2b57cf8ec21333d7f482b1b548.jpg,1,0,0,1,0.01
OTHERS-1054_jpg.rf.03575f8c58cae81eaeab8090dfa2691e.jpg,1,0,0,1,0.01
OTHERS-1055_jpg.rf.c80f94540d987e0b0d95362d8d7f2c05.jpg,0,0,1,1,0.01
OTHERS-1056_jpg.rf.d36d76c004dfec22eca4bf72074536a3.jpg,1,0,0,1,0.01
OTHERS-1057_jpg.rf.29f39b8d96550fa1b375ceca131fd853.jpg,1,0,0,1,0.01
OTHERS-1058_jpg.rf.799d3bb4874c6f64d192b76108b1f84c.jpg,1,0,0,1,0.01
OTHERS-1059_jpg.rf.a5d2789f6f56bdf08ddcae69c5a65851.jpg,1,0,0,1,0.01
OTHERS-105_jpg.rf.10ef5259b1b2bd86c8881cf967900d47.jpg,1,0,0,1,0.01
OTHERS-1060_jpg.rf.0cfde114b53095964636be8a67ca8ffc.jpg,1,0,0,1,0.01
OTHERS-1061_jpg.rf.73ba63d82b517ed1d7d21669d36d418c.jpg,1,0,0,1,0.01
OTHERS-1062_jpg.rf.a9a717674b1178b56ad70d2ce9b1b511.jpg,1,0,0,1,0.01
OTHERS-1063_jpg.rf.6c33ab7833a30f5323e829af9efd713c.jpg,1,0,0,1,0.01
OTHERS-1064_jpg.rf.968849519eba90d30ffd38f88071b33b.jpg,1,0,0,1,0.01
OTHERS-1065_jpg.rf.4ecfce5d76025f663a5bb03d8fc806f0.jpg,1,0,0,1,0.01
OTHERS-1066_jpg.rf.be5eead57c203364bb86d2da57121e98.jpg,0,0,1,1,0.01
OTHERS-1067_jpg.rf.d8ef8aa6ad7848d644e96fc81ec9da53.jpg,0,0,1,1,0.01
OTHERS-1068_jpg.rf.0e3161e32d3f45f756407897d6e65925.jpg,1,0,0,1,0.01
OTHERS-1069_jpg.rf.f51d1566de15a8008920cbc5d2f28459.jpg,1,0,0,1,0.01
OTHERS-106_jpg.rf.1cc23ab755546accf1ee0e8ac3ef8b42.jpg,1,0,0,1,0.01
OTHERS-106_jpg.rf.65462850a0f128d34f73cb8f32a94344.jpg,1,0,0,1,0.01
OTHERS-1070_jpg.rf.5353737921f62e3e161afcce83e00702.jpg,1,0,0,1,0.01
OTHERS-1071_jpg.rf.b3bd228cbad7d4a99fd0a520ce7efd1d.jpg,1,0,0,1,0.01
OTHERS-1072_jpg.rf.1db357cb2e42fa4cc8262acf7bf04ec9.jpg,0,0,1,1,0.01
OTHERS-1073_jpg.rf.ac260b3a0d3785133b8855223dfe9fd0.jpg,1,0,0,1,0.01
OTHERS-1074_jpg.rf.1db9e86e36d65c8d3bb3d9aaec4a4153.jpg,0,0,1,1,0.01
OTHERS-1075_jpg.rf.cd1a054fd5f24a39a1e034dd594ac4e1.jpg,0,0,1,1,0.01
OTHERS-1076_jpg.rf.4b0530b9ef553a71dfe047e2e76ff694.jpg,0,0,1,1,0.01
OTHERS-1077_jpg.rf.fb906b3bffe519d9c26a1f4af104f01b.jpg,1,0,0,1,0.01
OTHERS-1078_jpg.rf.87e7c109ba9924ecd9ca0c5e84b37dc0.jpg,1,0,0,1,0.01
OTHERS-1079_jpg.rf.4473ff3e5654c2fb40fb0fa9655d7480.jpg,1,0,0,1,0.01
OTHERS-107_jpg.rf.23971a8ac9a2ec87b95c544661d2c6e5.jpg,1,0,0,1,0.01
OTHERS-107_jpg.rf.ad22aea6249b6779d7dad3e001852cbd.jpg,1,0,0,1,0.01
OTHERS-1080_jpg.rf.d4ddd0c717278b25a51339336433bf5f.jpg,0,0,1,1,0.01
OTHERS-1081_jpg.rf.419c9e2c8646fc9fb99a11981da4baa0.jpg,1,0,0,1,0.01
OTHERS-1082_jpg.rf.d7b81669321900cf30418d1f0e1b7fe8.jpg,1,0,0,1,0.01
OTHERS-1083_jpg.rf.52445ec00c68f82086e0f08f0fbf21b2.jpg,1,0,0,1,0.01
OTHERS-1084_jpg.rf.9a3c651e1f149c3c66b253dbcb4f34cb.jpg,0,1,0,1,0.01
OTHERS-1085_jpg.rf.b8e392d6b444e30ef36d210081627eed.jpg,1,0,0,1,0.01
OTHERS-1086_jpg.rf.ea48b945e2f3dc9c31ccd9d47d73ba6d.jpg,0,1,0,1,0.01
OTHERS-1087_jpg.rf.91caba19b8ab915a25f65158a56202c6.jpg,1,0,0,1,0.01
OTHERS-1088_jpg.rf.5b2fe5f699b1baf8d08d7a98c095d47f.jpg,1,0,0,1,0.01
OTHERS-1089_jpg.rf.b5b6c070716bd5e1e4d3fad9d7a5f191.jpg,1,0,0,1,0.01
OTHERS-108_jpg.rf.071bcb5916fc1e6fbed3c8c9d2061cdd.jpg,1,0,0,1,0.01
OTHERS-108_jpg.rf.4bd53bfe41b61f30d66d0a1a6eeb6845.jpg,1,0,0,1,0.01
OTHERS-1090_jpg.rf.53a1ed0c2f5487e175ec6398944c59bd.jpg,1,0,0,1,0.01
OTHERS-1091_jpg.rf.1cbad9b698765113105053d0d28310ed.jpg,0,0,1,1,0.01
OTHERS-1092_jpg.rf.21244ceaebcfe7c4ffccef1a812c8ef7.jpg,1,0,0,1,0.01
OTHERS-1093_jpg.rf.26a2346e14cbd4190b1bb711d9a6bae3.jpg,0,1,0,1,0.01
OTHERS-1094_jpg.rf.77bddaa64d7374cc334eb9558fe9a2d1.jpg,1,0,0,1,0.01
OTHERS-1095_jpg.rf.e0ba272854906be1ddf57a35b9031bb8.jpg,1,0,0,1,0.01
OTHERS-1096_jpg.rf.9b5022d731ba5779f26329cee16cac22.jpg,0,0,1,1,0.01
OTHERS-1097_jpg.rf.224ac2884d7c60d6e736987602400b66.jpg,1,0,0,1,0.01
OTHERS-1098_jpg.rf.cffd795295c32e6e65d71b4afcda6a7c.jpg,1,0,0,1,0.01
OTHERS-1099_jpg.rf.fe423b304261a328ef939a8b5ac34077.jpg,0,0,1,1,0.01
OTHERS-109_jpg.rf.9c57423e4315c7a2d19811abe4e9eefb.jpg,0,1,0,1,0.01
OTHERS-109_jpg.rf.9d81585a494f175fad4cca4db8bb3482.jpg,1,0,0,1,0.01
OTHERS-10_jpg.rf.db17e4f1a6f75b28803352ff962b8e4e.jpg,0,1,0,1,0.01
OTHERS-1100_jpg.rf.4fe616316f5fbb71b3769111c50a3126.jpg,1,0,0,1,0.01
OTHERS-1101_jpg.rf.781738781941efe84f987b35e35f527d.jpg,0,0,1,1,0.01
OTHERS-1102_jpg.rf.f4a0d259fd77770f99d203a01a356247.jpg,1,0,0,1,0.01
OTHERS-1103_jpg.rf.4e3cee27d5dba47f2d12a8da75e6f0f7.jpg,1,0,0,1,0.01
OTHERS-1104_jpg.rf.9df02473f1e0e5479cdee0716c397fee.jpg,0,0,1,1,0.01
OTHERS-1105_jpg.rf.5b7a6fb8bc28f8f2028c58bd38906d9f.jpg,1,0,0,1,0.01
OTHERS-1106_jpg.rf.b4a6e8e95f4e42a7e4757a258304f288.jpg,1,0,0,1,0.01
OTHERS-1107_jpg.rf.fb29a4c952ec65781e4002e8be39aed3.jpg,1,0,0,1,0.01
OTHERS-1108_jpg.rf.5c2192840af5942a06be5efacc82bd7d.jpg,1,0,0,1,0.01
OTHERS-1109_jpg.rf.b392572c2f8f3377cf133756b07b3868.jpg,1,0,0,1,0.01
OTHERS-110_jpg.rf.015be24b8cbe2552a9f2548f18699945.jpg,1,0,0,1,0.01
OTHERS-110_jpg.rf.b20b31cbddf1c948c945601ef5b4447c.jpg,1,0,0,1,0.01
OTHERS-1110_jpg.rf.da593f30f1cf56817a79e9169ad06a85.jpg,1,0,0,1,0.01
OTHERS-1111_jpg.rf.2628745b5c51fa5c91732f24285ce937.jpg,1,0,0,1,0.01
OTHERS-1112_jpg.rf.2e9df18977f46beb606ae16b4902c3bb.jpg,1,0,0,1,0.01
OTHERS-1113_jpg.rf.21d3010a90c095f165a9eff76f80d750.jpg,0,0,1,1,0.01
OTHERS-1114_jpg.rf.2f9e5b22b0ae059c032a92532c581666.jpg,1,0,0,1,0.01
OTHERS-1115_jpg.rf.ec84bea180f3044b50c8da915c38ae3e.jpg,1,0,0,1,0.01
OTHERS-1116_jpg.rf.423f2bd2f28d05efaa734662d88f9daa.jpg,0,0,1,1,0.01
OTHERS-1117_jpg.rf.a97b5a94b13ead651a17fc164539ea3b.jpg,1,0,0,1,0.01
OTHERS-1118_jpg.rf.609a24dc3374accfa6f36716b98203d5.jpg,1,0,0,1,0.01
OTHERS-1119_jpg.rf.ef1fc34da4f65e8a51951e563c0bd5e7.jpg,1,0,0,1,0.01
OTHERS-111_jpg.rf.ab56e88234314960b1771d6eb7a92376.jpg,1,0,0,1,0.01
OTHERS-111_jpg.rf.b3554199031dddda81749a84f9b1e502.jpg,1,0,0,1,0.01
OTHERS-1120_jpg.rf.0876c4fe1893f7a62c91729ea75f6e92.jpg,1,0,0,1,0.01
OTHERS-1121_jpg.rf.4e264a01b797b4bb9282ba434dbf8f63.jpg,1,0,0,1,0.01
OTHERS-1122_jpg.rf.17b69c4b8470df195d192804c2ebb5f5.jpg,1,0,0,1,0.01
OTHERS-1123_jpg.rf.eb46f7fd17306fec901519001cbd1a85.jpg,1,0,0,1,0.01
OTHERS-1124_jpg.rf.8cfccc73901a5400097dbbc27bdef5d5.jpg,1,0,0,1,0.01
OTHERS-1125_jpg.rf.8572b9a7e9a72b2c64377e4700f1523d.jpg,0,1,0,1,0.01
OTHERS-1126_jpg.rf.3946b53ab25d0caa717e915a7be39126.jpg,1,0,0,1,0.01
OTHERS-1127_jpg.rf.f4be92f3819c4923182365c1f37aec14.jpg,1,0,0,1,0.01
OTHERS-1128_jpg.rf.c2a8396d671593c93897af57ab84fd6c.jpg,1,0,0,1,0.01
OTHERS-1129_jpg.rf.9c16a3c88d789dfdab66d9bf922f3c28.jpg,1,0,0,1,0.01
OTHERS-112_jpg.rf.66dffdd88e4bfb1b4103db3014f4319d.jpg,0,0,1,1,0.01
OTHERS-112_jpg.rf.aa3678adbc52417fea6488b79af69b2d.jpg,0,0,1,1,0.01
OTHERS-1130_jpg.rf.a7aacfaadcd23fd7f249049284301b1d.jpg,1,0,0,1,0.01
OTHERS-1131_jpg.rf.0b6438d2226de591b8b608c67b8c3ba0.jpg,0,1,0,1,0.01
OTHERS-1132_jpg.rf.ed95dcd534c83f84b35795793c0ea543.jpg,0,1,0,1,0.01
OTHERS-1133_jpg.rf.07849f669deb9c4d9870a88d76ff5abd.jpg,0,1,0,1,0.01
OTHERS-1134_jpg.rf.2441431a5d184001d650fd6848456c7a.jpg,1,0,0,1,0.01
OTHERS-1135_jpg.rf.afab62016b1362d55f6dfe972335da08.jpg,0,0,1,1,0.01
OTHERS-1136_jpg.rf.094cc58ef4e9d4c062dfd255036811cf.jpg,1,0,0,1,0.01
OTHERS-1137_jpg.rf.32d17df358c033d6085bee3281a60a02.jpg,1,0,0,1,0.01
OTHERS-1138_jpg.rf.c2432168c3c77531f9e6f70e45150e32.jpg,0,0,1,1,0.01
OTHERS-1139_jpg.rf.4ecfb941c927b6ad390137d5b07f150c.jpg,1,0,0,1,0.01
OTHERS-113_jpg.rf.5469545be4159f55f1d25d0584322e44.jpg,1,0,0,1,0.01
OTHERS-113_jpg.rf.5d7d0851d50aac2d5ae785e2618ad0b2.jpg,1,0,0,1,0.01
OTHERS-1140_jpg.rf.1379c83d0050df91af033155dedfe5cb.jpg,1,0,0,1,0.01
OTHERS-1141_jpg.rf.71441eca9ce2a8a2e68d0a28a32209a8.jpg,1,0,0,1,0.01
OTHERS-1142_jpg.rf.253913d31881e5e888b735069b42c998.jpg,1,0,0,1,0.01
OTHERS-1143_jpg.rf.2e3bc1951308044436e040545e37e50f.jpg,0,1,0,1,0.01
OTHERS-1144_jpg.rf.642e88b10c4476e77ee4bbc72f0204f8.jpg,0,1,0,1,0.01
OTHERS-1145_jpg.rf.afad789cd78829ecde12b81b54df4036.jpg,0,1,0,1,0.01
OTHERS-1146_jpg.rf.780aa9f8db80760832b21f6ed0f48a3c.jpg,0,0,1,1,0.01
OTHERS-1147_jpg.rf.a079bf6dd133f04a2e220f1ae3d3b712.jpg,0,0,1,1,0.01
OTHERS-1148_jpg.rf.442137c5e702b095709bcc9407394071.jpg,1,0,0,1,0.01
OTHERS-1149_jpg.rf.7f6a06adf98c8fddf1d320a902042eea.jpg,0,0,1,1,0.01
OTHERS-114_jpg.rf.97d734cda71106f14e8cabfe332ddf1b.jpg,1,0,0,1,0.01
OTHERS-1150_jpg.rf.9bcd76fd609a57317f3b6675c90acb18.jpg,1,0,0,1,0.01
OTHERS-1151_jpg.rf.fab510245676fd4259af188e14cc6279.jpg,0,0,1,1,0.01
OTHERS-1152_jpg.rf.5c61da996a3ff1dbe38efeda9aba4004.jpg,0,0,1,1,0.01
OTHERS-1153_jpg.rf.8270159aaa09f361543995ec04e9f031.jpg,1,0,0,1,0.01
OTHERS-1154_jpg.rf.0fae25e640baede91e5ce8c13cb96327.jpg,1,0,0,1,0.01
OTHERS-1155_jpg.rf.7b88ecc44f2bb0f44f5460fec860f095.jpg,1,0,0,1,0.01
OTHERS-1156_jpg.rf.d15d796a9db311f281577cfbcb9afaf8.jpg,1,0,0,1,0.01
OTHERS-1157_jpg.rf.46fa5a16b5dcd8e7daa35fbce4a1c571.jpg,1,0,0,1,0.01
OTHERS-1158_jpg.rf.9b28fd433995051a7484c8789ee60f84.jpg,1,0,0,1,0.01
OTHERS-1159_jpg.rf.f8ad3f4c03c47ca132b04c8813b00c4e.jpg,1,0,0,1,0.01
OTHERS-115_jpg.rf.116ba47eaaa39da4b1dc22ea81bfb1c0.jpg,1,0,0,1,0.01
OTHERS-115_jpg.rf.f68db3548548ac7ea82be2b3a645cd95.jpg,1,0,0,1,0.01
OTHERS-1160_jpg.rf.092015dd20a57f65326e24bbc5aa186c.jpg,1,0,0,1,0.01
OTHERS-1161_jpg.rf.be828bf9103b25948e8cc8fe7ce696a1.jpg,1,0,0,1,0.01
OTHERS-1162_jpg.rf.30a8e627616d933d2c0b5b996f401eef.jpg,0,1,0,1,0.01
OTHERS-1163_jpg.rf.ec1672436858e3ca0f296ace9e14e58e.jpg,1,0,0,1,0.01
OTHERS-1164_jpg.rf.8fdbe6e5b9505db1b51fee6ea86b3846.jpg,0,1,0,1,0.01
OTHERS-1165_jpg.rf.c018a411130bf7287ce586957ad8c5d2.jpg,0,1,0,1,0.01
OTHERS-1166_jpg.rf.18191342c381197e4da81e8e3d4144a8.jpg,1,0,0,1,0.01
OTHERS-1167_jpg.rf.1c5ff8cf5c7ea92f317ab28dd1f49e7c.jpg,0,0,1,1,0.01
OTHERS-1168_jpg.rf.42e3b9ad6f883f7b457cb2763657b23f.jpg,1,0,0,1,0.01
OTHERS-1169_jpg.rf.2228e72f42c30c1875f04ce952dd7dd8.jpg,1,0,0,1,0.01
OTHERS-116_jpg.rf.042712a1662c2f1f905073d883d09aca.jpg,1,0,0,1,0.01
OTHERS-116_jpg.rf.84926651cd8dcd9d35d53e6fc8cb83b7.jpg,1,0,0,1,0.01
OTHERS-1170_jpg.rf.b77a0638f784f20a4a2d5e6a833c1a8d.jpg,1,0,0,1,0.01
OTHERS-1171_jpg.rf.8fd783cd2d6fc704bb64f24567dd7290.jpg,1,0,0,1,0.01
OTHERS-1172_jpg.rf.3de131762855ceff8cde4bd2781e67d7.jpg,1,0,0,1,0.01
OTHERS-1173_jpg.rf.78c60ff9160d6e0c7fe40404a8e9b3d0.jpg,1,0,0,1,0.01
OTHERS-1174_jpg.rf.3370d6e82aedf5b991d47817fe15e4bc.jpg,1,0,0,1,0.01
OTHERS-1175_jpg.rf.546b23828f4d7123065af82a9fb35289.jpg,1,0,0,1,0.01
OTHERS-1176_jpg.rf.94fab422395b5eff090ac51ee75e09cd.jpg,1,0,0,1,0.01
OTHERS-1177_jpg.rf.bc51c54b3ff9536a659b10074878d287.jpg,0,1,0,1,0.01
OTHERS-1178_jpg.rf.ef1f496c53a0e33351740295f2ffb9a1.jpg,1,0,0,1,0.01
OTHERS-1179_jpg.rf.d715ce6d95caa75da3cf14ebd15954cb.jpg,1,0,0,1,0.01
OTHERS-117_jpg.rf.b851d463f1016dfe6eac9abc368937d4.jpg,0,0,1,1,0.01
OTHERS-117_jpg.rf.bb85ba66835602bbf0836823899ea0a3.jpg,1,0,0,1,0.01
OTHERS-1180_jpg.rf.7b8662254243b457d85664a447347cbe.jpg,0,1,0,1,0.01
OTHERS-1181_jpg.rf.bef6a60231bf2508c61bfa82679e03a6.jpg,0,1,0,1,0.01
OTHERS-1182_jpg.rf.da6f34fc0f48b5a8935dcdc283ab542a.jpg,1,0,0,1,0.01
OTHERS-1183_jpg.rf.743697a221d454993a0fac411292c47f.jpg,1,0,0,1,0.01
OTHERS-1184_jpg.rf.0ce08b2a73ee6b0125d0927168bb1811.jpg,1,0,0,1,0.01
OTHERS-1185_jpg.rf.e78e69c3cc99f14ac29fba817277c6ff.jpg,1,0,0,1,0.01
OTHERS-1186_jpg.rf.f6f16845964196365fa7e4c3fb62af88.jpg,1,0,0,1,0.01
OTHERS-1187_jpg.rf.521724db659855185934173f4af9c4c7.jpg,1,0,0,1,0.01
OTHERS-1188_jpg.rf.70ace1ecc11f635d9c58b8294bf1b186.jpg,0,1,0,1,0.01
OTHERS-1189_jpg.rf.6808080dc9a5a835e2b0c8ec762587cd.jpg,0,0,1,1,0.01
OTHERS-118_jpg.rf.fbff17fed602576268d6b062e14e6c85.jpg,1,0,0,1,0.01
OTHERS-1190_jpg.rf.f1a6079c21a5bda7c506e6762141dbbf.jpg,0,0,1,1,0.01
OTHERS-1191_jpg.rf.d0e278474ab865fee2bb24adc3eb2555.jpg,0,1,0,1,0.01
OTHERS-1192_jpg.rf.64e4e5efceaefa15aacc6e1b2cf130f8.jpg,1,0,0,1,0.01
OTHERS-1193_jpg.rf.8ac80a96476fabfcbea9b45cc4d18ea6.jpg,1,0,0,1,0.01
OTHERS-1194_jpg.rf.71459b522f4d93a5521c025488c9035d.jpg,0,0,1,1,0.01
OTHERS-1195_jpg.rf.7ec96f3c829a6a32100506c322e5b60a.jpg,1,0,0,1,0.01
OTHERS-1196_jpg.rf.1bf22642454db641357792a369438a3f.jpg,1,0,0,1,0.01
OTHERS-1197_jpg.rf.3cf892ea5aaac31eea6a713f096ce10c.jpg,1,0,0,1,0.01
OTHERS-1198_jpg.rf.f8c9e02381dad97403f086c4c80836f2.jpg,1,0,0,1,0.01
OTHERS-1199_jpg.rf.7fa1b936e2c4b03091e7fb535508d391.jpg,1,0,0,1,0.01
OTHERS-119_jpg.rf.0e5ca19025869c27d9f414154e713f58.jpg,1,0,0,1,0.01
OTHERS-119_jpg.rf.7382c9a00f740e1090b20dbf31fc372c.jpg,1,0,0,1,0.01
OTHERS-11_jpg.rf.0738a99fff4a0dcdaff8d738d9783295.jpg,1,0,0,1,0.01
OTHERS-11_jpg.rf.31ef99d8f01699c047eccafea3130eb2.jpg,0,0,1,1,0.01
OTHERS-1200_jpg.rf.1c69685879c75ced73c4800263ca91dd.jpg,1,0,0,1,0.01
OTHERS-1201_jpg.rf.1dd993fa4e25abece2dfcc72c953d429.jpg,1,0,0,1,0.01
OTHERS-1202_jpg.rf.a9005dd2d6011dc947910960b7eb9ccc.jpg,0,0,1,1,0.01
OTHERS-1203_jpg.rf.c5fc2e992b8038c7d914ca060a590004.jpg,1,0,0,1,0.01
OTHERS-1204_jpg.rf.965ece4a634845830e2b48bb355aa2d5.jpg,1,0,0,1,0.01
OTHERS-1205_jpg.rf.a9760e408fe629b49dc0394d9c012c8b.jpg,1,0,0,1,0.01
OTHERS-1206_jpg.rf.d6bff9cb9aac51e9d3670c0ebe7f5b0b.jpg,1,0,0,1,0.01
OTHERS-1207_jpg.rf.18cea8d6e1099341fbff33f0cb2674de.jpg,0,0,1,1,0.01
OTHERS-1208_jpg.rf.2cbc871eff1f84f4ddc17ab137e213d4.jpg,1,0,0,1,0.01
OTHERS-1208_jpg.rf.f467b8473e3ddc1f25b1e9197cf4e9fd.jpg,1,0,0,1,0.01
OTHERS-1209_jpg.rf.f96a46f51942d04c213c60f9cbb73794.jpg,1,0,0,1,0.01
OTHERS-120_jpg.rf.9332731598c17c594a4f15571f1d88d4.jpg,1,0,0,1,0.01
OTHERS-120_jpg.rf.f9ec7d0f38c27bca4639b7f565fedae2.jpg,1,0,0,1,0.01
OTHERS-1210_jpg.rf.68da4412a212cd870d2794527b999400.jpg,0,1,0,1,0.01
OTHERS-1211_jpg.rf.97226e49c0851684a07b4b543b12a216.jpg,1,0,0,1,0.01
OTHERS-1212_jpg.rf.61650000559d7aefc9aee45cad97bec2.jpg,1,0,0,1,0.01
OTHERS-1213_jpg.rf.765ce7766b9876cffa49adff74cee6e9.jpg,1,0,0,1,0.01
OTHERS-1214_jpg.rf.8611487314b5705c8a21ebd85793614a.jpg,1,0,0,1,0.01
OTHERS-1215_jpg.rf.e825671a604df756f78fa23c93c26a7d.jpg,1,0,0,1,0.01
OTHERS-1216_jpg.rf.a4b9242881acc285b54d4e32d27d0d5d.jpg,1,0,0,1,0.01
OTHERS-1217_jpg.rf.e1e9d93f5b66be99371ff9554fb3c323.jpg,0,1,0,1,0.01
OTHERS-1218_jpg.rf.aa646507501d8236277579fe1f38071c.jpg,1,0,0,1,0.01
OTHERS-1219_jpg.rf.3973994f20c11f68c11bc0b540429bce.jpg,1,0,0,1,0.01
OTHERS-121_jpg.rf.4afb96b0d117a886b31c1a4fab1b0d34.jpg,0,0,1,1,0.01
OTHERS-121_jpg.rf.6f2e801084cbcc8cc3db03f5477d053f.jpg,1,0,0,1,0.01
OTHERS-1220_jpg.rf.f304de7285be54f2ee5209c8f92f7090.jpg,1,0,0,1,0.01
OTHERS-1221_jpg.rf.1a739e3543ade6ac6fd010b5c1136f60.jpg,1,0,0,1,0.01
OTHERS-1222_jpg.rf.20fa9e5bda93e2d889b4b1d2c18c6382.jpg,0,0,1,1,0.01
OTHERS-1223_jpg.rf.3240d046dc4573c0009cd6a6969d5ec9.jpg,1,0,0,1,0.01
OTHERS-1224_jpg.rf.ef30f7cd3c418fcefc07cf996a7ea4b1.jpg,0,0,1,1,0.01
OTHERS-1225_jpg.rf.5f1ebaf07a8e207d4e28736bd09148a5.jpg,1,0,0,1,0.01
OTHERS-1226_jpg.rf.3d6c7e8260d5717a8758f0c557331900.jpg,1,0,0,1,0.01
OTHERS-1227_jpg.rf.303824c11ebeafca458f8b28b09cc318.jpg,0,1,0,1,0.01
OTHERS-1228_jpg.rf.917c643446cb15dc3f519a9196342a90.jpg,1,0,0,1,0.01
OTHERS-1229_jpg.rf.254a52a287a49cab9ad30372623f11fc.jpg,1,0,0,1,0.01
OTHERS-122_jpg.rf.2a4dba4cf9df8434e015a7ff9cdae41a.jpg,1,0,0,1,0.01
OTHERS-122_jpg.rf.69d7a75a5aa344f71bee2b4c2fe96b7c.jpg,1,0,0,1,0.01
OTHERS-1230_jpg.rf.47e6c09472fe556ed21653e0c7b89ad9.jpg,0,1,0,1,0.01
OTHERS-1231_jpg.rf.c492b243153482951844299bb194f1d8.jpg,1,0,0,1,0.01
OTHERS-1232_jpg.rf.b1718d9a4d006db57e82406fc860b903.jpg,1,0,0,1,0.01
OTHERS-1233_jpg.rf.38fea8ec4665cb93308dab0ba55b42e5.jpg,1,0,0,1,0.01
OTHERS-1234_jpg.rf.d32c31ce4041f008d618251867066bd7.jpg,0,1,0,1,0.01
OTHERS-1235_jpg.rf.0e3c6035c27a577a36267c3a8730d456.jpg,0,1,0,1,0.01
OTHERS-1236_jpg.rf.ce474d0b43151b1e9e87016edbf78bf9.jpg,1,0,0,1,0.01
OTHERS-1237_jpg.rf.9d3bbb69a17fcf2ae65f74f1e40bb255.jpg,0,1,0,1,0.01
OTHERS-1238_jpg.rf.08b5214ac226932401c37ad2b4760a02.jpg,1,0,0,1,0.01
OTHERS-1239_jpg.rf.58b8dfdc17f5dc3b7647a1b2cae17dbf.jpg,1,0,0,1,0.01
OTHERS-123_jpg.rf.16fbe1572596e9fa5b5a6d30fcf8dfc1.jpg,0,0,1,1,0.01
OTHERS-123_jpg.rf.5ba13d0213a247ee446801e236ef9936.jpg,1,0,0,1,0.01
OTHERS-1240_jpg.rf.9ecfdacee1204388d85dfad476b074f7.jpg,1,0,0,1,0.01
OTHERS-1241_jpg.rf.fb25b226eb6b8afbd0f54e96a474babf.jpg,0,0,1,1,0.01
OTHERS-1242_jpg.rf.6ef2048180444a3565837be4c13a1b4c.jpg,0,1,0,1,0.01
OTHERS-1243_jpg.rf.fcf65349308d63256b8dbf129636616c.jpg,1,0,0,1,0.01
OTHERS-1244_jpg.rf.df541b348f4bc4ab8f8cbfc3cd2a4b1d.jpg,1,0,0,1,0.01
OTHERS-1245_jpg.rf.d881a6d64b952482638a927e362ba3c5.jpg,1,0,0,1,0.01
OTHERS-1246_jpg.rf.53d5d1ea89002ef90c85f3139ad01a9e.jpg,0,1,0,1,0.01
OTHERS-1247_jpg.rf.1ffc8f33d5760e5a595cfde95452ddbd.jpg,1,0,0,1,0.01
OTHERS-1248_jpg.rf.4f28899a81511a5f04aab4fc46580421.jpg,0,1,0,1,0.01
OTHERS-1249_jpg.rf.3a3fc5da3db69fdf11c2d81f92d333fb.jpg,0,0,1,1,0.01
OTHERS-124_jpg.rf.1dc68fab5501dfbb5bae2b589fbaacb0.jpg,1,0,0,1,0.01
OTHERS-124_jpg.rf.ce1f543a9432d0376729f063dcec91b0.jpg,0,0,1,1,0.01
OTHERS-1250_jpg.rf.3bd6ba944e4b9681acf2e470d06d9a04.jpg,1,0,0,1,0.01
OTHERS-1251_jpg.rf.ef8d4d51c425fa38c4071c90974f1563.jpg,1,0,0,1,0.01
OTHERS-1252_jpg.rf.9783ec229f9edca3697ca28605a57dce.jpg,1,0,0,1,0.01
OTHERS-1253_jpg.rf.678fe3a9fdde675a00eb4f0175fee971.jpg,1,0,0,1,0.01
OTHERS-1254_jpg.rf.a74ef10346da18dd484e2a941fc689af.jpg,1,0,0,1,0.01
OTHERS-1254_jpg.rf.bb8a4fdbbc2266aa6e282f025521402d.jpg,1,0,0,1,0.01
OTHERS-1255_jpg.rf.50dc38ba5c1c3783324edbee8ff7ed36.jpg,1,0,0,1,0.01
OTHERS-1256_jpg.rf.ea71b1879849a5d00e04edf72d1048cb.jpg,1,0,0,1,0.01
OTHERS-1257_jpg.rf.1c8786ae1b738f1a78721fc60313ea94.jpg,1,0,0,1,0.01
OTHERS-1258_jpg.rf.2efa0b72b76501aff672da9c90cfb229.jpg,1,0,0,1,0.01
OTHERS-1259_jpg.rf.e950975f324d1a775f9e4320d1a59d9e.jpg,1,0,0,1,0.01
OTHERS-125_jpg.rf.51bc1524f256fc1fdedd229317d0272d.jpg,1,0,0,1,0.01
OTHERS-125_jpg.rf.7e9e867eab1ce50941f1cb558b0ed296.jpg,1,0,0,1,0.01
OTHERS-1260_jpg.rf.158d8f3bf2202dc614dee920486bf695.jpg,1,0,0,1,0.01
OTHERS-1261_jpg.rf.df8b04be853f3380d2589cd37d5a946d.jpg,1,0,0,1,0.01
OTHERS-1262_jpg.rf.a4e477dc03d67beff8ada8b0a962684e.jpg,1,0,0,1,0.01
OTHERS-1263_jpg.rf.f0c2744281d19877c590a5269ed56282.jpg,0,0,1,1,0.01
OTHERS-1264_jpg.rf.771b2ece5defb9bdcf92ce6630eef9cd.jpg,0,0,1,1,0.01
OTHERS-1265_jpg.rf.f993389e101bc45c1e3d82acc22b0508.jpg,1,0,0,1,0.01
OTHERS-1266_jpg.rf.e566cd13399924402af37675b00e16cd.jpg,1,0,0,1,0.01
OTHERS-1267_jpg.rf.b0591f053ec84c0f0e3114670facbf05.jpg,0,1,0,1,0.01
OTHERS-1268_jpg.rf.419b15da4cf82de8b312940caeca3803.jpg,1,0,0,1,0.01
OTHERS-1269_jpg.rf.3da6a472f2f988367f0bffd6f4f6331d.jpg,1,0,0,1,0.01
OTHERS-126_jpg.rf.6ac7b674c453d77fb7f4e38e10e714af.jpg,1,0,0,1,0.01
OTHERS-126_jpg.rf.c69ff4928136dad55535ed11bd6d11c4.jpg,1,0,0,1,0.01
OTHERS-1270_jpg.rf.3deeedc617d606e7dd9b57075e69336d.jpg,1,0,0,1,0.01
OTHERS-1270_jpg.rf.472a5d09a7d47d2da8d9c2b30904cb29.jpg,1,0,0,1,0.01
OTHERS-1271_jpg.rf.d19b07693d70b1cd39dd410efe713f13.jpg,0,0,1,1,0.01
OTHERS-1272_jpg.rf.1cbe860dbdb01af92f44d991cb99acb3.jpg,1,0,0,1,0.01
OTHERS-1273_jpg.rf.4d22509f24519a7b841287c7bc297083.jpg,1,0,0,1,0.01
OTHERS-1274_jpg.rf.e100e0a80dcfbb9f0c75467b9f282335.jpg,1,0,0,1,0.01
OTHERS-1275_jpg.rf.5d44e6359cd11092802eeb6b0881d98b.jpg,1,0,0,1,0.01
OTHERS-1276_jpg.rf.b06c4ec76946224e2b2ad3711a97616c.jpg,1,0,0,1,0.01
OTHERS-1277_jpg.rf.959f6342f5d213522cb14304f40031c7.jpg,0,1,0,1,0.01
OTHERS-1278_jpg.rf.abebf1c91b0b0f07b5b3f6a07e273322.jpg,0,0,1,1,0.01
OTHERS-1279_jpg.rf.7011b510dd7c02dced58cc3917ff9363.jpg,1,0,0,1,0.01
OTHERS-127_jpg.rf.6548e6b03687ffeeca541f6ac1432325.jpg,1,0,0,1,0.01
OTHERS-127_jpg.rf.7b6496bf4ed31b606b1284c97e29e535.jpg,0,0,1,1,0.01
OTHERS-1280_jpg.rf.1aad7e037a78e4569bba3821279fb087.jpg,1,0,0,1,0.01
OTHERS-1281_jpg.rf.12ecd36c0a5d243c51f87590cb52f620.jpg,1,0,0,1,0.01
OTHERS-1282_jpg.rf.4c258b87d9d1bcfd1eb3f079c4b8e8c3.jpg,1,0,0,1,0.01
OTHERS-1283_jpg.rf.1c89ba710d928a63ca3416a2d83f0bd2.jpg,0,1,0,1,0.01
OTHERS-1284_jpg.rf.e73f610a151b1dbd3b4521b09bbba535.jpg,1,0,0,1,0.01
OTHERS-1285_jpg.rf.6467adb7a12a4122891be3b2b7feff19.jpg,1,0,0,1,0.01
OTHERS-1286_jpg.rf.c4d9b4449e27927b66c089d9ebbeb569.jpg,1,0,0,1,0.01
OTHERS-1287_jpg.rf.c1aba6bc127610875be571952f8df810.jpg,1,0,0,1,0.01
OTHERS-1288_jpg.rf.ba2c861bcf2b135433b3dcebc9b41048.jpg,1,0,0,1,0.01
OTHERS-1289_jpg.rf.f4b593d5cdcf106877bbfcc02ee5c25b.jpg,1,0,0,1,0.01
OTHERS-128_jpg.rf.53135e1408653f3aeb79c9a12fffea2a.jpg,1,0,0,1,0.01
OTHERS-128_jpg.rf.7b19102659f92640248188045e981715.jpg,1,0,0,1,0.01
OTHERS-1290_jpg.rf.21c7871445831100d1e240c5ab2c0dd8.jpg,1,0,0,1,0.01
OTHERS-1291_jpg.rf.5f7ebd7260dcb242843b7aaaf5ec60ff.jpg,1,0,0,1,0.01
OTHERS-1292_jpg.rf.f0fa66060c6c59d47d4f5f11aefe6dbc.jpg,1,0,0,1,0.01
OTHERS-1293_jpg.rf.8390ff79f3d2a077a10d1927fceb052c.jpg,1,0,0,1,0.01
OTHERS-1294_jpg.rf.9e1c7fd8fb40ebbc5767797535ef2a54.jpg,1,0,0,1,0.01
OTHERS-1295_jpg.rf.8da02845c1fba0f8a186231984d663dd.jpg,1,0,0,1,0.01
OTHERS-1296_jpg.rf.704aae3d355ece1267e9484c438b9323.jpg,1,0,0,1,0.01
OTHERS-1297_jpg.rf.43f868295a2f73c87431a087ada6a086.jpg,1,0,0,1,0.01
OTHERS-1298_jpg.rf.2cda2ec967ca397fc140064423324eb9.jpg,1,0,0,1,0.01
OTHERS-1299_jpg.rf.d8ba672db6d6bef090fa109e60a72360.jpg,1,0,0,1,0.01
OTHERS-129_jpg.rf.019a543b5d7104997c33bbba44f538af.jpg,0,1,0,1,0.01
OTHERS-129_jpg.rf.4cddb264b3ea991b5d292ec00c8795ea.jpg,0,1,0,1,0.01
OTHERS-12_jpg.rf.3a44ce761df300846ce6138da99c3014.jpg,1,0,0,1,0.01
OTHERS-12_jpg.rf.610e643ce9036387ec22ba47c3c0f65c.jpg,1,0,0,1,0.01
OTHERS-1300_jpg.rf.9f46b83ad4c1f83ecefeb52769c51e59.jpg,1,0,0,1,0.01
OTHERS-1301_jpg.rf.a57c3bdb101789d3deb18a4f43232ca8.jpg,1,0,0,1,0.01
OTHERS-1302_jpg.rf.ec7e188fbfbc0cd643dd7318efedea45.jpg,1,0,0,1,0.01
OTHERS-1303_jpg.rf.018fa045e54ec20d1c91c2ee71d2d859.jpg,1,0,0,1,0.01
OTHERS-1304_jpg.rf.c07dff2daa05f6b2122aafbfe9b282ba.jpg,1,0,0,1,0.01
OTHERS-1305_jpg.rf.c0b5c45ebf11b0ff02135233a4448655.jpg,1,0,0,1,0.01
OTHERS-1306_jpg.rf.24d758fc8475cac0b0d8562372dcb327.jpg,0,0,1,1,0.01
OTHERS-1307_jpg.rf.a11b1e69a0aa98f03f773c626807d513.jpg,1,0,0,1,0.01
OTHERS-1308_jpg.rf.63c7345c0b0e02b97c331d80040e19bd.jpg,1,0,0,1,0.01
OTHERS-1309_jpg.rf.c71d444bef2e596a7ed76db786914109.jpg,1,0,0,1,0.01
OTHERS-130_jpg.rf.19007eab05672029e4c4e83130dbfd0c.jpg,0,1,0,1,0.01
OTHERS-130_jpg.rf.6feb640ded5c26dfd61da3f4d70a0d54.jpg,1,0,0,1,0.01
OTHERS-1310_jpg.rf.c50ff644fd52dea204262e9dc7df3c4c.jpg,1,0,0,1,0.01
OTHERS-1311_jpg.rf.6a8a7d096f5563b109ffb7475bb2f2ed.jpg,1,0,0,1,0.01
OTHERS-1312_jpg.rf.a5219d382d5fd106008b55e427b027d2.jpg,1,0,0,1,0.01
OTHERS-1313_jpg.rf.703b772d49ca16583c41877d1c4476f8.jpg,0,0,1,1,0.01
OTHERS-1314_jpg.rf.6a9bca27a2677bf60ea4a7c6454eb1a9.jpg,1,0,0,1,0.01
OTHERS-1315_jpg.rf.14474a3bce7b1457efbe86d00c23ed01.jpg,1,0,0,1,0.01
OTHERS-1316_jpg.rf.cfa537bd27ae4dd110cb8ec37411cc75.jpg,0,0,1,1,0.01
OTHERS-1317_jpg.rf.fdc36c3276bc3c066877cb18e4312408.jpg,1,0,0,1,0.01
OTHERS-1318_jpg.rf.96cfe4a058f6c37d323105c73d843fdb.jpg,1,0,0,1,0.01
OTHERS-1319_jpg.rf.8e93ece68e7998aa76c97c7d4284e95c.jpg,1,0,0,1,0.01
OTHERS-131_jpg.rf.0db86b6423e032f1394cf40a5d54cba4.jpg,1,0,0,1,0.01
OTHERS-131_jpg.rf.a8c83051a4666fd2507a6a419c58e777.jpg,0,0,1,1,0.01
OTHERS-1320_jpg.rf.13ed6b1b610d621ee517069d5fd7a01f.jpg,1,0,0,1,0.01
OTHERS-1321_jpg.rf.aed45a0fd265c703c3fa6d3d08c43d90.jpg,1,0,0,1,0.01
OTHERS-1322_jpg.rf.1f88f98d5412923f2db585efaff85b24.jpg,1,0,0,1,0.01
OTHERS-1323_jpg.rf.bdc2c56ea5a76159f9ba99ce733efb6b.jpg,1,0,0,1,0.01
OTHERS-1324_jpg.rf.70ec8508cc0cc5fd3b69c34e8a328409.jpg,1,0,0,1,0.01
OTHERS-1325_jpg.rf.164ddc624f19eb4e6c168e3c9d6fbc42.jpg,1,0,0,1,0.01
OTHERS-1326_jpg.rf.1d7f08edd8c0a4495690c2112c4af2ef.jpg,1,0,0,1,0.01
OTHERS-1327_jpg.rf.f6f6bf97426ceb523272cb44d91306f5.jpg,1,0,0,1,0.01
OTHERS-1328_jpg.rf.ef6b6d92c18c79c58bdc5ae28016624f.jpg,1,0,0,1,0.01
OTHERS-1329_jpg.rf.3be1086bc0246a8fa80dfa6a1802ba03.jpg,0,0,1,1,0.01
OTHERS-132_jpg.rf.00d1d1a793a0e2dfd0614c6726aeed38.jpg,1,0,0,1,0.01
OTHERS-132_jpg.rf.778091d43346fc22ae09e3f4d6f4cc84.jpg,0,0,1,1,0.01
OTHERS-1330_jpg.rf.02f4cbf52db0582a2d6de78ff19def04.jpg,1,0,0,1,0.01
OTHERS-1331_jpg.rf.46e49ba91b0589eb5dc6750d56b9640c.jpg,0,0,1,1,0.01
OTHERS-1332_jpg.rf.62e9d5dafb3cbf248070b7570161a98b.jpg,1,0,0,1,0.01
OTHERS-1333_jpg.rf.cb80d775fd5c4f7bc735543bae90bba0.jpg,1,0,0,1,0.01
OTHERS-1334_jpg.rf.dcaf5f884c2add760faf6e9a0dd610b9.jpg,1,0,0,1,0.01
OTHERS-1335_jpg.rf.d04a9353d142bc25e35515ac3af6c625.jpg,1,0,0,1,0.01
OTHERS-1336_jpg.rf.23c2b804a4a961b369aa8e2d0d83b9dc.jpg,1,0,0,1,0.01
OTHERS-1337_jpg.rf.145a200a26cd3f72498c95ba4a745ada.jpg,1,0,0,1,0.01
OTHERS-1338_jpg.rf.193b639e7da6484fbd86051ed79ae04a.jpg,1,0,0,1,0.01
OTHERS-1339_jpg.rf.2b530dd38f9054eb3101327e51e0ee29.jpg,1,0,0,1,0.01
OTHERS-133_jpg.rf.43d5b266bdff41efa9cdf6f3b19855dd.jpg,1,0,0,1,0.01
OTHERS-133_jpg.rf.4ae62935e3ed54552984c667cb15c2d6.jpg,1,0,0,1,0.01
OTHERS-1340_jpg.rf.b07851ac889de406eab00005805675d5.jpg,1,0,0,1,0.01
OTHERS-1341_jpg.rf.9e540967e1557dd52ddc8226648baff8.jpg,1,0,0,1,0.01
OTHERS-1342_jpg.rf.b24aff0ff665d6c99a1438cb75758c63.jpg,1,0,0,1,0.01
OTHERS-1343_jpg.rf.b62372993242c5498733b52907cadc90.jpg,1,0,0,1,0.01
OTHERS-1344_jpg.rf.700c93032d6caf9d70c32706ac6e2587.jpg,1,0,0,1,0.01
OTHERS-1345_jpg.rf.851f8976e67bab3409cbd5a0d7bdb713.jpg,1,0,0,1,0.01
OTHERS-1346_jpg.rf.02bd098d9e5db8c8c42a91dc4ac0418c.jpg,1,0,0,1,0.01
OTHERS-1347_jpg.rf.ed370145f5de6510f39295c4ab8492db.jpg,1,0,0,1,0.01
OTHERS-1348_jpg.rf.76494e0dfd6c7a5bdc94ab8bb8ed2880.jpg,1,0,0,1,0.01
OTHERS-1349_jpg.rf.654ed136d01aefb9e498b94ae3b1123a.jpg,1,0,0,1,0.01
OTHERS-134_jpg.rf.32207e4f70bbdc6ba44f1480ce2e71c6.jpg,1,0,0,1,0.01
OTHERS-134_jpg.rf.c545f17b57b82f4354aca99c2c4fef00.jpg,1,0,0,1,0.01
OTHERS-1350_jpg.rf.758521632561a25c1ed9f54b4cc2048c.jpg,1,0,0,1,0.01
OTHERS-1351_jpg.rf.f595cd075e4912e20d1ef7f9b2891555.jpg,1,0,0,1,0.01
OTHERS-1352_jpg.rf.33e173742fd0b473ce20da2df1878489.jpg,0,0,1,1,0.01
OTHERS-1353_jpg.rf.e2d08fa82b27f89677b48b9c7629996e.jpg,1,0,0,1,0.01
OTHERS-1354_jpg.rf.3f77d834af45ad959bb6c8848c37da2a.jpg,1,0,0,1,0.01
OTHERS-1355_jpg.rf.4afded0e8bb8568ab4a110c77a534be1.jpg,0,0,1,1,0.01
OTHERS-1356_jpg.rf.69f8c1ab5f09b9e61a6b0380c5d974a1.jpg,1,0,0,1,0.01
OTHERS-1357_jpg.rf.0f1acb4d978f497497c400fc6887c9d6.jpg,1,0,0,1,0.01
OTHERS-1358_jpg.rf.0d7a015eff18783487a03ee521f8294f.jpg,1,0,0,1,0.01
OTHERS-1359_jpg.rf.d4c36923acd2e48c75325938624ab001.jpg,0,0,1,1,0.01
OTHERS-135_jpg.rf.0de874cc1e7f66081f5ca3732568fad2.jpg,0,0,1,1,0.01
OTHERS-135_jpg.rf.75c1f776e6905ac467290886169e992f.jpg,1,0,0,1,0.01
OTHERS-1360_jpg.rf.caf7eec4473ed950d5af923ceb249b67.jpg,1,0,0,1,0.01
OTHERS-1361_jpg.rf.ee6bd4281beb7358759e1733900d0e9f.jpg,1,0,0,1,0.01
OTHERS-1362_jpg.rf.afe3a02085e74a9a9843d8c6c9d0a755.jpg,1,0,0,1,0.01
OTHERS-1363_jpg.rf.ba932c0e1faabf55a48edb5d2abe73de.jpg,1,0,0,1,0.01
OTHERS-1364_jpg.rf.da5b91f87d2a4dfb9d377f367be32837.jpg,0,0,1,1,0.01
OTHERS-1365_jpg.rf.e0289c4acaef05d7557513effa16627c.jpg,1,0,0,1,0.01
OTHERS-1366_jpg.rf.5ffe576e5f4ecb784bcfdbbf3fd83b4f.jpg,1,0,0,1,0.01
OTHERS-1367_jpg.rf.b9363b2e23aaab29b7b03a6b0c08c779.jpg,1,0,0,1,0.01
OTHERS-1368_jpg.rf.f5368a53bb7f2a6b5c2e38f69d5aae2c.jpg,1,0,0,1,0.01
OTHERS-1369_jpg.rf.36f70334746803e163128915aa45eb3b.jpg,1,0,0,1,0.01
OTHERS-136_jpg.rf.2111283ac3e42be6f169b2c12882d700.jpg,1,0,0,1,0.01
OTHERS-136_jpg.rf.77ab8958662b2411994c0564283e907b.jpg,1,0,0,1,0.01
OTHERS-1370_jpg.rf.adb06a8a257cdecdc11d4608e8cf416e.jpg,1,0,0,1,0.01
OTHERS-1371_jpg.rf.d1560832cb4492cf4649fd7dadd48a09.jpg,1,0,0,1,0.01
OTHERS-1372_jpg.rf.94568497db722928d6a7cd60f48b9e56.jpg,1,0,0,1,0.01
OTHERS-1373_jpg.rf.aa3124713b7f2288228faa1d779a398b.jpg,1,0,0,1,0.01
OTHERS-1374_jpg.rf.0f486b56755b147c26e346849815d449.jpg,1,0,0,1,0.01
OTHERS-1375_jpg.rf.f36a2c4e389866a6e9aa8a8d736cc926.jpg,1,0,0,1,0.01
OTHERS-1376_jpg.rf.712d289b8b8b3dd75ede1260f2188dae.jpg,1,0,0,1,0.01
OTHERS-1377_jpg.rf.fa9e390a7ef2cf4c936172ecfcb5e8ef.jpg,1,0,0,1,0.01
OTHERS-1378_jpg.rf.b27cc548e07c56ee6c63ca753f6ec508.jpg,0,1,0,1,0.01
OTHERS-1379_jpg.rf.83bf410f2d621065d9efaaccb3279798.jpg,1,0,0,1,0.01
OTHERS-137_jpg.rf.a0c6644dff7873ebe4d4948370a1396b.jpg,1,0,0,1,0.01
OTHERS-137_jpg.rf.ce741b3438deb91658448d9b5971dea0.jpg,1,0,0,1,0.01
OTHERS-1380_jpg.rf.e87b2e2dcf4ef72a5a3e2daaa502a03b.jpg,1,0,0,1,0.01
OTHERS-1381_jpg.rf.befce16fbfee054410fd77f027934655.jpg,0,1,0,1,0.01
OTHERS-1382_jpg.rf.f28d8ce7a13ce33a4e62d34c99c4d524.jpg,1,0,0,1,0.01
OTHERS-1383_jpg.rf.3e31b9402d4c63430191d617bdae3826.jpg,0,1,0,1,0.01
OTHERS-1384_jpg.rf.c6f3ca76630e7a579369c06e6b3ed8fc.jpg,1,0,0,1,0.01
OTHERS-1385_jpg.rf.51bc7d232aa23ddff4f446f40a928696.jpg,1,0,0,1,0.01
OTHERS-1386_jpg.rf.f741e5b04ee1baccad94cfb89c77de64.jpg,0,1,0,1,0.01
OTHERS-1387_jpg.rf.38b35ae12ede732c9e332ecd3806ac52.jpg,1,0,0,1,0.01
OTHERS-1388_jpg.rf.4b0d0f08db24b23f143c38f27012e6fd.jpg,0,1,0,1,0.01
OTHERS-1389_jpg.rf.c709e97cc45838dc3b6bba4276b5c182.jpg,1,0,0,1,0.01
OTHERS-138_jpg.rf.02a6a4d162cdd0ec2241505e05e1b2a5.jpg,1,0,0,1,0.01
OTHERS-138_jpg.rf.94df82b35a8e65f8720b5eafd02f88b2.jpg,1,0,0,1,0.01
OTHERS-1390_jpg.rf.a429d48a04fea1bef80ef7388efa4ec7.jpg,1,0,0,1,0.01
OTHERS-1391_jpg.rf.4ac1b877f8f67b19e003cf52f444a41e.jpg,1,0,0,1,0.01
OTHERS-1392_jpg.rf.cdde5291b2393231a4a41b5b0e29f951.jpg,0,1,0,1,0.01
OTHERS-1393_jpg.rf.ae52b3142ceca95109a80febd062ad74.jpg,1,0,0,1,0.01
OTHERS-1394_jpg.rf.c4548ff1d9a3be3dc763817c31b176d7.jpg,0,1,0,1,0.01
OTHERS-1395_jpg.rf.2cd0f6d2d2a0deff2ea995dfa75ade8a.jpg,1,0,0,1,0.01
OTHERS-1396_jpg.rf.8cddfaecf787f05d45d4be8a30f9c727.jpg,0,1,0,1,0.01
OTHERS-1397_jpg.rf.d2c998e6554d40e34d54823b01874293.jpg,1,0,0,1,0.01
OTHERS-1398_jpg.rf.5299be698b72d8c5b6c89c3eace210a0.jpg,1,0,0,1,0.01
OTHERS-1399_jpg.rf.aeae6742d71d195d72bd0e82c9a8778c.jpg,1,0,0,1,0.01
OTHERS-139_jpg.rf.11e2ce0096b28344c0f012239774672e.jpg,1,0,0,1,0.01
OTHERS-139_jpg.rf.1432ed94da4de417ddf30798472e6b7d.jpg,1,0,0,1,0.01
OTHERS-13_jpg.rf.3a1f86d8ac1df08ed1919ce32fccb4a3.jpg,1,0,0,1,0.01
OTHERS-13_jpg.rf.8efa4f828298a30044f85062cd63d824.jpg,1,0,0,1,0.01
OTHERS-1400_jpg.rf.a2c934db2c9e7ebf7ea2e07eab813238.jpg,0,1,0,1,0.01
OTHERS-1401_jpg.rf.ce4794add094e9b79603ade926e3b297.jpg,0,1,0,1,0.01
OTHERS-1402_jpg.rf.73ee8ab530850dc464ac7b2675784bb7.jpg,1,0,0,1,0.01
OTHERS-1403_jpg.rf.e067673a5f81e4c00768772b2bcf0ed3.jpg,1,0,0,1,0.01
OTHERS-1404_jpg.rf.b9cabf3b4c58ac6a4573830599e85f21.jpg,1,0,0,1,0.01
OTHERS-1405_jpg.rf.cc38a134f0470062cec10844b805f75d.jpg,1,0,0,1,0.01
OTHERS-1406_jpg.rf.31ab571de15f377306fa36b73e21fd46.jpg,1,0,0,1,0.01
OTHERS-1407_jpg.rf.82e56055ac3d27bb65063fe67cc0b97e.jpg,1,0,0,1,0.01
OTHERS-1408_jpg.rf.fcc81cd5fcc9cef8320373e71b92adc5.jpg,1,0,0,1,0.01
OTHERS-1409_jpg.rf.58f4d4c0d135ef27fc8be6222b2ede01.jpg,1,0,0,1,0.01
OTHERS-140_jpg.rf.2af8a37c33df901d8b591bf5b74d7b60.jpg,1,0,0,1,0.01
OTHERS-140_jpg.rf.b0e86e1f0b78f13062421de85e7b1ce8.jpg,1,0,0,1,0.01
OTHERS-1410_jpg.rf.07f8ad1381b5a51d3a9ccebc45d6b335.jpg,1,0,0,1,0.01
OTHERS-1411_jpg.rf.9c49a9178203d647eb0f095b19d9cc2a.jpg,0,0,1,1,0.01
OTHERS-1412_jpg.rf.fe7c5e35b3dfcac73bb4c78f3497c6a9.jpg,0,1,0,1,0.01
OTHERS-1413_jpg.rf.0b497a61c3c466fb38eb4ebca70315dd.jpg,1,0,0,1,0.01
OTHERS-1414_jpg.rf.0fd58cbc11d53f56c6dae48258610c3a.jpg,0,1,0,1,0.01
OTHERS-1415_jpg.rf.28e34ea2588e0cc0cb4acc712fac4b0b.jpg,1,0,0,1,0.01
OTHERS-1416_jpg.rf.f4de3ff6110992f30969346ea9b1df2e.jpg,1,0,0,1,0.01
OTHERS-1417_jpg.rf.55b972451b0fee95db86940dff5fe69b.jpg,1,0,0,1,0.01
OTHERS-1418_jpg.rf.a12b7b0a422aac174e64857796d90100.jpg,1,0,0,1,0.01
OTHERS-1419_jpg.rf.0245d24310e9e9a7e430d0a6739c9534.jpg,0,0,1,1,0.01
OTHERS-141_jpg.rf.7bd191f8c41ab62ebc4bd15ea07412a7.jpg,1,0,0,1,0.01
OTHERS-141_jpg.rf.f2bb3878fdaf41188e7306e7bd629b31.jpg,0,1,0,1,0.01
OTHERS-1420_jpg.rf.d959c9abd003405fcc897dd1d08dc96e.jpg,0,1,0,1,0.01
OTHERS-1421_jpg.rf.5bd48865e617c1a4e5f9d50333d14978.jpg,1,0,0,1,0.01
OTHERS-1422_jpg.rf.1c8bb945c498291660d250a877ee0a0c.jpg,1,0,0,1,0.01
OTHERS-1423_jpg.rf.2afc50314f58c3c9d68b013cde7545f9.jpg,1,0,0,1,0.01
OTHERS-1424_jpg.rf.ccdb0e55d87c752a0eca0de2224b9331.jpg,1,0,0,1,0.01
OTHERS-1425_jpg.rf.52e2744e0cecb5b11129c761ce3d6ebd.jpg,1,0,0,1,0.01
OTHERS-1426_jpg.rf.7e796c17e62b78429442bf491345c7f9.jpg,1,0,0,1,0.01
OTHERS-1427_jpg.rf.fc2b9215dafe909b15a3fc3afd424cdf.jpg,1,0,0,1,0.01
OTHERS-1428_jpg.rf.853ab1c7f06b058276863fcb80df26be.jpg,1,0,0,1,0.01
OTHERS-1429_jpg.rf.454f9d1cd82eeb9ab97992b8715f83ae.jpg,1,0,0,1,0.01
OTHERS-142_jpg.rf.20775d49542767eba77a9e385318cf36.jpg,1,0,0,1,0.01
OTHERS-142_jpg.rf.9d6c18e29e582bb34f04f9d152939b27.jpg,0,1,0,1,0.01
OTHERS-1430_jpg.rf.acfe8f8fa65824822dc12947e761f8bd.jpg,1,0,0,1,0.01
OTHERS-1431_jpg.rf.6debd1b856b8002b205336aa0054632f.jpg,1,0,0,1,0.01
OTHERS-1432_jpg.rf.350ecdb49fc9d2da93d1623f8b52f4e5.jpg,1,0,0,1,0.01
OTHERS-1433_jpg.rf.a39c33ea2108db1a484d9954fec2c90a.jpg,1,0,0,1,0.01
OTHERS-1434_jpg.rf.4bf162f55eea5bd279ca6d96818dfc78.jpg,0,0,1,1,0.01
OTHERS-1435_jpg.rf.808f945d271c3ecc3da8d8d359c4c061.jpg,1,0,0,1,0.01
OTHERS-1436_jpg.rf.2eace9912810f2ce09f3fb83d7df6489.jpg,0,0,1,1,0.01
OTHERS-1437_jpg.rf.4dcb790730f939d02993a4609848cb3f.jpg,1,0,0,1,0.01
OTHERS-1438_jpg.rf.23d2723e04bc4caad5133298c7e99d51.jpg,1,0,0,1,0.01
OTHERS-1439_jpg.rf.f1442935bdad903ade38aaea8c95ef78.jpg,1,0,0,1,0.01
OTHERS-143_jpg.rf.3de882767a7425c640165d3d06591337.jpg,1,0,0,1,0.01
OTHERS-143_jpg.rf.764efef386e590343271c8d677e5d3e0.jpg,1,0,0,1,0.01
OTHERS-1440_jpg.rf.6788bee1b4ac65ad56db37bb3a86140c.jpg,0,0,1,1,0.01
OTHERS-1441_jpg.rf.61a172b31e0fe18b5532e2ddae1f6ae3.jpg,0,0,1,1,0.01
OTHERS-1442_jpg.rf.604f11576b344ddbc3ae1f7822e04840.jpg,1,0,0,1,0.01
OTHERS-1443_jpg.rf.45a9e87254e75ac822b390a853fbe004.jpg,1,0,0,1,0.01
OTHERS-1444_jpg.rf.1f26977cff4c293fbee126386fe88a75.jpg,1,0,0,1,0.01
OTHERS-1445_jpg.rf.700df496347443bf8e45a2e2c2f1a12d.jpg,1,0,0,1,0.01
OTHERS-1446_jpg.rf.e88f33bacd8074b11afd86f984c88063.jpg,1,0,0,1,0.01
OTHERS-1447_jpg.rf.89cbee5245f67872e7d8035b80e0f334.jpg,1,0,0,1,0.01
OTHERS-1448_jpg.rf.28402eb128b0a3963e56352e8868f124.jpg,1,0,0,1,0.01
OTHERS-1449_jpg.rf.a93e33f20bc0596e5219ff17eeece0e5.jpg,0,0,1,1,0.01
OTHERS-144_jpg.rf.a72b446caefe047cb5081f2872e25ea2.jpg,1,0,0,1,0.01
OTHERS-144_jpg.rf.e3f4686d85faea784a478db36cd0c219.jpg,0,0,1,1,0.01
OTHERS-1450_jpg.rf.e99c9f9b29d43b859725adb8b890fb12.jpg,1,0,0,1,0.01
OTHERS-1451_jpg.rf.5316d2c42daa6a3292e279750735f40a.jpg,1,0,0,1,0.01
OTHERS-1452_jpg.rf.1330944634c8160770994de424299c8a.jpg,1,0,0,1,0.01
OTHERS-1453_jpg.rf.585de4b608ba70f0b901fb293abd49a2.jpg,1,0,0,1,0.01
OTHERS-1454_jpg.rf.55916426e771f2f610df231ae6a19012.jpg,1,0,0,1,0.01
OTHERS-1455_jpg.rf.bf6c6ed0deba76b75edaa1480ded70dc.jpg,1,0,0,1,0.01
OTHERS-1456_jpg.rf.7d802c0e6919e4a80c044af544b04695.jpg,1,0,0,1,0.01
OTHERS-1457_jpg.rf.949ce7cd48afcbc823209db26dd0cb19.jpg,1,0,0,1,0.01
OTHERS-1458_jpg.rf.fc187182bbf1e3a4821cd76bba7d9699.jpg,1,0,0,1,0.01
OTHERS-1459_jpg.rf.a0723f0dffc10bb34dc39589a54278a4.jpg,1,0,0,1,0.01
OTHERS-145_jpg.rf.52f5804ce61ea59e8ea5f40233be0112.jpg,1,0,0,1,0.01
OTHERS-145_jpg.rf.cf1f3332e51e81591819968d7ab25760.jpg,1,0,0,1,0.01
OTHERS-1460_jpg.rf.e25dd33b98fa6642b0e40a9a75f203a9.jpg,1,0,0,1,0.01
OTHERS-1461_jpg.rf.4ea12a82090c967b15ab427657dbb80c.jpg,0,0,1,1,0.01
OTHERS-1462_jpg.rf.30a8956167dfeee0f0ac19b7d5c093ad.jpg,1,0,0,1,0.01
OTHERS-1463_jpg.rf.d34634fdc7cccd4edf44f34e902e9ff5.jpg,1,0,0,1,0.01
OTHERS-1464_jpg.rf.3e93b43e196d5b62ced61fb9ea9b4329.jpg,1,0,0,1,0.01
OTHERS-1465_jpg.rf.91789576e538bdd12c03a7644b79ac40.jpg,1,0,0,1,0.01
OTHERS-1466_jpg.rf.5095384cb4869493abb814d631a634fa.jpg,1,0,0,1,0.01
OTHERS-1467_jpg.rf.3d39fa73e6c92a7f7b3fa10db405d9ee.jpg,1,0,0,1,0.01
OTHERS-1468_jpg.rf.e3775a97f1ecfad4332d5562d2565ea5.jpg,0,0,1,1,0.01
OTHERS-1469_jpg.rf.e563b1a5be119a23c9c828ea94e382b5.jpg,1,0,0,1,0.01
OTHERS-146_jpg.rf.70f93e107f25bae902fe5b3f13a82af5.jpg,1,0,0,1,0.01
OTHERS-146_jpg.rf.def607aa69234b44404b23b6976bdd3a.jpg,1,0,0,1,0.01
OTHERS-1470_jpg.rf.e580738af9940cd8cf304dbedc2e28bc.jpg,1,0,0,1,0.01
OTHERS-1471_jpg.rf.31922de7f4a13e8c8befa464c68351ee.jpg,1,0,0,1,0.01
OTHERS-1472_jpg.rf.7ce840b47bd061b820996961af900bf7.jpg,0,0,1,1,0.01
OTHERS-1473_jpg.rf.6b4d08eb596a89190c3a1ebd982411d6.jpg,1,0,0,1,0.01
OTHERS-1474_jpg.rf.7e2a3481aa3436045ffd8b9ef2d53b91.jpg,0,1,0,1,0.01
OTHERS-1475_jpg.rf.8d72e2b3677fd8615835a536ad3fea6d.jpg,1,0,0,1,0.01
OTHERS-1476_jpg.rf.7c4943757560c9099fa04056c212e4f2.jpg,1,0,0,1,0.01
OTHERS-1477_jpg.rf.f32f5eb8a8b95ff451991bf5316f79ea.jpg,1,0,0,1,0.01
OTHERS-1478_jpg.rf.b66c4315eff9ed1c617e0848bb016bce.jpg,1,0,0,1,0.01
OTHERS-1479_jpg.rf.82da09c9dfd45fa7f0a4d837e78c442e.jpg,1,0,0,1,0.01
OTHERS-147_jpg.rf.25ca71e94e8c5ba3ca8c7a5c24145542.jpg,1,0,0,1,0.01
OTHERS-147_jpg.rf.a5e87132919ef8edc2aeb349b2fe498f.jpg,1,0,0,1,0.01
OTHERS-1480_jpg.rf.7cb53912bad8bd1fd6682ced0d91af79.jpg,1,0,0,1,0.01
OTHERS-1481_jpg.rf.ed3684c84b3548054eeab868cd50ea60.jpg,1,0,0,1,0.01
OTHERS-1482_jpg.rf.2e1d26479705f3354d30a23744672936.jpg,0,1,0,1,0.01
OTHERS-1483_jpg.rf.b8e0079781c0eb0f8d14b6a0692fca45.jpg,0,1,0,1,0.01
OTHERS-1484_jpg.rf.ce2fe7eccd70c8814c4cf6d8066e614b.jpg,0,1,0,1,0.01
OTHERS-1485_jpg.rf.b3ecd2f3c9db1d7469099a4d9d295a16.jpg,1,0,0,1,0.01
OTHERS-1486_jpg.rf.1e4b5142159604f8dce89dd6f25738fe.jpg,1,0,0,1,0.01
OTHERS-1487_jpg.rf.18edcc8eb15514a31d7f8b52d126ebde.jpg,1,0,0,1,0.01
OTHERS-1488_jpg.rf.f83c697a2a7aee084585755e77fa0297.jpg,1,0,0,1,0.01
OTHERS-1489_jpg.rf.524a4bad08a6ce3e3424313e775d6e0c.jpg,1,0,0,1,0.01
OTHERS-148_jpg.rf.43b5ca1378655abce2a53e5c5a23084d.jpg,1,0,0,1,0.01
OTHERS-148_jpg.rf.86e5e095fba44e70d4d3a5f286fd34ce.jpg,0,0,1,1,0.01
OTHERS-1490_jpg.rf.56f8bcc57a4699d8e9b548c5584ac16c.jpg,1,0,0,1,0.01
OTHERS-1491_jpg.rf.6c829625585d1f1be249ce62da501e13.jpg,0,1,0,1,0.01
OTHERS-1492_jpg.rf.7169b4bc7aec02f2b829716efc19b1f1.jpg,1,0,0,1,0.01
OTHERS-1493_jpg.rf.df03d54a4f099f0fcb958ea22c5f161a.jpg,1,0,0,1,0.01
OTHERS-1494_jpg.rf.258e029a4ead7f1871585a1060cf9977.jpg,0,1,0,1,0.01
OTHERS-1495_jpg.rf.68cdb8267f5b89e4969ad35c3990b034.jpg,0,0,1,1,0.01
OTHERS-1496_jpg.rf.ac06625642287166f95467113ea70ea4.jpg,1,0,0,1,0.01
OTHERS-1497_jpg.rf.c1942a1bc1f3e07115696eaaedf14ded.jpg,1,0,0,1,0.01
OTHERS-1498_jpg.rf.56014affef4f63317c16660edacd1ecc.jpg,1,0,0,1,0.01
OTHERS-1499_jpg.rf.6d27c304a5fa008658d3b299c2e3dd17.jpg,1,0,0,1,0.01
OTHERS-149_jpg.rf.189e1d17e3e8b2746a316a382152a74b.jpg,1,0,0,1,0.01
OTHERS-149_jpg.rf.b7e8e5bd9cb84d8846662568f49fd37e.jpg,1,0,0,1,0.01
OTHERS-14_jpg.rf.089336aae5df53207327d51d332df61d.jpg,0,0,1,1,0.01
OTHERS-14_jpg.rf.2f0123a2d8eceed9437e82016ce909b4.jpg,0,0,1,1,0.01
OTHERS-1500_jpg.rf.35e332d0216d0ed16cf46de483d7cd7a.jpg,1,0,0,1,0.01
OTHERS-1501_jpg.rf.1f85eccf7cb6484ad43253bddd1f6261.jpg,1,0,0,1,0.01
OTHERS-1502_jpg.rf.6d4cc41edec1dc61e23effceafc6f8b8.jpg,1,0,0,1,0.01
OTHERS-1503_jpg.rf.e20cfac13b589b82c010200c759efb09.jpg,1,0,0,1,0.01
OTHERS-1504_jpg.rf.3c05d6a0025e73dfe46de43ce8d941d2.jpg,0,1,0,1,0.01
OTHERS-1505_jpg.rf.d7d3c12026faafafce6c7457ed844fa1.jpg,0,0,1,1,0.01
OTHERS-1506_jpg.rf.63af9c0161b5b8230e243cc0e14964df.jpg,1,0,0,1,0.01
OTHERS-1507_jpg.rf.299961d87186bf5b8fb7698730172b82.jpg,1,0,0,1,0.01
OTHERS-1508_jpg.rf.d2314e2cc09f182fb82b3678c0c2d560.jpg,0,0,1,1,0.01
OTHERS-1509_jpg.rf.539b9bb347bedda2ef09b85bf8134a68.jpg,0,0,1,1,0.01
OTHERS-150_jpg.rf.1c2ad06396a4467d284742df5ebed43c.jpg,1,0,0,1,0.01
OTHERS-1510_jpg.rf.ba8d1f36358fb468fe7942a3ed18e001.jpg,1,0,0,1,0.01
OTHERS-1511_jpg.rf.9eda02a08344cf84fe22d1497f3798a0.jpg,1,0,0,1,0.01
OTHERS-1512_jpg.rf.8bc46669c66762732c50c16cfd54a6c5.jpg,1,0,0,1,0.01
OTHERS-1513_jpg.rf.364b44aa4c0c7f22ac0a86cc94df1d52.jpg,1,0,0,1,0.01
OTHERS-1514_jpg.rf.c2622a794ccc47d718d0f888aa61b1b2.jpg,1,0,0,1,0.01
OTHERS-1515_jpg.rf.d8a832a6c5dd83dbefada679e90a55da.jpg,1,0,0,1,0.01
OTHERS-1516_jpg.rf.cb28c420425de139036969b576de30ce.jpg,1,0,0,1,0.01
OTHERS-1518_jpg.rf.0b3a93245ecf7ffcffd6fa6a7c7c7838.jpg,1,0,0,1,0.01
OTHERS-1519_jpg.rf.fe5de13198fc8a7d31611dba150643be.jpg,1,0,0,1,0.01
OTHERS-151_jpg.rf.3c56c2dc99d97e9d3ccf438b30a15251.jpg,1,0,0,1,0.01
OTHERS-151_jpg.rf.af104e7cb86f736bec4fa6a38f7ecf62.jpg,1,0,0,1,0.01
OTHERS-1520_jpg.rf.549e0637f87c457a9fde16efc23409f9.jpg,1,0,0,1,0.01
OTHERS-1521_jpg.rf.ee8b2d37c358dfa40f8dea1dc3deb343.jpg,1,0,0,1,0.01
OTHERS-1522_jpg.rf.c91cc3bad4414da2968711a8459ae314.jpg,0,0,1,1,0.01
OTHERS-1523_jpg.rf.aa79edf3f21251a05024e6f27327b250.jpg,1,0,0,1,0.01
OTHERS-1524_jpg.rf.645ab4cb5f2e5461e371751d761ed747.jpg,0,0,1,1,0.01
OTHERS-1525_jpg.rf.847a3804de3ce08296e823a2b8d5ca48.jpg,0,0,1,1,0.01
OTHERS-1526_jpg.rf.c4e9646760f0ce76cee50dc9c94b4f15.jpg,1,0,0,1,0.01
OTHERS-1527_jpg.rf.718d022846cc644e5f7729fffd1c0c1d.jpg,0,0,1,1,0.01
OTHERS-1528_jpg.rf.9386aea8bf9cad4f564621512ea0cbee.jpg,1,0,0,1,0.01
OTHERS-1529_jpg.rf.179336cd8f1e2434569d0d37cfff3de1.jpg,1,0,0,1,0.01
OTHERS-152_jpg.rf.47946a362c0b63c147b3aaecddfd7b98.jpg,1,0,0,1,0.01
OTHERS-152_jpg.rf.eeb457c448b8c8519cf9a196c74580ff.jpg,1,0,0,1,0.01
OTHERS-1530_jpg.rf.ff885ad5df1a1e3f9b3270b756f20d96.jpg,1,0,0,1,0.01
OTHERS-1531_jpg.rf.7976d8c7c9ce01594be0b04fc1efa26f.jpg,1,0,0,1,0.01
OTHERS-1532_jpg.rf.bd832bb7663c0bfe1f3b288144e1a45e.jpg,1,0,0,1,0.01
OTHERS-1533_jpg.rf.d6dc587ff50a38739c2c791e6d94d4f1.jpg,0,0,1,1,0.01
OTHERS-1534_jpg.rf.ba6d431a7f8c9662411db0e7e0418052.jpg,1,0,0,1,0.01
OTHERS-1535_jpg.rf.834919924273bb819667871088664b97.jpg,1,0,0,1,0.01
OTHERS-1536_jpg.rf.b10deea25d6ad2be609b92e08bb1005d.jpg,1,0,0,1,0.01
OTHERS-1537_jpg.rf.dadcf627fe71d10a612ce41daf95c69d.jpg,0,0,1,1,0.01
OTHERS-1538_jpg.rf.af8c8312d1e53b53659cdff70c08ac15.jpg,1,0,0,1,0.01
OTHERS-1539_jpg.rf.43996fac3edef6f363a996195e26ed04.jpg,0,0,1,1,0.01
OTHERS-153_jpg.rf.47d74915402c88c0bd760b9974051f05.jpg,1,0,0,1,0.01
OTHERS-1540_jpg.rf.990ff4ae04fae4ffc1020ccec73036fe.jpg,1,0,0,1,0.01
OTHERS-1541_jpg.rf.3e0e559146e9ca31796c37b25b66aac0.jpg,0,0,1,1,0.01
OTHERS-1542_jpg.rf.0d355e1cf769d196a638e1e5fdd314a8.jpg,1,0,0,1,0.01
OTHERS-1543_jpg.rf.a61bcc16fd4de496cd4f6877b7989592.jpg,0,0,1,1,0.01
OTHERS-1544_jpg.rf.b302c7dcc2e8a6548f934f1bddbc8fc3.jpg,1,0,0,1,0.01
OTHERS-1545_jpg.rf.288262b853f7678ca600ab059c55ad54.jpg,1,0,0,1,0.01
OTHERS-1546_jpg.rf.0f33973b216a499dec294d9477614252.jpg,1,0,0,1,0.01
OTHERS-1547_jpg.rf.5b7bfc588538a9eb8ea631044f382045.jpg,1,0,0,1,0.01
OTHERS-1548_jpg.rf.24c4b45d8f590b9fd3e98b25c21822c7.jpg,1,0,0,1,0.01
OTHERS-1549_jpg.rf.c0f99af2feebd069f0f98acf50994193.jpg,1,0,0,1,0.01
OTHERS-154_jpg.rf.944482e143160084456abfb7f757f01e.jpg,0,0,1,1,0.01
OTHERS-154_jpg.rf.c7e1269cdea64a04304f3df728ed84cc.jpg,0,0,1,1,0.01
OTHERS-1550_jpg.rf.511ef945af5a76445c03a35c04646a3e.jpg,1,0,0,1,0.01
OTHERS-1551_jpg.rf.df0cc6e37e1c33c962b27170198461db.jpg,1,0,0,1,0.01
OTHERS-1552_jpg.rf.e8f73f715cdb9cbbaa688968fcbdbd6c.jpg,1,0,0,1,0.01
OTHERS-1553_jpg.rf.db2b782bc1ec284f46c3b69bf2b8ccd3.jpg,1,0,0,1,0.01
OTHERS-1554_jpg.rf.fafbe75bb923a34971a914dcfbba9a7a.jpg,1,0,0,1,0.01
OTHERS-1555_jpg.rf.947b1be2808f27642834561833996987.jpg,1,0,0,1,0.01
OTHERS-1556_jpg.rf.af38b2871146b866a7bf7ac9b455e8d6.jpg,1,0,0,1,0.01
OTHERS-1557_jpg.rf.d77ad637352c841eff54ca69b12583d5.jpg,1,0,0,1,0.01
OTHERS-1558_jpg.rf.25017259ae6c29efad303ba1834b8b45.jpg,1,0,0,1,0.01
OTHERS-1559_jpg.rf.90061441cd2f49fcc3eac0e8325dcbde.jpg,1,0,0,1,0.01
OTHERS-155_jpg.rf.a584e4c457aec1900862c656bf279aeb.jpg,1,0,0,1,0.01
OTHERS-155_jpg.rf.edfc1710d529d8413775b784249894e8.jpg,1,0,0,1,0.01
OTHERS-1560_jpg.rf.31af467c78ebd8ed824b0b75df9712b2.jpg,1,0,0,1,0.01
OTHERS-1561_jpg.rf.b9db750e5e958323d68374a6205630f6.jpg,1,0,0,1,0.01
OTHERS-1562_jpg.rf.f2ee08445a8a71b8cc21adcdc9ce78f4.jpg,1,0,0,1,0.01
OTHERS-1563_jpg.rf.6de33ad0eb3f85aec4bb61090c2f5912.jpg,0,1,0,1,0.01
OTHERS-1564_jpg.rf.40d342cbf89184a366067deb9c632b9c.jpg,1,0,0,1,0.01
OTHERS-1565_jpg.rf.09bb8bffbd26199e812f4abafec94c99.jpg,1,0,0,1,0.01
OTHERS-1566_jpg.rf.f51513ff664480353f5b49d9a5f658d8.jpg,0,0,1,1,0.01
OTHERS-1567_jpg.rf.b76c7954969524f0a7f569e72a64bb13.jpg,0,1,0,1,0.01
OTHERS-1568_jpg.rf.83f2b4efc7e0d5511b8566087354fb92.jpg,1,0,0,1,0.01
OTHERS-1569_jpg.rf.86714edd2dc153ce26deb9e19340555a.jpg,0,0,1,1,0.01
OTHERS-156_jpg.rf.4a8d511ddf8b3b7b9aeea884e77784df.jpg,1,0,0,1,0.01
OTHERS-156_jpg.rf.ccbdd9c12714b698a386a1d59932fe86.jpg,1,0,0,1,0.01
OTHERS-1570_jpg.rf.f9f954315a43e187acd4731059c6db19.jpg,0,0,1,1,0.01
OTHERS-1571_jpg.rf.c3419eca8c25f9ceaea57e6b8624a140.jpg,0,0,1,1,0.01
OTHERS-1572_jpg.rf.321e0472be2cb7c227691bb75df592eb.jpg,1,0,0,1,0.01
OTHERS-1573_jpg.rf.2bb93b9e39129db06d5dbbd08f3dfc9a.jpg,1,0,0,1,0.01
OTHERS-1574_jpg.rf.d6c3946b832f014efe3cebe673fa1edf.jpg,1,0,0,1,0.01
OTHERS-1575_jpg.rf.430e47727f0b7c7bb81361ed58d51255.jpg,0,0,1,1,0.01
OTHERS-1576_jpg.rf.a9c5fa6338a436d87955dbc231b97731.jpg,1,0,0,1,0.01
OTHERS-1577_jpg.rf.826f09fd6d892d37c6128b6441500c4f.jpg,1,0,0,1,0.01
OTHERS-1578_jpg.rf.8aa4e11da7119ca57dba6733610392a1.jpg,1,0,0,1,0.01
OTHERS-1579_jpg.rf.6be076d780a9217c9854595a9adeca2a.jpg,1,0,0,1,0.01
OTHERS-157_jpg.rf.0110832c3fd24ff8b80dd07cafb9b604.jpg,1,0,0,1,0.01
OTHERS-157_jpg.rf.bbe115a70e362278a50ad1696f08130d.jpg,1,0,0,1,0.01
OTHERS-1580_jpg.rf.0a25f52a508c7190bd0b69664602a07d.jpg,1,0,0,1,0.01
OTHERS-1581_jpg.rf.1e9c88ee0fc9b51f42c519c5c2532aef.jpg,1,0,0,1,0.01
OTHERS-1582_jpg.rf.a44a48223f7359e2732f10a7cba13585.jpg,1,0,0,1,0.01
OTHERS-1583_jpg.rf.18917e6c9f75b9c285cab8aa9dec71df.jpg,1,0,0,1,0.01
OTHERS-1584_jpg.rf.fada0b845d0f881f43ac00725d2b85e8.jpg,1,0,0,1,0.01
OTHERS-1585_jpg.rf.91efad89e13a01880c6ff9e53d90bf7f.jpg,0,0,1,1,0.01
OTHERS-1586_jpg.rf.8482849408fb6a8fed9b77979550f2bd.jpg,1,0,0,1,0.01
OTHERS-1587_jpg.rf.53a8433089597f74800934a62f222197.jpg,0,1,0,1,0.01
OTHERS-1588_jpg.rf.8db234a38d6e7ee016d8d8f30004d70d.jpg,1,0,0,1,0.01
OTHERS-1589_jpg.rf.529fbcb9b033254ba4371daab7b16060.jpg,0,0,1,1,0.01
OTHERS-158_jpg.rf.a9dc7325d499bb2e29bf8080dae69ab5.jpg,1,0,0,1,0.01
OTHERS-158_jpg.rf.f127696b70df8ee3523be7ad57a28069.jpg,1,0,0,1,0.01
OTHERS-1590_jpg.rf.6c69096d6c27d8613d138d789d221e04.jpg,1,0,0,1,0.01
OTHERS-1591_jpg.rf.1775884f5b2482933d37f734eeaec7b4.jpg,0,0,1,1,0.01
OTHERS-1592_jpg.rf.b6bf699b04ed171552ead9b0ca1a01a4.jpg,1,0,0,1,0.01
OTHERS-1593_jpg.rf.37d1219bc470540358c59fb7f3ceb264.jpg,1,0,0,1,0.01
OTHERS-1594_jpg.rf.1755672967966844d908c27417ead56e.jpg,1,0,0,1,0.01
OTHERS-1595_jpg.rf.c58538073f075c15bbaba0a7d13becb7.jpg,1,0,0,1,0.01
OTHERS-1596_jpg.rf.1c87513dda3bb546dd0c20b2a3e22de9.jpg,1,0,0,1,0.01
OTHERS-1597_jpg.rf.c18d9cfb12485608c7cff7c450c11594.jpg,1,0,0,1,0.01
OTHERS-1598_jpg.rf.f4b052251191a7ab22ecc2c37f9cb505.jpg,1,0,0,1,0.01
OTHERS-1599_jpg.rf.09252295595b0826964fd639ba1e3b5c.jpg,1,0,0,1,0.01
OTHERS-159_jpg.rf.7dd4d15df57443e4391f5978e9b2de50.jpg,0,0,1,1,0.01
OTHERS-159_jpg.rf.ca9bdff798524ddd74d534eb244a4f0a.jpg,1,0,0,1,0.01
OTHERS-15_jpg.rf.2b6aec342ac43264ad315bd9f7ba7538.jpg,1,0,0,1,0.01
OTHERS-15_jpg.rf.c294236e70cc0a3b67cc106e25bd4940.jpg,1,0,0,1,0.01
OTHERS-1600_jpg.rf.439ec7ac98d2a670201884668a52c403.jpg,1,0,0,1,0.01
OTHERS-1601_jpg.rf.c20e6bb80f5db4add5bb1eae93e93d6f.jpg,0,0,1,1,0.01
OTHERS-1602_jpg.rf.b58e074f217575c84a9280e5590b9b29.jpg,1,0,0,1,0.01
OTHERS-1603_jpg.rf.a4d4a08997e4db73d13b5c2b6a7e6df8.jpg,1,0,0,1,0.01
OTHERS-1604_jpg.rf.ee0c14ae6eb1f7ff772cf1008815deaf.jpg,1,0,0,1,0.01
OTHERS-1605_jpg.rf.b808b631ecb2eed4ff8a5f028fa4efc5.jpg,1,0,0,1,0.01
OTHERS-1606_jpg.rf.ae00a1aeaa89c1b8a83602ae26adf22f.jpg,0,0,1,1,0.01
OTHERS-1607_jpg.rf.9b18c4b935dafe9e11526bc8971754fc.jpg,1,0,0,1,0.01
OTHERS-1608_jpg.rf.7eff0b3857347daea1ab8facbdea9a87.jpg,1,0,0,1,0.01
OTHERS-1609_jpg.rf.6789a7cda3ac34d1df4716134806c292.jpg,0,0,1,1,0.01
OTHERS-160_jpg.rf.70c831c6760ec267b481dc57d90381b3.jpg,1,0,0,1,0.01
OTHERS-160_jpg.rf.f554ce8055d842cdf12c4a9ec58e26cd.jpg,1,0,0,1,0.01
OTHERS-1610_jpg.rf.1df5eb4e550a3d66d8b61e46ae97eaa5.jpg,0,0,1,1,0.01
OTHERS-1611_jpg.rf.50ea882d1ca83f2995c0ea51f25a4ced.jpg,0,0,1,1,0.01
OTHERS-1612_jpg.rf.8581d2a3168692e0c10cb443a61c1893.jpg,0,0,1,1,0.01
OTHERS-1613_jpg.rf.4ded42cc143102c635e4f2cd88881d41.jpg,1,0,0,1,0.01
OTHERS-1614_jpg.rf.3eba7b411048d0bfc3bce9d5efbaef0d.jpg,1,0,0,1,0.01
OTHERS-1615_jpg.rf.750db46820d6ab553c018655d7301b86.jpg,1,0,0,1,0.01
OTHERS-1616_jpg.rf.fcdd9a1c2d5cef1463c366adb431533c.jpg,1,0,0,1,0.01
OTHERS-1617_jpg.rf.06e3e07b9c3bdba936943fbdee84a5ca.jpg,1,0,0,1,0.01
OTHERS-1618_jpg.rf.df4539ceca889f8c692c06e637ec798b.jpg,0,1,0,1,0.01
OTHERS-1619_jpg.rf.68b6480638870b93e3a27eb752078c9b.jpg,1,0,0,1,0.01
OTHERS-161_jpg.rf.651a1b8d0d8343ef3c6fc8a3d4af1a46.jpg,0,0,1,1,0.01
OTHERS-161_jpg.rf.f8ee14765ee0f7e306a81c26c79816b4.jpg,1,0,0,1,0.01
OTHERS-1620_jpg.rf.dce340e5f002a8754b89de9920d8bb0f.jpg,1,0,0,1,0.01
OTHERS-1621_jpg.rf.d391c9014e81f1f244657317a48e9ccb.jpg,0,0,1,1,0.01
OTHERS-1622_jpg.rf.7b7fb6b8dbd919193c30fddd94c9f351.jpg,0,0,1,1,0.01
OTHERS-1623_jpg.rf.d44eb2398052ed870856bf7af9d331b8.jpg,0,1,0,1,0.01
OTHERS-1624_jpg.rf.a21265fba350682bbb9d01feff1b0d39.jpg,1,0,0,1,0.01
OTHERS-1625_jpg.rf.d958accdcd2468602e2a225e56e2adcf.jpg,1,0,0,1,0.01
OTHERS-1626_jpg.rf.203604840a84a610b7525468cdd7e175.jpg,1,0,0,1,0.01
OTHERS-1627_jpg.rf.0bdbe88f6231459ea710b0d81aa4f4e3.jpg,1,0,0,1,0.01
OTHERS-1628_jpg.rf.f2329725c11e6783b6d8a842125647ae.jpg,1,0,0,1,0.01
OTHERS-1629_jpg.rf.e03bf721115dd3ffe105cc719ebbc647.jpg,1,0,0,1,0.01
OTHERS-162_jpg.rf.04889c29ad39685f68881d4ccd62f54d.jpg,1,0,0,1,0.01
OTHERS-162_jpg.rf.3788d9d423d6848a24df978b2d8b75f4.jpg,1,0,0,1,0.01
OTHERS-1630_jpg.rf.47552c079a7e2f075bb8ce86030ed7d5.jpg,0,0,1,1,0.01
OTHERS-1631_jpg.rf.9f4b153b68f523c2542a7beb060173fd.jpg,1,0,0,1,0.01
OTHERS-1632_jpg.rf.dd4435147d9c60e49e4cf7137f8ef436.jpg,0,0,1,1,0.01
OTHERS-1633_jpg.rf.3a286293ff4deb1f7b3dbf076948e489.jpg,1,0,0,1,0.01
OTHERS-1634_jpg.rf.be81aa6a2815730f62a30c5886ae777f.jpg,1,0,0,1,0.01
OTHERS-1635_jpg.rf.3f31e795c9908fa3799a6eb75ba5650e.jpg,1,0,0,1,0.01
OTHERS-1636_jpg.rf.1b2d4d9072d1b744b2caebb2f1181c9e.jpg,1,0,0,1,0.01
OTHERS-1637_jpg.rf.dce2c8ed4f430a1940faf4f0343b9b4b.jpg,0,0,1,1,0.01
OTHERS-1638_jpg.rf.9cfb340706ba18a180aaaebfe50efe6a.jpg,1,0,0,1,0.01
OTHERS-1639_jpg.rf.830e510db355f8febfe1387111394e81.jpg,1,0,0,1,0.01
OTHERS-163_jpg.rf.0706a9d076dcc44c11b1166d171df40d.jpg,1,0,0,1,0.01
OTHERS-163_jpg.rf.c50cb4d01d3e03ac9bca2b960d8affc6.jpg,0,0,1,1,0.01
OTHERS-1640_jpg.rf.d426820726dbbe8ec042d74b23769461.jpg,0,1,0,1,0.01
OTHERS-1641_jpg.rf.cdb82958c61deb40a8d0c751a2462af6.jpg,0,0,1,1,0.01
OTHERS-1642_jpg.rf.a711a939718d4b0a296a09cce1363872.jpg,1,0,0,1,0.01
OTHERS-1643_jpg.rf.e55261748ffc8a39faa43c763dc1baf3.jpg,1,0,0,1,0.01
OTHERS-1644_jpg.rf.a3e9535c454b551a338aa9a67338d9ad.jpg,0,0,1,1,0.01
OTHERS-1645_jpg.rf.290fa0c7e316a12df10baa2b3279ebd1.jpg,0,0,1,1,0.01
OTHERS-1646_jpg.rf.41f01b50ec85a158d6a9bb1a83d470c5.jpg,1,0,0,1,0.01
OTHERS-1647_jpg.rf.2f0f92a1a5e7450a59742ce2d209fb12.jpg,1,0,0,1,0.01
OTHERS-1648_jpg.rf.2a597e884eed85be31dfb1cfd30a9854.jpg,1,0,0,1,0.01
OTHERS-1649_jpg.rf.b8cfc14132678171846d7bc1a10369f7.jpg,0,1,0,1,0.01
OTHERS-164_jpg.rf.11bd32a055c5abb11018c3ac52df7a75.jpg,0,1,0,1,0.01
OTHERS-1650_jpg.rf.89c27542517923c9ba73f21a4f5dae21.jpg,1,0,0,1,0.01
OTHERS-1651_jpg.rf.42e3917a9d44a6b18c3a8d7ec7a5ce76.jpg,1,0,0,1,0.01
OTHERS-1652_jpg.rf.6606d8c684da61312c846ff301034550.jpg,1,0,0,1,0.01
OTHERS-1653_jpg.rf.46ace4ed196ea661c494dbda3e352227.jpg,0,0,1,1,0.01
OTHERS-1654_jpg.rf.9441f6412c8c1a96d05ba0321dc79e3c.jpg,1,0,0,1,0.01
OTHERS-1655_jpg.rf.f792b879cecd68d0310ed0f464720e31.jpg,1,0,0,1,0.01
OTHERS-1656_jpg.rf.5303bb5e478c45fe5cd7e927335faf7c.jpg,1,0,0,1,0.01
OTHERS-1657_jpg.rf.b608e52df9fb4e2122ea146725d4be2e.jpg,1,0,0,1,0.01
OTHERS-1658_jpg.rf.80ef78123e08de4f2beb2fb7ed5eee2c.jpg,1,0,0,1,0.01
OTHERS-1659_jpg.rf.9d627955ed40b07b87f6bad99dbf6cb2.jpg,1,0,0,1,0.01
OTHERS-165_jpg.rf.1025a413d950e23031b5808c29905ce9.jpg,1,0,0,1,0.01
OTHERS-165_jpg.rf.be241b83f54a85cbd37993fe79dc0452.jpg,1,0,0,1,0.01
OTHERS-1660_jpg.rf.d62113b3c632a49c31f4d3bb698a97f0.jpg,1,0,0,1,0.01
OTHERS-1661_jpg.rf.350b1fdbc72c14ec58f38a8c05024ef3.jpg,1,0,0,1,0.01
OTHERS-1662_jpg.rf.e80303f047e4bd2056e74cb971f9139d.jpg,1,0,0,1,0.01
OTHERS-1663_jpg.rf.c290eea01b284916c300e40d2dfbb33f.jpg,1,0,0,1,0.01
OTHERS-1664_jpg.rf.c19219f2ff3f22f34fd0b8dab3ab9f1d.jpg,0,1,0,1,0.01
OTHERS-1665_jpg.rf.0fa11bf6d730253ce00fd0db04d6592a.jpg,1,0,0,1,0.01
OTHERS-1666_jpg.rf.f6998ac56f114d478d8be0ff0d06974b.jpg,0,0,1,1,0.01
OTHERS-1667_jpg.rf.34ae74e9b307c8a65010aacecf849d11.jpg,1,0,0,1,0.01
OTHERS-1668_jpg.rf.f3f292be57e947c975f3892791d43c2c.jpg,1,0,0,1,0.01
OTHERS-1669_jpg.rf.6c28bf46af94b90fccf1cd67d5e518eb.jpg,0,1,0,1,0.01
OTHERS-166_jpg.rf.e72ba6d5be5400a73f26602fe8f4daa8.jpg,1,0,0,1,0.01
OTHERS-166_jpg.rf.f2c319c7d96343e95c05f4f9412e64db.jpg,0,1,0,1,0.01
OTHERS-1670_jpg.rf.bf9bcc208d9be251340a923deb486928.jpg,0,1,0,1,0.01
OTHERS-1671_jpg.rf.48f0823a75cd12e0b6d97ef88e65277a.jpg,0,0,1,1,0.01
OTHERS-1672_jpg.rf.425896c31062354537033ceb2ac29e40.jpg,1,0,0,1,0.01
OTHERS-1673_jpg.rf.c44ef883164a47ed5b64f244b6846073.jpg,1,0,0,1,0.01
OTHERS-1674_jpg.rf.2cbbab18a101eb1608b34a036f1580b5.jpg,0,0,1,1,0.01
OTHERS-1675_jpg.rf.e54fcfa74942682170d5222f2278bcd2.jpg,0,1,0,1,0.01
OTHERS-1676_jpg.rf.2efaf2023933c6d788e38487c14073cd.jpg,1,0,0,1,0.01
OTHERS-1677_jpg.rf.2407dbbc5336dca98b1a2f2d6f078c4f.jpg,1,0,0,1,0.01
OTHERS-1678_jpg.rf.de1fe1f8ec57a3fc4cea664104b6ed2b.jpg,1,0,0,1,0.01
OTHERS-1679_jpg.rf.39c5cf47a187500445166c73489d95bf.jpg,1,0,0,1,0.01
OTHERS-167_jpg.rf.37d347baea52c133f007f5160d426f18.jpg,1,0,0,1,0.01
OTHERS-167_jpg.rf.cc62412ec469ba0f8516961d9f23f24a.jpg,1,0,0,1,0.01
OTHERS-1680_jpg.rf.c62a41fc78dd4fd6dd65251a231fab48.jpg,1,0,0,1,0.01
OTHERS-1681_jpg.rf.a3b71692c81bee08342ba934bf0efbbc.jpg,1,0,0,1,0.01
OTHERS-1682_jpg.rf.17ac045ce54b3320539795d4894d6372.jpg,1,0,0,1,0.01
OTHERS-1683_jpg.rf.0c535a0b2aedfe497389d35b08ac0820.jpg,1,0,0,1,0.01
OTHERS-1684_jpg.rf.0868199b7223d3728d1996591c355ad1.jpg,1,0,0,1,0.01
OTHERS-1685_jpg.rf.f1190b5c7d17c97036fae5927bb1f912.jpg,1,0,0,1,0.01
OTHERS-1686_jpg.rf.7c9e8e2e61200a4e0b73be8b09f73e21.jpg,0,0,1,1,0.01
OTHERS-1687_jpg.rf.98fbac9f4a38223fbc31b5478fc623e4.jpg,0,0,1,1,0.01
OTHERS-1688_jpg.rf.f06fe8f21c64119a6e411ab79e6c86ae.jpg,1,0,0,1,0.01
OTHERS-1689_jpg.rf.28b54991e5f7e7ae04b7ce257493daa1.jpg,1,0,0,1,0.01
OTHERS-168_jpg.rf.39906b775cd200b46f53c6e23412807b.jpg,1,0,0,1,0.01
OTHERS-1690_jpg.rf.8b4418ef1890fe6a5a5aa271f2d293cf.jpg,0,0,1,1,0.01
OTHERS-1691_jpg.rf.f258702f4905d26db97f38084f2916a4.jpg,1,0,0,1,0.01
OTHERS-1692_jpg.rf.add5e93b6f34ffdf2f9e8378ad62fc94.jpg,1,0,0,1,0.01
OTHERS-1693_jpg.rf.9287a377645f6dc9d02f3ef31952f79f.jpg,0,1,0,1,0.01
OTHERS-1694_jpg.rf.78b1eed9e2e9934b7230fc013d680350.jpg,1,0,0,1,0.01
OTHERS-1695_jpg.rf.8f1e2536064708f17fc48cff3cf68fc6.jpg,1,0,0,1,0.01
OTHERS-1696_jpg.rf.52beb73832d3879dd7ae38f047426919.jpg,1,0,0,1,0.01
OTHERS-1697_jpg.rf.29078cdce23f037b7fc00364e77238f4.jpg,1,0,0,1,0.01
OTHERS-1698_jpg.rf.119919dbaa060ecef095a277653338eb.jpg,0,0,1,1,0.01
OTHERS-1699_jpg.rf.0b91bc2165203620a9d4119a8ea7c078.jpg,1,0,0,1,0.01
OTHERS-169_jpg.rf.84ec058f623cad65bb0aa83821dc9e55.jpg,1,0,0,1,0.01
OTHERS-169_jpg.rf.c4b227c6b463c9360164b7445a11a28d.jpg,1,0,0,1,0.01
OTHERS-16_jpg.rf.77957a29c833b3a002eda50290399630.jpg,1,0,0,1,0.01
OTHERS-16_jpg.rf.f1c85fd6fdbe41ce12f1fa7f69493e26.jpg,1,0,0,1,0.01
OTHERS-1700_jpg.rf.2412ba8787dc0fa51d87ab20230963c6.jpg,1,0,0,1,0.01
OTHERS-1701_jpg.rf.6267c944481aea824a5ff865eca45fe6.jpg,1,0,0,1,0.01
OTHERS-1702_jpg.rf.4fb2133f13b86107bc92813f8f91694d.jpg,1,0,0,1,0.01
OTHERS-1703_jpg.rf.069190f88380337977811041e715a04a.jpg,1,0,0,1,0.01
OTHERS-1704_jpg.rf.78059b339535d621233cf8897ec607a3.jpg,1,0,0,1,0.01
OTHERS-1705_jpg.rf.e13ed819bbefaca01e7a98178cd27ceb.jpg,0,1,0,1,0.01
OTHERS-1706_jpg.rf.fc3317bfb2d0b45eeccf9a4bb871f29e.jpg,1,0,0,1,0.01
OTHERS-1707_jpg.rf.4aea5a9b4395e87d3a1926250032089b.jpg,1,0,0,1,0.01
OTHERS-1708_jpg.rf.d6e7002908bf07b6d5c2bd5d76e34144.jpg,1,0,0,1,0.01
OTHERS-1709_jpg.rf.80bd9c24b8be49e20f8e497febdd9308.jpg,1,0,0,1,0.01
OTHERS-170_jpg.rf.f5d559e04ffccad5591da992ef55b9ba.jpg,0,0,1,1,0.01
OTHERS-1710_jpg.rf.921e907c16c269448b03d648c477dde3.jpg,1,0,0,1,0.01
OTHERS-1711_jpg.rf.f8e89a54658bbfbc6a030cc44370d923.jpg,1,0,0,1,0.01
OTHERS-1712_jpg.rf.69302a7de83149f6a820c431c730bc08.jpg,1,0,0,1,0.01
OTHERS-1713_jpg.rf.daa330be4bc7c4793e5d583ca0a650ad.jpg,1,0,0,1,0.01
OTHERS-1714_jpg.rf.823fda66538d8912ef01a160e5958cf0.jpg,1,0,0,1,0.01
OTHERS-1715_jpg.rf.794ce3d14bc2db166b9b248beba487f0.jpg,1,0,0,1,0.01
OTHERS-1716_jpg.rf.995b3de0946ba237e9018165c456c96b.jpg,0,0,1,1,0.01
OTHERS-1717_jpg.rf.c2f8d41268f6be74e92c9e6b50adaae7.jpg,1,0,0,1,0.01
OTHERS-1718_jpg.rf.7ca50cdcddd214723b94baa4d5830196.jpg,1,0,0,1,0.01
OTHERS-1719_jpg.rf.e7889e3c45929de3b07f49a0df3f718e.jpg,1,0,0,1,0.01
OTHERS-171_jpg.rf.44e0eb027c6308f4824d55d6c6a4c5e8.jpg,1,0,0,1,0.01
OTHERS-171_jpg.rf.d2461da4eeaa945dcfea997cf0cbfea2.jpg,1,0,0,1,0.01
OTHERS-1720_jpg.rf.f2e915629b41a26aa0ebe420cec2f8ea.jpg,1,0,0,1,0.01
OTHERS-1721_jpg.rf.62ab67fb1b640f120b550b881a2e6a65.jpg,1,0,0,1,0.01
OTHERS-1722_jpg.rf.38b2f98190c6e46edb339dc5a186c0d2.jpg,1,0,0,1,0.01
OTHERS-1723_jpg.rf.043800b6d68018d67f4e95c59b660d83.jpg,1,0,0,1,0.01
OTHERS-1724_jpg.rf.66ab58ae14c0b268b9647e9ba9ab4279.jpg,1,0,0,1,0.01
OTHERS-1725_jpg.rf.7cbc7f4819079fb8f4de6e2b905c7bd9.jpg,1,0,0,1,0.01
OTHERS-1726_jpg.rf.e0bff516553cb16d17435202666b748c.jpg,1,0,0,1,0.01
OTHERS-1727_jpg.rf.3c77a210f6a29a9cddc21bb8aeaf0e1c.jpg,0,1,0,1,0.01
OTHERS-1728_jpg.rf.e0448b9dd963b6f4fa994fe26716c70c.jpg,0,0,1,1,0.01
OTHERS-1729_jpg.rf.567590f33af824d1b0da894bcdc084cd.jpg,1,0,0,1,0.01
OTHERS-172_jpg.rf.03769d7e24125fe88ae6383a562781fe.jpg,1,0,0,1,0.01
OTHERS-172_jpg.rf.c191e11ad69f4a781f6d3252a77aa019.jpg,1,0,0,1,0.01
OTHERS-1730_jpg.rf.9ba4066c417e3435fb250254d3fd4f17.jpg,0,0,1,1,0.01
OTHERS-1731_jpg.rf.eb524e46c8c0e8d206a1d4bcfa05e80d.jpg,1,0,0,1,0.01
OTHERS-1732_jpg.rf.b66feeb92e71b13d6d1e1993696c970c.jpg,1,0,0,1,0.01
OTHERS-1733_jpg.rf.6308578fc91af939fd8333e071665d40.jpg,1,0,0,1,0.01
OTHERS-1734_jpg.rf.1acb4ea7f84c64945712c04ef99f0264.jpg,0,1,0,1,0.01
OTHERS-1735_jpg.rf.6f1ed3c3077bbb4641f1a0458d1d5bb6.jpg,1,0,0,1,0.01
OTHERS-1736_jpg.rf.7d6709ed5f4c4cd40ff8de489c7b7761.jpg,1,0,0,1,0.01
OTHERS-1737_jpg.rf.cc37d797ef5eef1937809d12f68b888c.jpg,1,0,0,1,0.01
OTHERS-1738_jpg.rf.e20bd3935d86cd815f98e6108073dba6.jpg,0,0,1,1,0.01
OTHERS-1739_jpg.rf.8a2e40c20e4afce548b57f6b14fe7048.jpg,1,0,0,1,0.01
OTHERS-173_jpg.rf.3ab6b9eafa0c149a1effd926c4c52679.jpg,1,0,0,1,0.01
OTHERS-173_jpg.rf.93e03f0a084be18ed6d76c6bc1dbf555.jpg,1,0,0,1,0.01
OTHERS-1740_jpg.rf.b4cf46e1af448ba9d3e7bcbabd0a2fd2.jpg,1,0,0,1,0.01
OTHERS-1741_jpg.rf.46082ba0cdf681d17bb8498924406562.jpg,1,0,0,1,0.01
OTHERS-1742_jpg.rf.137372c210961b26abb02f7f23fc0782.jpg,1,0,0,1,0.01
OTHERS-1743_jpg.rf.6f7480bfba6fd53e50a35e905001f3cb.jpg,1,0,0,1,0.01
OTHERS-1744_jpg.rf.9357b63e6ee7f50f07e96555c50955d9.jpg,1,0,0,1,0.01
OTHERS-1745_jpg.rf.38bd6e91f7a51e6b9372d2d58d24ed67.jpg,0,1,0,1,0.01
OTHERS-1746_jpg.rf.7bd10ed39cc674eb3f0f3eea82244041.jpg,1,0,0,1,0.01
OTHERS-1747_jpg.rf.a812da054dd28d14716fed36a5e48a6d.jpg,1,0,0,1,0.01
OTHERS-1748_jpg.rf.742d3366f65365f37459dff0f1f1aa6f.jpg,1,0,0,1,0.01
OTHERS-1749_jpg.rf.e1e80cd5e1c2211dfaac7d4a28fd8cd1.jpg,0,0,1,1,0.01
OTHERS-174_jpg.rf.05bf9b95963a288a3a1c74c9999a888b.jpg,1,0,0,1,0.01
OTHERS-174_jpg.rf.94a044fe5016ae25f2c307ea104974b2.jpg,1,0,0,1,0.01
OTHERS-1750_jpg.rf.a57a8814c6977321514a98268d7f8bc2.jpg,0,0,1,1,0.01
OTHERS-1751_jpg.rf.0f47c44b827d830272141f18ce769be2.jpg,1,0,0,1,0.01
OTHERS-1752_jpg.rf.26b61c94939b174ccffd80e6f65276d7.jpg,1,0,0,1,0.01
OTHERS-1753_jpg.rf.8f083b4ee0a549ab3739a69605c627a4.jpg,1,0,0,1,0.01
OTHERS-1754_jpg.rf.a9d6d22de492d04fcffe899bf5ebb3e0.jpg,0,0,1,1,0.01
OTHERS-1755_jpg.rf.327e42b2da0840abc6e187ba8e91c4b8.jpg,1,0,0,1,0.01
OTHERS-1756_jpg.rf.64b98dbddeb77b6feb867b2e8a142930.jpg,1,0,0,1,0.01
OTHERS-1757_jpg.rf.743b1826edb324b264353746975dc0ac.jpg,1,0,0,1,0.01
OTHERS-1758_jpg.rf.92691f1c58c1c076167e13d1a7dc935c.jpg,1,0,0,1,0.01
OTHERS-1759_jpg.rf.d6774ed84681f6eebcaec6953db89df2.jpg,0,0,1,1,0.01
OTHERS-175_jpg.rf.3cf30150a55f9375c2ba505fba41786b.jpg,1,0,0,1,0.01
OTHERS-175_jpg.rf.d96f74d8205b688b621417aef6e737f3.jpg,1,0,0,1,0.01
OTHERS-1760_jpg.rf.35dd7be77aa650bfbbc884cec2e73003.jpg,1,0,0,1,0.01
OTHERS-1761_jpg.rf.86ee5384a23f091dcdbdfc202e27e29b.jpg,1,0,0,1,0.01
OTHERS-1762_jpg.rf.763514867f1451d8664fab74122a60bc.jpg,1,0,0,1,0.01
OTHERS-1763_jpg.rf.81a2c5e8a518ad24ded67bba880d20cf.jpg,1,0,0,1,0.01
OTHERS-1764_jpg.rf.14df9ba29ca5f95db83da3b1789253f9.jpg,1,0,0,1,0.01
OTHERS-1765_jpg.rf.2078befc252d90e355c26712d760618f.jpg,1,0,0,1,0.01
OTHERS-1766_jpg.rf.9293a266eee4dcad3bc22f26ed8ec9c8.jpg,1,0,0,1,0.01
OTHERS-1767_jpg.rf.54a8f1afe2ace1f08e4ca958ad769961.jpg,1,0,0,1,0.01
OTHERS-1768_jpg.rf.431f7f5e17173ee29a2de27898cb74e3.jpg,0,1,0,1,0.01
OTHERS-1769_jpg.rf.3486096638c80e8be8cd68acd6d33f98.jpg,0,0,1,1,0.01
OTHERS-176_jpg.rf.dde4a5951a953afcdf9027a3f793cda6.jpg,1,0,0,1,0.01
OTHERS-1770_jpg.rf.2d0ec9c864fb2c258467788ddfb85266.jpg,1,0,0,1,0.01
OTHERS-1771_jpg.rf.0eeec21db41ef9c7caaab94aa69aec6b.jpg,1,0,0,1,0.01
OTHERS-1772_jpg.rf.dd0209d57757da1040e8bfe10400340d.jpg,1,0,0,1,0.01
OTHERS-1773_jpg.rf.75172ce55caf715581ebd5b6a7072cbc.jpg,1,0,0,1,0.01
OTHERS-1774_jpg.rf.b778fe0f474d1a25c0be25eaf878a736.jpg,1,0,0,1,0.01
OTHERS-1775_jpg.rf.72af70a9329d7644e2a03b5c117eb9f5.jpg,1,0,0,1,0.01
OTHERS-1776_jpg.rf.1e1e85de9f3bbd3d387e7619ca180d1c.jpg,1,0,0,1,0.01
OTHERS-1777_jpg.rf.503aea41b193df0efbad9a8c7e61341c.jpg,1,0,0,1,0.01
OTHERS-1778_jpg.rf.979551f42fca3d839c73c38e955f0f27.jpg,0,1,0,1,0.01
OTHERS-1779_jpg.rf.52524dcfbaf83e6fa4986511f28895ce.jpg,1,0,0,1,0.01
OTHERS-177_jpg.rf.af587a811e1088361087553084676559.jpg,0,1,0,1,0.01
OTHERS-1780_jpg.rf.478330992091d6a721f1b11bf7fbef1a.jpg,1,0,0,1,0.01
OTHERS-1781_jpg.rf.7a0067c5de7db0748a56adcc1a2d3180.jpg,1,0,0,1,0.01
OTHERS-1782_jpg.rf.af3e03f36a41a312474895953f01fcfa.jpg,0,1,0,1,0.01
OTHERS-1783_jpg.rf.b79f958c633e1601577bb21acb736ef1.jpg,1,0,0,1,0.01
OTHERS-1784_jpg.rf.121cc21fe11331b2202aea3656cb3ff7.jpg,0,1,0,1,0.01
OTHERS-1785_jpg.rf.ee782a4504397e3535343a9addee7f08.jpg,1,0,0,1,0.01
OTHERS-1786_jpg.rf.7caed50701cccf35309b36c3d33f4964.jpg,1,0,0,1,0.01
OTHERS-1787_jpg.rf.3f4f84db91efc91b429b61856a3cf2b1.jpg,0,0,1,1,0.01
OTHERS-1788_jpg.rf.6ba9eaddc1e3ae6e6e8e2921261281d5.jpg,1,0,0,1,0.01
OTHERS-1789_jpg.rf.65e39d4218934994b968810dae47d02f.jpg,1,0,0,1,0.01
OTHERS-178_jpg.rf.200f802092dfbf7d45723a8aee30de78.jpg,1,0,0,1,0.01
OTHERS-1790_jpg.rf.c7e8e34c4937776f8a5b408c9759dc00.jpg,1,0,0,1,0.01
OTHERS-1791_jpg.rf.dfd9da753f965360d2c252fa33e1e6a3.jpg,0,0,1,1,0.01
OTHERS-1792_jpg.rf.d9a7457225447877228bbe7a8663c8db.jpg,1,0,0,1,0.01
OTHERS-1793_jpg.rf.81060492ef04be4113ca7e42dd3a7fd9.jpg,1,0,0,1,0.01
OTHERS-1794_jpg.rf.87132e5982a3d258a75bdce372978d00.jpg,0,0,1,1,0.01
OTHERS-1795_jpg.rf.e10406eb5222615a82cfc1d92df66969.jpg,1,0,0,1,0.01
OTHERS-1796_jpg.rf.9b74f4eaa8209304f94562250167a317.jpg,1,0,0,1,0.01
OTHERS-1797_jpg.rf.98669e32da238d869dbcc0fd91452424.jpg,1,0,0,1,0.01
OTHERS-1798_jpg.rf.820d06971ef76ffba8f90caa4ce6a40c.jpg,1,0,0,1,0.01
OTHERS-1799_jpg.rf.146b80214476cf605cc1614e2b94d953.jpg,1,0,0,1,0.01
OTHERS-179_jpg.rf.081b42f5d7acb64993313b3d314e2fef.jpg,1,0,0,1,0.01
OTHERS-17_jpg.rf.2af4c265879258a0100c2702d274d8d0.jpg,1,0,0,1,0.01
OTHERS-17_jpg.rf.ea1fb654feb278eb43641f63c632bfef.jpg,0,0,1,1,0.01
OTHERS-1800_jpg.rf.04cae19ae4ba45d8d0b9b27e908674f0.jpg,1,0,0,1,0.01
OTHERS-1801_jpg.rf.147aef9f138df21905a2c1d8bdf04a95.jpg,0,0,1,1,0.01
OTHERS-1802_jpg.rf.84bc0f7ac2b3a3259fb08ae58f1879cd.jpg,1,0,0,1,0.01
OTHERS-1803_jpg.rf.d24c28b713883dd96860fa67c000094d.jpg,1,0,0,1,0.01
OTHERS-1804_jpg.rf.63dffb732b665c61fe51f1389147ad44.jpg,1,0,0,1,0.01
OTHERS-1805_jpg.rf.e7c2f0f5a1bf37df1dbd919934620798.jpg,1,0,0,1,0.01
OTHERS-1806_jpg.rf.4f799108b37da5e3a84d65e0abcff719.jpg,1,0,0,1,0.01
OTHERS-1807_jpg.rf.53e990a5876d06653ff64339c6be5dd2.jpg,1,0,0,1,0.01
OTHERS-1808_jpg.rf.8a282d71e232d6721b3a36ec87d5c76e.jpg,0,1,0,1,0.01
OTHERS-1809_jpg.rf.c926a2eb937f8a8f8cfa966bb8344cf7.jpg,1,0,0,1,0.01
OTHERS-180_jpg.rf.090b63d1cf68e8f429929c3113e42db4.jpg,1,0,0,1,0.01
OTHERS-180_jpg.rf.98c3f1d00a19c022e65448f2fc150cb3.jpg,1,0,0,1,0.01
OTHERS-1810_jpg.rf.666cb3ddaaf96da9ed949e6f1009cfce.jpg,0,0,1,1,0.01
OTHERS-1811_jpg.rf.44ca056aabdb3575dca52d6f3617ff10.jpg,1,0,0,1,0.01
OTHERS-1812_jpg.rf.64267c207663a420d3c822f40245fdd4.jpg,1,0,0,1,0.01
OTHERS-1813_jpg.rf.db67ddd25c423d4ddda4ba95d48305d4.jpg,1,0,0,1,0.01
OTHERS-1814_jpg.rf.926753d24a9c435e62797d3eea169ce4.jpg,1,0,0,1,0.01
OTHERS-1815_jpg.rf.e1534ad346bfc917e2573ba297a890ba.jpg,1,0,0,1,0.01
OTHERS-1816_jpg.rf.e88321fb69ca9c3d07c98f14d5bca870.jpg,1,0,0,1,0.01
OTHERS-1817_jpg.rf.de31f27498cfbf09a6b811a0cc60f701.jpg,1,0,0,1,0.01
OTHERS-1818_jpg.rf.be49d36b4c0facd0b1b1e74a311457c4.jpg,0,1,0,1,0.01
OTHERS-1819_jpg.rf.79dd88f01eb28574b5c05965a17a91a8.jpg,1,0,0,1,0.01
OTHERS-181_jpg.rf.00b2b2af83df3eea881f978eaeaba78e.jpg,1,0,0,1,0.01
OTHERS-1820_jpg.rf.bccc0f7cdc7db5979dbabb7bda2ddd6d.jpg,0,0,1,1,0.01
OTHERS-1821_jpg.rf.ad9493231acdddf800e07afecdc2abf0.jpg,1,0,0,1,0.01
OTHERS-1822_jpg.rf.f40d3108552bcd0c93dfac2da4bc31d4.jpg,1,0,0,1,0.01
OTHERS-1823_jpg.rf.f4a5081eedd9d151cc5bbc2e119a3595.jpg,1,0,0,1,0.01
OTHERS-1824_jpg.rf.14861c17c143193b458a47f14789a700.jpg,1,0,0,1,0.01
OTHERS-1825_jpg.rf.c9122b160065277d5ddb60c094cad9d2.jpg,1,0,0,1,0.01
OTHERS-1826_jpg.rf.9efc3c8b2139b9672350dcd0d073aeb7.jpg,1,0,0,1,0.01
OTHERS-1827_jpg.rf.e19efa30c78abd793c0651e7d9e3bde1.jpg,0,1,0,1,0.01
OTHERS-1828_jpg.rf.db715f443b8daf044eb2405ccf43c34a.jpg,1,0,0,1,0.01
OTHERS-1829_jpg.rf.d497c8162984af51e16c5698cf9b634e.jpg,0,0,1,1,0.01
OTHERS-182_jpg.rf.07e08c93f199a369a9f402ce203dc9d0.jpg,1,0,0,1,0.01
OTHERS-182_jpg.rf.3e543ce067d65c395b16b3cb32a1cbb1.jpg,1,0,0,1,0.01
OTHERS-1830_jpg.rf.9ff60fcaff6015c05fc95c1f6f92b38b.jpg,1,0,0,1,0.01
OTHERS-1831_jpg.rf.6c2b2db510019ef1f4d1299a1f935ea8.jpg,1,0,0,1,0.01
OTHERS-1832_jpg.rf.2f8434022d3a57950fc1c7eb850c2ae4.jpg,0,0,1,1,0.01
OTHERS-1833_jpg.rf.e37c05997cee9cc858ce5283705a1bb1.jpg,1,0,0,1,0.01
OTHERS-1834_jpg.rf.26c54903c76695ad26eb96f896a6b896.jpg,1,0,0,1,0.01
OTHERS-1835_jpg.rf.c7ac2847b2957cc69c67ac3aa88d7e5a.jpg,1,0,0,1,0.01
OTHERS-1836_jpg.rf.392e2fa5fd15b5da36decbb1a37b7268.jpg,1,0,0,1,0.01
OTHERS-1837_jpg.rf.782c9fd313a448189c8ae6095f8d14f1.jpg,1,0,0,1,0.01
OTHERS-1838_jpg.rf.a16c66bd6e9770dadee621102782b5be.jpg,1,0,0,1,0.01
OTHERS-1839_jpg.rf.3ac1543f8a32a4ad5444be76af55d2d3.jpg,0,0,1,1,0.01
OTHERS-183_jpg.rf.7d0eb29aa7366a4cf3739512de809f0f.jpg,1,0,0,1,0.01
OTHERS-183_jpg.rf.db082bbb484031a20e84c7bd3b89fe52.jpg,1,0,0,1,0.01
OTHERS-1840_jpg.rf.18666292a59e4c2c48c58b5d4a64a6e8.jpg,1,0,0,1,0.01
OTHERS-1841_jpg.rf.570b6f1e85cbd3464f6a8c5f42131196.jpg,1,0,0,1,0.01
OTHERS-1842_jpg.rf.b2ccdd91bbd48013ca75e5edc776cd8a.jpg,1,0,0,1,0.01
OTHERS-1843_jpg.rf.b8a733e04548a2d6027d41f9acd9acd1.jpg,0,0,1,1,0.01
OTHERS-1844_jpg.rf.9f02aa2353d2436e2ae1023fbff3dee7.jpg,0,0,1,1,0.01
OTHERS-1845_jpg.rf.33e5cd3ed1b38bce1eac468a459e7b67.jpg,1,0,0,1,0.01
OTHERS-1846_jpg.rf.62869052f7e7ca31addad9289ebd3ab7.jpg,1,0,0,1,0.01
OTHERS-1847_jpg.rf.f8faf1ad01cab68404afc385781760fb.jpg,1,0,0,1,0.01
OTHERS-1848_jpg.rf.1d75e0fe9d214a9b853f1bd53c4268b7.jpg,1,0,0,1,0.01
OTHERS-1849_jpg.rf.1483d39399e2c83e3125c2d03ca77a8f.jpg,0,0,1,1,0.01
OTHERS-184_jpg.rf.77fa1ff0b288b8534f2031d11c023d7c.jpg,1,0,0,1,0.01
OTHERS-184_jpg.rf.87b0b575e839da1584c611ef1516b538.jpg,1,0,0,1,0.01
OTHERS-1850_jpg.rf.8558407b1023343bf5079e7211afadfd.jpg,0,0,1,1,0.01
OTHERS-1851_jpg.rf.d8f389abb682fb2fa267db73bdaca90c.jpg,1,0,0,1,0.01
OTHERS-1852_jpg.rf.c4d165f314b7780052d3d691023085d5.jpg,1,0,0,1,0.01
OTHERS-1853_jpg.rf.fbca7c3555f6f41360da7d7b5d798a78.jpg,1,0,0,1,0.01
OTHERS-1854_jpg.rf.bebf7a14b3b40da8607184af5721965c.jpg,1,0,0,1,0.01
OTHERS-1855_jpg.rf.57abed48844605c0af9ae7c5c54e0dd8.jpg,1,0,0,1,0.01
OTHERS-1856_jpg.rf.8fb62fc91974f938f2b086529e027794.jpg,1,0,0,1,0.01
OTHERS-1857_jpg.rf.70c06990dbecdd689ad9352f207e1f36.jpg,1,0,0,1,0.01
OTHERS-1858_jpg.rf.42f7d24f672fa9500ec6613bbc11dabd.jpg,0,1,0,1,0.01
OTHERS-1859_jpg.rf.7b14dd66f32fb6852b62f88743d93c10.jpg,1,0,0,1,0.01
OTHERS-185_jpg.rf.325a12f49bdbdf5679b968d3818a74e8.jpg,1,0,0,1,0.01
OTHERS-185_jpg.rf.d9f449b15318cefc6b5c3ce2f7a706ea.jpg,0,0,1,1,0.01
OTHERS-1860_jpg.rf.91166639db7081e1223b224b7d83dff0.jpg,1,0,0,1,0.01
OTHERS-1861_jpg.rf.9d6f1337cb757d6521aa6d036639dbdd.jpg,1,0,0,1,0.01
OTHERS-1862_jpg.rf.36d60c1138e6dcb6be05bae3e2cafb18.jpg,1,0,0,1,0.01
OTHERS-1863_jpg.rf.7ef7c246005d843ea7b1dfdf72c074ee.jpg,0,0,1,1,0.01
OTHERS-1864_jpg.rf.11612c533070dd33e3703368183d5bf2.jpg,1,0,0,1,0.01
OTHERS-1865_jpg.rf.251ce589f400f72a985fc6be06e7091d.jpg,0,0,1,1,0.01
OTHERS-1866_jpg.rf.c3f5b7718e6bccc50b738c62673e81a8.jpg,1,0,0,1,0.01
OTHERS-1867_jpg.rf.22929965e091d6fe5fc6ba5ee6cf346b.jpg,1,0,0,1,0.01
OTHERS-1868_jpg.rf.4d01e542c5ca4a18a50d3b70f8e6e13c.jpg,1,0,0,1,0.01
OTHERS-1869_jpg.rf.d5eca76e38647e6d10c9d0cc162760d3.jpg,1,0,0,1,0.01
OTHERS-186_jpg.rf.1c7177d5f4de5f9644813f5231fefee1.jpg,0,0,1,1,0.01
OTHERS-186_jpg.rf.b32b8cef01321207d0731ae52311ff5e.jpg,0,1,0,1,0.01
OTHERS-1870_jpg.rf.4a20699c00b9f0ee43fd67ca380ee4ba.jpg,1,0,0,1,0.01
OTHERS-1871_jpg.rf.28f87047834912598008f16e7ab42fd0.jpg,1,0,0,1,0.01
OTHERS-1872_jpg.rf.75ae1e8c3ffae76d7e1fdd63d4220196.jpg,1,0,0,1,0.01
OTHERS-1873_jpg.rf.b4827185f0bbb908541a43f780e77e6a.jpg,1,0,0,1,0.01
OTHERS-1874_jpg.rf.1ca00d05f7c9401ea111255961237479.jpg,1,0,0,1,0.01
OTHERS-1875_jpg.rf.100192e5c41ff80f695e3911b0881af7.jpg,1,0,0,1,0.01
OTHERS-1876_jpg.rf.1ed4c2d84d1dd9342f6e0654a69df3ae.jpg,0,0,1,1,0.01
OTHERS-1877_jpg.rf.0dad7451cae7482214d070de2960f2a8.jpg,1,0,0,1,0.01
OTHERS-1878_jpg.rf.53c963f2a64a2fd623ac86cef22ffda4.jpg,1,0,0,1,0.01
OTHERS-1879_jpg.rf.aa8bd65b3d9ec4014219bbf01d35f0d8.jpg,0,0,1,1,0.01
OTHERS-187_jpg.rf.499afa9856bc0d4ca00bec37488015c8.jpg,1,0,0,1,0.01
OTHERS-1880_jpg.rf.5b2a6fb00ced4c2eff152364efc92572.jpg,1,0,0,1,0.01
OTHERS-1881_jpg.rf.336a13d0ec4606ad1e1bcc5a6b19a344.jpg,0,0,1,1,0.01
OTHERS-1882_jpg.rf.1169db2bfcb408e2d7c380dbb887073f.jpg,1,0,0,1,0.01
OTHERS-1883_jpg.rf.bde6bbb6c3426e375433c391e2fb4b66.jpg,1,0,0,1,0.01
OTHERS-1884_jpg.rf.557e9e6d9d20d015a4d54056a2d33441.jpg,1,0,0,1,0.01
OTHERS-1885_jpg.rf.9c235e0ac6256ce9d7819cd0ddc198be.jpg,1,0,0,1,0.01
OTHERS-1886_jpg.rf.de1c339f38ecded10a3e69de09bf62e9.jpg,1,0,0,1,0.01
OTHERS-1887_jpg.rf.9206590da41ee137c28c95859b516e5f.jpg,1,0,0,1,0.01
OTHERS-1888_jpg.rf.43e5900507c2b1d04bae82e505a18f16.jpg,0,1,0,1,0.01
OTHERS-1889_jpg.rf.3b13eb553dd72969d7ded2adfe231fc8.jpg,0,0,1,1,0.01
OTHERS-188_jpg.rf.34ea52dc589190207f200eb0f54eb831.jpg,1,0,0,1,0.01
OTHERS-1890_jpg.rf.a7022fb8e60acd62cd885f3f61423053.jpg,1,0,0,1,0.01
OTHERS-1891_jpg.rf.fece6de89ff4bbad955f05e81ce395e6.jpg,1,0,0,1,0.01
OTHERS-1892_jpg.rf.f222c3e168bc48a042ccc299d67c762a.jpg,0,1,0,1,0.01
OTHERS-1893_jpg.rf.d1e52949fc56c66803310db7ee16805e.jpg,1,0,0,1,0.01
OTHERS-1894_jpg.rf.9aba70bc595f6f7d67ded5fdc6e605f0.jpg,0,0,1,1,0.01
OTHERS-1895_jpg.rf.c4444f3a9718c65ce315234f5d9b1405.jpg,1,0,0,1,0.01
OTHERS-1896_jpg.rf.4e3c342e3e0c6c30ec71b98052778181.jpg,1,0,0,1,0.01
OTHERS-1897_jpg.rf.9a58458ccb5312adaf40003ec680beb7.jpg,1,0,0,1,0.01
OTHERS-1898_jpg.rf.2f3d257e3f35cf44feb058a2e710ff45.jpg,1,0,0,1,0.01
OTHERS-1899_jpg.rf.a07d1f3b3d20a6b6979900480b751402.jpg,0,0,1,1,0.01
OTHERS-189_jpg.rf.d2cb54db84190b2a1a7abe5bac92ce82.jpg,1,0,0,1,0.01
OTHERS-18_jpg.rf.896bab6fa97e81f70c4e8e4e59555257.jpg,1,0,0,1,0.01
OTHERS-18_jpg.rf.b497c07b8ef96e96a6dd9e1e3db398b2.jpg,1,0,0,1,0.01
OTHERS-1900_jpg.rf.9fd6c6ff1ab3ac7bf5153153fd88420c.jpg,1,0,0,1,0.01
OTHERS-1901_jpg.rf.87861ae4580ccc0ba2017858aaec535d.jpg,1,0,0,1,0.01
OTHERS-1902_jpg.rf.f4fbea288fe32b2736d787958e597bc1.jpg,1,0,0,1,0.01
OTHERS-1903_jpg.rf.cf49f8729a34999c39716e2e5066a972.jpg,0,1,0,1,0.01
OTHERS-1904_jpg.rf.491a592c76903e95c52b19a35b566712.jpg,1,0,0,1,0.01
OTHERS-1905_jpg.rf.8a2c3fa9b0e5ba0f4028e9734dfba5b4.jpg,0,0,1,1,0.01
OTHERS-1906_jpg.rf.8589c5bec7499cb714382447eeb34354.jpg,0,1,0,1,0.01
OTHERS-1907_jpg.rf.8d01c4524801699f2ebd1e3f748d29f3.jpg,1,0,0,1,0.01
OTHERS-1908_jpg.rf.1e5c28636292c28a619f1e568481de1b.jpg,1,0,0,1,0.01
OTHERS-1909_jpg.rf.878e2e90abaee441e473536f1b2ee952.jpg,1,0,0,1,0.01
OTHERS-190_jpg.rf.3e030107a7715ae32a9b8f18b1bd01e2.jpg,1,0,0,1,0.01
OTHERS-1910_jpg.rf.bb830f398063473aaf059eb6a1f140be.jpg,1,0,0,1,0.01
OTHERS-1911_jpg.rf.9bad946c6e1a09102ecd61816007082a.jpg,1,0,0,1,0.01
OTHERS-1912_jpg.rf.961354119d215bc5a1d51f23b8ce9b80.jpg,1,0,0,1,0.01
OTHERS-1913_jpg.rf.0f27155394f4f78f0c98a4b5c82b1561.jpg,0,1,0,1,0.01
OTHERS-1914_jpg.rf.89c4812dea45a78fdf04bd569d84907a.jpg,1,0,0,1,0.01
OTHERS-1915_jpg.rf.bfcadcd8fd20865cba6b9f52952d5d77.jpg,1,0,0,1,0.01
OTHERS-1916_jpg.rf.8fe500887dc89aaff782162c5acd9fbf.jpg,1,0,0,1,0.01
OTHERS-1917_jpg.rf.be3edeb8bb70a39497bba70cbcaf088b.jpg,1,0,0,1,0.01
OTHERS-1918_jpg.rf.088365c0f1a05f39fd4daf8689d62688.jpg,1,0,0,1,0.01
OTHERS-1919_jpg.rf.ba700663297e719bac998c59f171a748.jpg,1,0,0,1,0.01
OTHERS-191_jpg.rf.0abf92c370664405aec61922b1b9f240.jpg,1,0,0,1,0.01
OTHERS-191_jpg.rf.c96fcb6108f58bfe44b4d3fe2193c2d4.jpg,1,0,0,1,0.01
OTHERS-1920_jpg.rf.0a159aef3ad6f7c8d3a2c7c7ad2aaa2d.jpg,1,0,0,1,0.01
OTHERS-1921_jpg.rf.caddbf0fa73b6fade96a79834e99e3d9.jpg,1,0,0,1,0.01
OTHERS-1922_jpg.rf.55fc87ae07ae51c522711458340d6ea4.jpg,0,0,1,1,0.01
OTHERS-1923_jpg.rf.fd3343af62f5188c475ae59ffdc2ef5a.jpg,1,0,0,1,0.01
OTHERS-1924_jpg.rf.c78ed24258d55f2f5a6ea1e8139c7d45.jpg,1,0,0,1,0.01
OTHERS-1925_jpg.rf.8d224ba18f371807ce7cca5d77130f36.jpg,0,1,0,1,0.01
OTHERS-1926_jpg.rf.10a14de5228ddf0681f60cefc64327db.jpg,1,0,0,1,0.01
OTHERS-1927_jpg.rf.ec07373514b2cc25070bedeb0763d68f.jpg,1,0,0,1,0.01
OTHERS-1928_jpg.rf.a58ca6ea0f23028e240559dc70694303.jpg,1,0,0,1,0.01
OTHERS-1929_jpg.rf.77fadd9f514379b8d6236b99129d9de3.jpg,1,0,0,1,0.01
OTHERS-192_jpg.rf.6d94ace37a22ba4418db1c380f404a04.jpg,1,0,0,1,0.01
OTHERS-192_jpg.rf.f55142afe13d3aaf90792cf8e041c67a.jpg,1,0,0,1,0.01
OTHERS-1930_jpg.rf.0329d6a8577f4fe4fc165f24b7d432a1.jpg,1,0,0,1,0.01
OTHERS-1931_jpg.rf.8e0701966200fa0c94ca1038ebb68a40.jpg,0,1,0,1,0.01
OTHERS-1932_jpg.rf.b7a6ee9359a35b615834348447c16d4b.jpg,1,0,0,1,0.01
OTHERS-1933_jpg.rf.64931860a2524d0c74e989e47efa346d.jpg,0,0,1,1,0.01
OTHERS-1934_jpg.rf.be268cf87a69924a11cc2d0919c045d1.jpg,1,0,0,1,0.01
OTHERS-1935_jpg.rf.ae4da135badba49bf217908d7c1372cf.jpg,0,1,0,1,0.01
OTHERS-1936_jpg.rf.03113f2d5e9ec7b51851846994b244d2.jpg,1,0,0,1,0.01
OTHERS-1937_jpg.rf.56f75772602ac1a93e77ed41444cdb03.jpg,1,0,0,1,0.01
OTHERS-1938_jpg.rf.f3c0317ff94309a6add0dccb8434144d.jpg,1,0,0,1,0.01
OTHERS-1939_jpg.rf.b7704b11b53effea7c0ec040c9773e22.jpg,0,0,1,1,0.01
OTHERS-193_jpg.rf.cad6b7f33d6280a9ddca4875187bdc32.jpg,1,0,0,1,0.01
OTHERS-193_jpg.rf.f8748f37371eeb223823b55a06df369c.jpg,1,0,0,1,0.01
OTHERS-1940_jpg.rf.de8da5c07822380982bd666a6583d698.jpg,1,0,0,1,0.01
OTHERS-1941_jpg.rf.fd6763fc0b68088713280b43377cc528.jpg,1,0,0,1,0.01
OTHERS-1942_jpg.rf.90ae9b201e6f13f41156d2052c41e3e8.jpg,1,0,0,1,0.01
OTHERS-1943_jpg.rf.bd1190c51cc78f4d24b174e1f4e72b53.jpg,0,0,1,1,0.01
OTHERS-1944_jpg.rf.a0a9d64b827b1bc340f3ba3da1191e1f.jpg,0,1,0,1,0.01
OTHERS-1945_jpg.rf.03dd753ab0a3b2d005cd31319152b97e.jpg,0,1,0,1,0.01
OTHERS-1946_jpg.rf.1db0ecdadecfbf4b6c54a5a79c414f78.jpg,1,0,0,1,0.01
OTHERS-1947_jpg.rf.da1ad7f98f6aa4b55448290cf8fa1981.jpg,1,0,0,1,0.01
OTHERS-1948_jpg.rf.8274969e7caee7f823bc5f2cfdb3ac60.jpg,1,0,0,1,0.01
OTHERS-1949_jpg.rf.f177a4989a7451de279e4ce69192dac4.jpg,1,0,0,1,0.01
OTHERS-194_jpg.rf.012c862f21e9b641185d0066dc708005.jpg,0,0,1,1,0.01
OTHERS-194_jpg.rf.7720aee4300d76f3c6ddd60063127b15.jpg,1,0,0,1,0.01
OTHERS-1950_jpg.rf.891a5c13a36ef16cb7b7f074e6b50bb8.jpg,1,0,0,1,0.01
OTHERS-1951_jpg.rf.a47670283897761e5dd3aec3330dfd83.jpg,1,0,0,1,0.01
OTHERS-1952_jpg.rf.2566bc4254ddb08a4c562523ac67675e.jpg,1,0,0,1,0.01
OTHERS-1953_jpg.rf.6d9805176511a0685e9d988fde966905.jpg,1,0,0,1,0.01
OTHERS-1954_jpg.rf.970400e18c0353d04b4c4fbc351b979d.jpg,1,0,0,1,0.01
OTHERS-1955_jpg.rf.330af95c04f34c1144bea7f7ba5cc17d.jpg,0,0,1,1,0.01
OTHERS-1956_jpg.rf.3216053f650fa733a9ce91055d7f96ba.jpg,1,0,0,1,0.01
OTHERS-1957_jpg.rf.e106926eeb90622c45cdcea4ee9ff59e.jpg,1,0,0,1,0.01
OTHERS-1958_jpg.rf.54e115fe4cfc13f8098885228de9eb22.jpg,1,0,0,1,0.01
OTHERS-1959_jpg.rf.9e1d0cebaf1bd220ebce1c0a76878e36.jpg,0,0,1,1,0.01
OTHERS-195_jpg.rf.8646e29388f7c0886607478be1b61160.jpg,1,0,0,1,0.01
OTHERS-195_jpg.rf.e7aa4de531849469c8aa7bb4de583c2e.jpg,1,0,0,1,0.01
OTHERS-1960_jpg.rf.cc11041c1530552792272a5bd4413967.jpg,1,0,0,1,0.01
OTHERS-1961_jpg.rf.90c01718b5ddff97bd95f42b12eed1b0.jpg,1,0,0,1,0.01
OTHERS-1962_jpg.rf.50ef2544555fa6e33f822d4c1e6de031.jpg,0,1,0,1,0.01
OTHERS-1963_jpg.rf.9e5cfcea578f85d99bb7dde112a13fe5.jpg,1,0,0,1,0.01
OTHERS-1964_jpg.rf.3c2976352489a0d0336c146f649528e9.jpg,1,0,0,1,0.01
OTHERS-1965_jpg.rf.8308a7eb87f069195d2eb67e7a55aed8.jpg,1,0,0,1,0.01
OTHERS-1966_jpg.rf.343a2d5d213a351112631cc86a6cc95b.jpg,1,0,0,1,0.01
OTHERS-1967_jpg.rf.ebd48f168799026716315f1d0b3884af.jpg,0,0,1,1,0.01
OTHERS-1968_jpg.rf.7633a54d42d0cc4ac2b746a2eaf77431.jpg,1,0,0,1,0.01
OTHERS-1969_jpg.rf.ab6d0df3426e55ad2d99902596972b4c.jpg,0,0,1,1,0.01
OTHERS-196_jpg.rf.61ec81aac0e494c3c71d2df97e668b7d.jpg,0,1,0,1,0.01
OTHERS-196_jpg.rf.e0d7116f38586728b302220f09239e64.jpg,1,0,0,1,0.01
OTHERS-1970_jpg.rf.3ea159b174c306c7312e2745d1bbfda3.jpg,1,0,0,1,0.01
OTHERS-1971_jpg.rf.3f58bef7a299da2c9e0ed13446ef113f.jpg,1,0,0,1,0.01
OTHERS-1972_jpg.rf.4caeb54741b9ca26e9218c433b4431d1.jpg,1,0,0,1,0.01
OTHERS-1973_jpg.rf.b77bc6867c79b7c65349728949c25d20.jpg,0,0,1,1,0.01
OTHERS-1974_jpg.rf.0272915413721d71e4dd3e49f1292b02.jpg,1,0,0,1,0.01
OTHERS-1975_jpg.rf.788238102f1873e5d467223df26f9cfc.jpg,0,1,0,1,0.01
OTHERS-1976_jpg.rf.52647dd708286a5301325a0fd05ac6ec.jpg,1,0,0,1,0.01
OTHERS-1977_jpg.rf.abc5b46ae411bf74e067f6c0045093b1.jpg,1,0,0,1,0.01
OTHERS-1978_jpg.rf.cb64232f1f72583f45ffefd120731e80.jpg,1,0,0,1,0.01
OTHERS-1979_jpg.rf.c284217db166e6b6c04f39aa085220f9.jpg,1,0,0,1,0.01
OTHERS-197_jpg.rf.45c5a9a25160677a2bf8860a3bb1fafe.jpg,1,0,0,1,0.01
OTHERS-197_jpg.rf.88aab752e9cf791a693a97aa3c5c5205.jpg,1,0,0,1,0.01
OTHERS-1980_jpg.rf.6668e45185f1a634a63ae77e5562078d.jpg,1,0,0,1,0.01
OTHERS-1981_jpg.rf.c99a06a9b38430e42c7aa0c85d820aac.jpg,1,0,0,1,0.01
OTHERS-1982_jpg.rf.76c9642686fa44e07157734ad041b2c7.jpg,0,0,1,1,0.01
OTHERS-1983_jpg.rf.62fd386b802e25c0698d521efe74bfc3.jpg,1,0,0,1,0.01
OTHERS-1984_jpg.rf.d3d8771f0d3170bb08c8312a3af53a05.jpg,1,0,0,1,0.01
OTHERS-1985_jpg.rf.3a15b606280f48f5ef0a5923050e7022.jpg,1,0,0,1,0.01
OTHERS-1986_jpg.rf.6f509e48491dd99b19bbd8cb586a0142.jpg,1,0,0,1,0.01
OTHERS-1987_jpg.rf.bb28d9daf2f90a9f85db10ae5badbf48.jpg,0,1,0,1,0.01
OTHERS-1988_jpg.rf.10d71ce7068d8ad10e13ca4192cbf704.jpg,1,0,0,1,0.01
OTHERS-1989_jpg.rf.e711841e9d52f68e0179e26f89dc9feb.jpg,1,0,0,1,0.01
OTHERS-198_jpg.rf.7f44d863f649310d325b7b73525ce494.jpg,1,0,0,1,0.01
OTHERS-198_jpg.rf.c52feb242d31b485044383b57c75a102.jpg,1,0,0,1,0.01
OTHERS-1990_jpg.rf.21f0a8a4b9b4cf936225649315f4e77c.jpg,1,0,0,1,0.01
OTHERS-1991_jpg.rf.7e8bde71fbcc8db524a5c801b914ff68.jpg,0,0,1,1,0.01
OTHERS-1992_jpg.rf.bb0ab93a14bd3b25374774b5480b4970.jpg,1,0,0,1,0.01
OTHERS-1993_jpg.rf.d6d1e0afe1a030ba124ff6cfaff56fdb.jpg,1,0,0,1,0.01
OTHERS-1994_jpg.rf.03e517b2cf349585e4563d99537b7a51.jpg,1,0,0,1,0.01
OTHERS-1995_jpg.rf.be9b574686d2ac577fddcb0f52ec106f.jpg,1,0,0,1,0.01
OTHERS-1996_jpg.rf.a8bf735e8f5287ed4b54fabe58753ff2.jpg,0,0,1,1,0.01
OTHERS-1997_jpg.rf.f1ab5b11ccdb3ee88eb076bcd31bdb49.jpg,0,0,1,1,0.01
OTHERS-1998_jpg.rf.77e354b3e2a68b7fb5abeffcc4308938.jpg,1,0,0,1,0.01
OTHERS-1999_jpg.rf.82dda80a8c6fc1e2a06d78bae1392d3c.jpg,1,0,0,1,0.01
OTHERS-199_jpg.rf.48223def1223f8506d019d143f93af15.jpg,1,0,0,1,0.01
OTHERS-199_jpg.rf.ba446564fb43a9b1d3f55faedc779738.jpg,1,0,0,1,0.01
OTHERS-19_jpg.rf.0f1898e074c40c02d5011c5670efc212.jpg,1,0,0,1,0.01
OTHERS-19_jpg.rf.1361cdf3736b7ad92072e9d921d906cf.jpg,1,0,0,1,0.01
OTHERS-1_jpg.rf.2b14e7e1e0042af19b13a30232a99a2f.jpg,1,0,0,1,0.01
OTHERS-1_jpg.rf.d14cc2aaec783d1716947860e4d545d6.jpg,1,0,0,1,0.01
OTHERS-2000_jpg.rf.ed0e499193b926bfa1f86a9820316842.jpg,1,0,0,1,0.01
OTHERS-2001_jpg.rf.6b457e53fdc1cead870f62abdaf15a0c.jpg,1,0,0,1,0.01
OTHERS-2002_jpg.rf.295d974b8e7ad6c9dcfe4a1c8dbc8f29.jpg,0,0,1,1,0.01
OTHERS-2003_jpg.rf.d922ef6f03752fcbb18b121bfcb0fc23.jpg,1,0,0,1,0.01
OTHERS-2004_jpg.rf.7ab0ce967cec3fb5449bed3a1ec1af10.jpg,0,1,0,1,0.01
OTHERS-2005_jpg.rf.0714b187285a1d567fc15f8f7e7e61fe.jpg,0,0,1,1,0.01
OTHERS-2006_jpg.rf.4377ddec26d31385e1ddfaa37f6ba8d2.jpg,1,0,0,1,0.01
OTHERS-2007_jpg.rf.6154d0f5b2989007ba51747d30517fb7.jpg,0,0,1,1,0.01
OTHERS-2008_jpg.rf.86c6046457a932522efba85b1e7aa5c4.jpg,1,0,0,1,0.01
OTHERS-2009_jpg.rf.20d7a5a75e819c776284557157560fb9.jpg,1,0,0,1,0.01
OTHERS-200_jpg.rf.2ce8352a22bfdd3a4ba792e92d097f0a.jpg,0,1,0,1,0.01
OTHERS-200_jpg.rf.69d5b462567baf440bbb0b5595ac2d8e.jpg,1,0,0,1,0.01
OTHERS-2010_jpg.rf.49cb72bba28ca0cc81ea5b8cdf694b81.jpg,0,1,0,1,0.01
OTHERS-2011_jpg.rf.ba47085c55aa7fe6e6dab51d7af121a2.jpg,1,0,0,1,0.01
OTHERS-2012_jpg.rf.a4a5cf9e44e1e7b69861bf031e1fe981.jpg,0,1,0,1,0.01
OTHERS-2013_jpg.rf.ed1bb8487ee2b9f1648569a94c9f0923.jpg,1,0,0,1,0.01
OTHERS-2014_jpg.rf.f2dfb803ea62d8bb6586c692fab2abc1.jpg,1,0,0,1,0.01
OTHERS-2015_jpg.rf.23e86be0da4755883d813d76e2b6da07.jpg,1,0,0,1,0.01
OTHERS-2016_jpg.rf.da93e8a29b413ca093d553bcc751b888.jpg,1,0,0,1,0.01
OTHERS-2017_jpg.rf.daa82fcf911d52de9ba800ef40778d2b.jpg,1,0,0,1,0.01
OTHERS-2018_jpg.rf.60012d64c39057f861a88ecd09535350.jpg,0,0,1,1,0.01
OTHERS-2019_jpg.rf.09765f66cc308079758ccad9995ae2a7.jpg,1,0,0,1,0.01
OTHERS-201_jpg.rf.67c6c86bfeaf66d882b22733ab378923.jpg,1,0,0,1,0.01
OTHERS-201_jpg.rf.73a3b79de658046e0a1c18fddfb25183.jpg,1,0,0,1,0.01
OTHERS-2020_jpg.rf.7ed45408dbf4f517a5545ada8ff8a3c4.jpg,1,0,0,1,0.01
OTHERS-2021_jpg.rf.5ddeab3ffb0992b71decbf967c422c36.jpg,1,0,0,1,0.01
OTHERS-2022_jpg.rf.b8b7dcdc5a75eed7c88c65b59be18cec.jpg,0,0,1,1,0.01
OTHERS-2023_jpg.rf.7294d7646a1f74b5a66cbe80084fd531.jpg,1,0,0,1,0.01
OTHERS-2024_jpg.rf.56bf848e24d3c5b48afea037bb9cc244.jpg,1,0,0,1,0.01
OTHERS-2025_jpg.rf.39b4abf3fc2c88d9c5d06a7329d4c345.jpg,1,0,0,1,0.01
OTHERS-2026_jpg.rf.eca857065682033506b1e863dfb9b642.jpg,1,0,0,1,0.01
OTHERS-2027_jpg.rf.edbd33332b0d29e1ecde5fbf99101168.jpg,0,1,0,1,0.01
OTHERS-2028_jpg.rf.dcf654599a2922b4063138764cdf41fb.jpg,0,1,0,1,0.01
OTHERS-2029_jpg.rf.3ef2f9507298d05707ddde2c56a13410.jpg,1,0,0,1,0.01
OTHERS-202_jpg.rf.7e18dec9037d80d720860ccca20958c4.jpg,1,0,0,1,0.01
OTHERS-202_jpg.rf.ddb7c685b43c68ea613b8171cc3fbf45.jpg,1,0,0,1,0.01
OTHERS-2030_jpg.rf.a8d97cc195cf6078d9be2c4e0410dba3.jpg,0,0,1,1,0.01
OTHERS-2031_jpg.rf.b3b7ac81cfd95df84333091de28d2cab.jpg,0,1,0,1,0.01
OTHERS-2032_jpg.rf.14654dd4e2451099f6d61ed24bb7d070.jpg,0,0,1,1,0.01
OTHERS-2033_jpg.rf.6fda549f835e9639251b822d22beac44.jpg,0,0,1,1,0.01
OTHERS-2034_jpg.rf.6827dfd386a1973406ace4e2ea362774.jpg,0,0,1,1,0.01
OTHERS-2035_jpg.rf.fbdab670ef4ce15f365d6588527448fa.jpg,1,0,0,1,0.01
OTHERS-2036_jpg.rf.b8c707cfab0f45ec8301a1ed75e7ccb3.jpg,1,0,0,1,0.01
OTHERS-2037_jpg.rf.b6ee79f3b03973cba6d34cda98288246.jpg,1,0,0,1,0.01
OTHERS-2038_jpg.rf.0cef310db1cd6b00f99ebf04caad7533.jpg,1,0,0,1,0.01
OTHERS-2039_jpg.rf.d41d2bb9a2824c8b51cb619dbe5ff5eb.jpg,1,0,0,1,0.01
OTHERS-203_jpg.rf.0f7742a29336a276bdeebc3a3e6bc888.jpg,0,0,1,1,0.01
OTHERS-203_jpg.rf.7fc4ca6682469732b4dc2f4a136c5006.jpg,1,0,0,1,0.01
OTHERS-2040_jpg.rf.f438f5fa8c5d9cfbde22800135842ca9.jpg,0,0,1,1,0.01
OTHERS-2041_jpg.rf.893826e0af30b998cb1c568f894f99c5.jpg,0,0,1,1,0.01
OTHERS-2042_jpg.rf.2c1da6cb61d86a2aa7b91b43a5b5bb17.jpg,1,0,0,1,0.01
OTHERS-2043_jpg.rf.fa5b1204039f2ffd4b9a654ee2128c31.jpg,1,0,0,1,0.01
OTHERS-2044_jpg.rf.7eb206e0e70e5210b4fa3b29bbd8b01a.jpg,1,0,0,1,0.01
OTHERS-2045_jpg.rf.0821bf368e8d29eb1476bc4f00090769.jpg,1,0,0,1,0.01
OTHERS-2046_jpg.rf.19ed883a10dd743935216597194c3cc0.jpg,1,0,0,1,0.01
OTHERS-2047_jpg.rf.8a32cf4878b12eb21200532377495531.jpg,1,0,0,1,0.01
OTHERS-2048_jpg.rf.8b65ed1341861af62a1464bb42ea207e.jpg,1,0,0,1,0.01
OTHERS-2049_jpg.rf.1347def172405b4bdab732815fa6a3c9.jpg,0,0,1,1,0.01
OTHERS-204_jpg.rf.e85973c8723cf6e68bb4ca28855251a8.jpg,0,1,0,1,0.01
OTHERS-204_jpg.rf.fef11de0727e8dd944c6f3f756caa079.jpg,1,0,0,1,0.01
OTHERS-2050_jpg.rf.5f78e1c307d6a68850c799e1754d7894.jpg,0,0,1,1,0.01
OTHERS-2051_jpg.rf.7952744867bea1e0183104ed15cba102.jpg,0,1,0,1,0.01
OTHERS-2052_jpg.rf.170816aa2eba9805d7c356a27bc171c5.jpg,1,0,0,1,0.01
OTHERS-2053_jpg.rf.dad9724746462fcc18dff73766d03b78.jpg,1,0,0,1,0.01
OTHERS-2054_jpg.rf.8d51251e0e170e64a10cc9f468cfed10.jpg,1,0,0,1,0.01
OTHERS-2055_jpg.rf.e33475db823ee3b58609f40f08006112.jpg,1,0,0,1,0.01
OTHERS-2056_jpg.rf.2d11a111dfd5a5c674bf9f7b9595ac2a.jpg,1,0,0,1,0.01
OTHERS-2057_jpg.rf.0c9c38f638e33a055d0bb190fd7d824c.jpg,0,1,0,1,0.01
OTHERS-2058_jpg.rf.db6c6a5ecd8b7665d9004ea25bdf95f5.jpg,1,0,0,1,0.01
OTHERS-2059_jpg.rf.b05caa06326dca8337cc65a75b5138c5.jpg,1,0,0,1,0.01
OTHERS-205_jpg.rf.67a32e6a9d28393370750084d68504e5.jpg,0,0,1,1,0.01
OTHERS-205_jpg.rf.a18c3e4353a12967a6ce87c042286514.jpg,0,0,1,1,0.01
OTHERS-2060_jpg.rf.2a02062a24249cd9cfd35aeea9a83310.jpg,1,0,0,1,0.01
OTHERS-2061_jpg.rf.0c42d05a1a9897683c49048f00bb4cdb.jpg,0,1,0,1,0.01
OTHERS-2062_jpg.rf.7f266934e2edbb81d566f66db5a82d56.jpg,1,0,0,1,0.01
OTHERS-2063_jpg.rf.22c9f910a17b839203fa58db47f2de86.jpg,1,0,0,1,0.01
OTHERS-2064_jpg.rf.416a5d2d920ba1acb44e0ce66d8750b0.jpg,1,0,0,1,0.01
OTHERS-2065_jpg.rf.e22236ae873755b47ec7180545f2363b.jpg,1,0,0,1,0.01
OTHERS-2066_jpg.rf.d88642ed8c27770e540a805e94fbc027.jpg,1,0,0,1,0.01
OTHERS-2067_jpg.rf.34457b9ba394a3c6d9ec6f6f46d8aa4e.jpg,1,0,0,1,0.01
OTHERS-2068_jpg.rf.e59e4a383d91de29a7587dddc30d1546.jpg,1,0,0,1,0.01
OTHERS-2069_jpg.rf.06d56674ec541444a4e7e66b8a92b7a7.jpg,1,0,0,1,0.01
OTHERS-206_jpg.rf.25467e85b49ded553c90629ac8fd9f87.jpg,1,0,0,1,0.01
OTHERS-206_jpg.rf.eaed031290303c0f0b90dfa65dc4b525.jpg,1,0,0,1,0.01
OTHERS-2070_jpg.rf.d0f0c35c41f20fbfaa4ef852d0c15eb0.jpg,1,0,0,1,0.01
OTHERS-2071_jpg.rf.b6f3c99d52a78fd6d634c333411c1a8b.jpg,1,0,0,1,0.01
OTHERS-2072_jpg.rf.496ae88dac42801e1634d2ba09abf11a.jpg,1,0,0,1,0.01
OTHERS-2073_jpg.rf.ddc110a2ad477e9f58a6cbbd21b813b7.jpg,1,0,0,1,0.01
OTHERS-2074_jpg.rf.504117782b3df61e62358e63cd75833f.jpg,0,0,1,1,0.01
OTHERS-2075_jpg.rf.517c1a544f4e42cb1c11c913de3a44db.jpg,1,0,0,1,0.01
OTHERS-2076_jpg.rf.5de6cd6e7695960c22846b9128afe090.jpg,1,0,0,1,0.01
OTHERS-2077_jpg.rf.740f97df1915ec4ec7e427fb25be11ec.jpg,0,0,1,1,0.01
OTHERS-2078_jpg.rf.36e42890182961c444833e04e73ed007.jpg,0,1,0,1,0.01
OTHERS-2079_jpg.rf.dc39375a9618020c97a13bc7b972694e.jpg,0,0,1,1,0.01
OTHERS-207_jpg.rf.34e2f480bb806f71e1df3c9c366af86e.jpg,1,0,0,1,0.01
OTHERS-207_jpg.rf.88a75762ec70f2881089a2e876d0c1ad.jpg,0,0,1,1,0.01
OTHERS-2080_jpg.rf.0bb3f5510d1e0da54a9dc77eef95f818.jpg,1,0,0,1,0.01
OTHERS-2081_jpg.rf.a114470e41758bb444ffb93dc752e3b4.jpg,1,0,0,1,0.01
OTHERS-2082_jpg.rf.bb6096b1b3ee0cd32871047ee19b941e.jpg,1,0,0,1,0.01
OTHERS-2083_jpg.rf.5e72195f865aeafd56a8820bdb706bc3.jpg,1,0,0,1,0.01
OTHERS-2084_jpg.rf.41f53d00ac0f86d7a4d9c3173bb8dcca.jpg,1,0,0,1,0.01
OTHERS-2085_jpg.rf.bf61fec3f7b851aafbee62b396a80bf9.jpg,0,0,1,1,0.01
OTHERS-2086_jpg.rf.68c94eb4a9940687144dc3a85c6504d7.jpg,1,0,0,1,0.01
OTHERS-2087_jpg.rf.fb32718f96cd6366ea8ea2c43dc133ae.jpg,0,1,0,1,0.01
OTHERS-2088_jpg.rf.8384fe913a8c874e9997103b4559dfcc.jpg,1,0,0,1,0.01
OTHERS-2089_jpg.rf.ca44008a2715b5a5e26613ea70d7fc06.jpg,1,0,0,1,0.01
OTHERS-208_jpg.rf.8047500859a3271fcd2371ef488ecd4a.jpg,1,0,0,1,0.01
OTHERS-208_jpg.rf.e5e246cf526f925058b1ecf94b1e460e.jpg,0,1,0,1,0.01
OTHERS-2090_jpg.rf.d7805cd84366893489063fcad5eb58cc.jpg,1,0,0,1,0.01
OTHERS-2091_jpg.rf.d2f40531921463e2220f098e8115eb74.jpg,1,0,0,1,0.01
OTHERS-2092_jpg.rf.1586185a19a11b5138a1f3e979e9fc67.jpg,1,0,0,1,0.01
OTHERS-2093_jpg.rf.8a9c1d0b19b3f2c829f5f7819a63476e.jpg,1,0,0,1,0.01
OTHERS-2094_jpg.rf.7ef57b28476646fca0ae90f1ec24e207.jpg,0,1,0,1,0.01
OTHERS-2095_jpg.rf.a4012ed298e8a825bfafff870521e087.jpg,1,0,0,1,0.01
OTHERS-2096_jpg.rf.49dfe1078491e545dc43f5f19c238e45.jpg,1,0,0,1,0.01
OTHERS-2097_jpg.rf.cd376d7a8b6ee02518ba51b4f61ad458.jpg,1,0,0,1,0.01
OTHERS-2098_jpg.rf.189e1721d43ba11599988115e0c38ffd.jpg,1,0,0,1,0.01
OTHERS-2099_jpg.rf.d87fbb868a16437311db8e22a159ddf1.jpg,0,1,0,1,0.01
OTHERS-209_jpg.rf.ade0ac90988c238e8c7ffeaf7f600c83.jpg,1,0,0,1,0.01
OTHERS-209_jpg.rf.b03d643a5ccd3fa36fd9610da43fdcf0.jpg,1,0,0,1,0.01
OTHERS-20_jpg.rf.9bac9eba5f91786f50fe350f248a93f6.jpg,0,0,1,1,0.01
OTHERS-20_jpg.rf.9c410cb4ba3032703fb8023c9ec17e7d.jpg,1,0,0,1,0.01
OTHERS-2100_jpg.rf.e78c94c3f4f2ba31096ab3fc0cfbde7d.jpg,1,0,0,1,0.01
OTHERS-2101_jpg.rf.77d3d2d18b67e2e29f19784bdeb87da6.jpg,1,0,0,1,0.01
OTHERS-2102_jpg.rf.eb90c85a3caa503d7a23b8a3c518da31.jpg,1,0,0,1,0.01
OTHERS-2103_jpg.rf.b79187a2886a15cef5dbf578e9661ab6.jpg,1,0,0,1,0.01
OTHERS-2104_jpg.rf.75ed6de715b2a00571256500ee974c96.jpg,0,0,1,1,0.01
OTHERS-2105_jpg.rf.966dbebc7803ee41b068b4ecdf69e0ee.jpg,1,0,0,1,0.01
OTHERS-2106_jpg.rf.2bb53b19b0be1e571da51475bbb4dde2.jpg,0,0,1,1,0.01
OTHERS-2107_jpg.rf.35ea2c3027204f578bc336fd62c52108.jpg,0,1,0,1,0.01
OTHERS-2108_jpg.rf.3f3cab8179b74cef636b802ad4645c09.jpg,1,0,0,1,0.01
OTHERS-2109_jpg.rf.dec578633bde8d56e2f93e14ad78eb18.jpg,1,0,0,1,0.01
OTHERS-210_jpg.rf.1cf12bc28b18c08b33fe90d8e3296266.jpg,1,0,0,1,0.01
OTHERS-210_jpg.rf.f4a1d30cd294159b2fcb73966950d497.jpg,1,0,0,1,0.01
OTHERS-2110_jpg.rf.ac316ba00cb90a87e75838bd6cc2fc8e.jpg,1,0,0,1,0.01
OTHERS-2111_jpg.rf.8c05ac76b3ca202574292a297c8df2d9.jpg,0,1,0,1,0.01
OTHERS-2112_jpg.rf.681208a8106600972d91918a97da12e2.jpg,1,0,0,1,0.01
OTHERS-2113_jpg.rf.b2557ddb21eb2375b7939e7e45878ee9.jpg,1,0,0,1,0.01
OTHERS-2114_jpg.rf.d911b2e53ad939351d3ada0779c950b6.jpg,0,1,0,1,0.01
OTHERS-2115_jpg.rf.b92b57f8df4ff55a7314fe0f9c598ab3.jpg,1,0,0,1,0.01
OTHERS-2116_jpg.rf.df11422e2697e964482dd1819bad75ca.jpg,1,0,0,1,0.01
OTHERS-2117_jpg.rf.5b9e635e8d872c165cb57dc4710d855c.jpg,0,1,0,1,0.01
OTHERS-2118_jpg.rf.6bcb07b46779a13da08d21f09d2f728d.jpg,1,0,0,1,0.01
OTHERS-2119_jpg.rf.766dd659354181fd73e4549fbce7cedd.jpg,1,0,0,1,0.01
OTHERS-211_jpg.rf.46098fdeb13eb4c986f7693159811858.jpg,1,0,0,1,0.01
OTHERS-211_jpg.rf.c278857b6ac49f4708563b89d419a898.jpg,1,0,0,1,0.01
OTHERS-2120_jpg.rf.2b1449bc3435bae0de71912526c3b08d.jpg,1,0,0,1,0.01
OTHERS-2121_jpg.rf.019c90dcc03771133467eac0e7ab183c.jpg,0,0,1,1,0.01
OTHERS-2122_jpg.rf.afd2e7a2767cb772f3d516abe67369fc.jpg,0,0,1,1,0.01
OTHERS-2123_jpg.rf.8e8ace5865a06e05e5d5f5a50ac4032a.jpg,1,0,0,1,0.01
OTHERS-2124_jpg.rf.2fba7335752f10a44e6e5203b42f62b6.jpg,1,0,0,1,0.01
OTHERS-2125_jpg.rf.df47275e44d8aa7df38f41069201dbda.jpg,1,0,0,1,0.01
OTHERS-2126_jpg.rf.e289676d48e7c2751d802dd85d6cb508.jpg,0,0,1,1,0.01
OTHERS-2127_jpg.rf.aa7d59774581a912d0ad452508a9a5b0.jpg,1,0,0,1,0.01
OTHERS-2128_jpg.rf.77913a841b7f666fef0b4c25e39398fa.jpg,1,0,0,1,0.01
OTHERS-2129_jpg.rf.0e865a1a6c14dc8525a8de48069747f1.jpg,0,0,1,1,0.01
OTHERS-212_jpg.rf.fa1d9d3810214e48388513a247572cf1.jpg,1,0,0,1,0.01
OTHERS-2130_jpg.rf.a067ba574c3237b067b1623046869bef.jpg,0,1,0,1,0.01
OTHERS-2131_jpg.rf.10f45174de29c3744696016a41e51a3a.jpg,1,0,0,1,0.01
OTHERS-2132_jpg.rf.79c8823c026258c639295cfd09e45b4e.jpg,1,0,0,1,0.01
OTHERS-2133_jpg.rf.1456010b71fd7e5676c79a289b9cf2a2.jpg,1,0,0,1,0.01
OTHERS-2134_jpg.rf.f1c026f06ba11a2f11c68df055d4bb55.jpg,1,0,0,1,0.01
OTHERS-2135_jpg.rf.13e3def18076077f33a92de7b5dd2ba2.jpg,1,0,0,1,0.01
OTHERS-2136_jpg.rf.a8268649a0ae6d16969d28ea3bcff1d3.jpg,1,0,0,1,0.01
OTHERS-2137_jpg.rf.15d91b62ff9f32c74c2918d3852a78f8.jpg,1,0,0,1,0.01
OTHERS-2138_jpg.rf.4d10d8b00853b71cfdd4701aa17910dd.jpg,1,0,0,1,0.01
OTHERS-2139_jpg.rf.4d0673afd70fef0f73b6d9bf96b8859e.jpg,1,0,0,1,0.01
OTHERS-213_jpg.rf.5b34927475279ab75fc4a0a5ea7b0ecb.jpg,1,0,0,1,0.01
OTHERS-2140_jpg.rf.24d32ac3930141656c4d8e2cd9671268.jpg,0,0,1,1,0.01
OTHERS-2141_jpg.rf.8bb015842e484520e5b0db0f9ee39a66.jpg,0,0,1,1,0.01
OTHERS-2142_jpg.rf.affac4460ef77f5acccd57f13f61a28b.jpg,1,0,0,1,0.01
OTHERS-2143_jpg.rf.09ae50e4daea4955d2ec1d74ecb4bf0b.jpg,0,1,0,1,0.01
OTHERS-2144_jpg.rf.fa264cbeedadae21006e6ed26abb4f63.jpg,1,0,0,1,0.01
OTHERS-2145_jpg.rf.fb0022785e192cb1a42be96e09e852b3.jpg,1,0,0,1,0.01
OTHERS-2146_jpg.rf.266d83e27c042c1d2a0ee7a4503b60f0.jpg,1,0,0,1,0.01
OTHERS-2147_jpg.rf.2baa7f129a417505ff6393dee528e3ae.jpg,1,0,0,1,0.01
OTHERS-2148_jpg.rf.0c8ff6c367ca8f3bb23ad9e209ab93b6.jpg,1,0,0,1,0.01
OTHERS-2149_jpg.rf.8756aee084f6f961cad9f7f42e441997.jpg,1,0,0,1,0.01
OTHERS-214_jpg.rf.87a4f8f5d9ff2e971921557d0f78ea6b.jpg,0,0,1,1,0.01
OTHERS-2150_jpg.rf.264027a2f49aa265500b3d6565d92c3e.jpg,1,0,0,1,0.01
OTHERS-2151_jpg.rf.28d345ca8cb2764028c5d0692f337da0.jpg,1,0,0,1,0.01
OTHERS-2152_jpg.rf.eab7436500bb5cd2d9eb3526b77afbf3.jpg,0,0,1,1,0.01
OTHERS-2153_jpg.rf.489feab85e63c96bbcab5062edf639a7.jpg,1,0,0,1,0.01
OTHERS-2154_jpg.rf.fab57b0001faf8d2021e3d68a747456a.jpg,0,0,1,1,0.01
OTHERS-2155_jpg.rf.9df19b4fc93e2632592212e70718e53e.jpg,1,0,0,1,0.01
OTHERS-2156_jpg.rf.d92a263b519cd550d6065d7d9ddb9694.jpg,1,0,0,1,0.01
OTHERS-2157_jpg.rf.e7ca4196d625d783dfd555b8a85ce478.jpg,0,0,1,1,0.01
OTHERS-2158_jpg.rf.8418b682d6f3988c07a52342a5315b68.jpg,0,0,1,1,0.01
OTHERS-2159_jpg.rf.4acdb7a323fad16fa30308b9bcbee68f.jpg,1,0,0,1,0.01
OTHERS-215_jpg.rf.fd069d7bdd0e8e7961dc014c8342574c.jpg,1,0,0,1,0.01
OTHERS-2160_jpg.rf.d1287fe0e110a535c757ccaaca410b19.jpg,0,1,0,1,0.01
OTHERS-2161_jpg.rf.893ab74d257488744665d89e5eb2feff.jpg,1,0,0,1,0.01
OTHERS-2162_jpg.rf.281dec88d209687afde168af9f0c37bb.jpg,1,0,0,1,0.01
OTHERS-2163_jpg.rf.ac9c3cfec929b3f075489ecc2cc71995.jpg,1,0,0,1,0.01
OTHERS-2164_jpg.rf.c8907d9bc1a9c35de5ed9368c0962bdf.jpg,1,0,0,1,0.01
OTHERS-2165_jpg.rf.2e5092eca6effd4e1483876be5b05a3c.jpg,1,0,0,1,0.01
OTHERS-2166_jpg.rf.2bf5b699a612916b09ca61360f7f9d2b.jpg,1,0,0,1,0.01
OTHERS-2167_jpg.rf.8b35b0a8911d441094d2d59cc657911c.jpg,1,0,0,1,0.01
OTHERS-2168_jpg.rf.16f1f0e8fa8087db34085a14b60583b8.jpg,1,0,0,1,0.01
OTHERS-2169_jpg.rf.57bfdf341ec9464253a352f5c62c9438.jpg,0,0,1,1,0.01
OTHERS-216_jpg.rf.cbc0db624b019ac874971dce0424aebd.jpg,1,0,0,1,0.01
OTHERS-2170_jpg.rf.9176bee2db32f5c30cc3afd20a58900a.jpg,1,0,0,1,0.01
OTHERS-2171_jpg.rf.742c9e80039c0d5654c65f2c7065cec9.jpg,1,0,0,1,0.01
OTHERS-2172_jpg.rf.ba01d69a702a72d3d91e6062a237f7b9.jpg,1,0,0,1,0.01
OTHERS-2173_jpg.rf.dd616e32dfe519bfaeac79b40879a514.jpg,1,0,0,1,0.01
OTHERS-2174_jpg.rf.bc5795916436ed260623d92f323f2f77.jpg,1,0,0,1,0.01
OTHERS-2175_jpg.rf.1b346512e47136af44bfd25ebe5880e4.jpg,1,0,0,1,0.01
OTHERS-2176_jpg.rf.6cd4e24a277b004780124b7581a10954.jpg,1,0,0,1,0.01
OTHERS-2177_jpg.rf.6b99173b21f2d2b3f7ed1743f931d0c3.jpg,1,0,0,1,0.01
OTHERS-2178_jpg.rf.3bc4c550f9068860ac94eb739e95682d.jpg,0,0,1,1,0.01
OTHERS-2179_jpg.rf.a36a452209621c891af74e7b83218065.jpg,1,0,0,1,0.01
OTHERS-217_jpg.rf.64b48a051e4878513e174803e7cbb372.jpg,1,0,0,1,0.01
OTHERS-2180_jpg.rf.e6ae833774324e1322d5614f08c2eba5.jpg,0,0,1,1,0.01
OTHERS-2181_jpg.rf.3338adf531f21818a882311e24f8b200.jpg,0,0,1,1,0.01
OTHERS-2182_jpg.rf.b2d78022f2849e06e68fbd3ff3076a99.jpg,0,0,1,1,0.01
OTHERS-2183_jpg.rf.ae9388ec390241dcf2a19518db15d57c.jpg,1,0,0,1,0.01
OTHERS-2184_jpg.rf.eab5f79a112513ea059e03b89c741301.jpg,0,1,0,1,0.01
OTHERS-2185_jpg.rf.640459330947e0440c8b72d25ce85c0e.jpg,1,0,0,1,0.01
OTHERS-2186_jpg.rf.9bbe211ad759e7d5ca06bd61d3ab104e.jpg,1,0,0,1,0.01
OTHERS-2187_jpg.rf.b1c33eb53e448e0a014696684dff2f22.jpg,1,0,0,1,0.01
OTHERS-2188_jpg.rf.3983c6c2f8df8b78f6944fbe6b838668.jpg,1,0,0,1,0.01
OTHERS-2189_jpg.rf.fe0df27bc76ee2c1c8bda2b857a3c5f6.jpg,1,0,0,1,0.01
OTHERS-218_jpg.rf.7dc1105e9f0b677aa1c0f70387bae7f5.jpg,1,0,0,1,0.01
OTHERS-2190_jpg.rf.6ffa3226cfd14cb11d482267cff8242d.jpg,0,0,1,1,0.01
OTHERS-2191_jpg.rf.6775671118358af1f767a663317d2668.jpg,1,0,0,1,0.01
OTHERS-2192_jpg.rf.6cd076a71340e13df9c81909987505d1.jpg,0,1,0,1,0.01
OTHERS-2193_jpg.rf.25f8eaf13bd2593b89e2634115f8c1bd.jpg,1,0,0,1,0.01
OTHERS-2194_jpg.rf.0b34fb9090005bfad8c1c38239600f19.jpg,0,1,0,1,0.01
OTHERS-2195_jpg.rf.76170e12f04bbfad1704c35091339808.jpg,1,0,0,1,0.01
OTHERS-2196_jpg.rf.4d91e7f10afbe2060ad2f481a88b41e9.jpg,1,0,0,1,0.01
OTHERS-2197_jpg.rf.ec7d7d93919d6d42318f10d08bac4ccb.jpg,0,1,0,1,0.01
OTHERS-2198_jpg.rf.2f3abd4ca631f9ebc8b76e2e72a1b3ed.jpg,1,0,0,1,0.01
OTHERS-2199_jpg.rf.97d88f647950cc8d0201b150ff8ae2c5.jpg,1,0,0,1,0.01
OTHERS-219_jpg.rf.2223d99b80ce322d0974f7f4346e80a7.jpg,1,0,0,1,0.01
OTHERS-21_jpg.rf.7a5e8dda74b449df67e5487880927a3e.jpg,1,0,0,1,0.01
OTHERS-21_jpg.rf.a2752d0bec29ee8ca9ec2b52385b5a91.jpg,0,0,1,1,0.01
OTHERS-2200_jpg.rf.b4b503829147b6466ea078320a70b57d.jpg,0,0,1,1,0.01
OTHERS-2201_jpg.rf.8379eb86590524e632a6305b897f0eb7.jpg,1,0,0,1,0.01
OTHERS-2202_jpg.rf.ce3cc4b12c23a1a741e895c417e00c98.jpg,1,0,0,1,0.01
OTHERS-2203_jpg.rf.1ebee25f6a28f8a09e53472f56ff4c72.jpg,1,0,0,1,0.01
OTHERS-2204_jpg.rf.c42a5e0a1f4040a358c7e6ad3fe9fdf4.jpg,1,0,0,1,0.01
OTHERS-2205_jpg.rf.19c42046498e5578c590ca024a690ed2.jpg,1,0,0,1,0.01
OTHERS-2206_jpg.rf.b594eec83524de66a5d7263f03baf1f0.jpg,0,1,0,1,0.01
OTHERS-2207_jpg.rf.712e5c6854d4260e72df0d8bc43c3ce9.jpg,1,0,0,1,0.01
OTHERS-2208_jpg.rf.bee702cac6ead5f0373539bf93841e12.jpg,1,0,0,1,0.01
OTHERS-2209_jpg.rf.c7d24abfb15a35d8b9b29155c7460922.jpg,1,0,0,1,0.01
OTHERS-220_jpg.rf.6cd3b4a8ae67b08ca5c1fdce0f19fa6f.jpg,0,1,0,1,0.01
OTHERS-2210_jpg.rf.b5a8a1e826e047af845e30d363560030.jpg,1,0,0,1,0.01
OTHERS-2211_jpg.rf.cacc5928ccb3c4433ee1f71f66967962.jpg,1,0,0,1,0.01
OTHERS-2212_jpg.rf.fb7909a43b8ab6638f37c841f0ad0404.jpg,1,0,0,1,0.01
OTHERS-2213_jpg.rf.4c2437e2de502687487decdd6988d583.jpg,1,0,0,1,0.01
OTHERS-2214_jpg.rf.9b0b1dc743544bce16f415b7f6f81a55.jpg,1,0,0,1,0.01
OTHERS-2215_jpg.rf.ac2ab80c7a030e200a5d74cbc3a16e8c.jpg,0,0,1,1,0.01
OTHERS-2216_jpg.rf.301c2a2e70d914c82047e4f859333d95.jpg,1,0,0,1,0.01
OTHERS-2217_jpg.rf.d77fa533a5218f16aa32c05b8c77a4c1.jpg,1,0,0,1,0.01
OTHERS-2218_jpg.rf.02f201c2e49e7ba340b53602bc9293ae.jpg,1,0,0,1,0.01
OTHERS-2219_jpg.rf.faa8779c2b429393168f021d60bad3d9.jpg,0,0,1,1,0.01
OTHERS-221_jpg.rf.30237bbd0436722b1f562263111fc7a4.jpg,1,0,0,1,0.01
OTHERS-2220_jpg.rf.1f8f3bc569bacc09e7c017dca7349774.jpg,0,1,0,1,0.01
OTHERS-2221_jpg.rf.4d07a42782facb34c057dd3d1e345c9c.jpg,1,0,0,1,0.01
OTHERS-2222_jpg.rf.240623ccd79266f3b24e83e6b64aa9c2.jpg,0,1,0,1,0.01
OTHERS-2223_jpg.rf.85f702de4627d07ae702fcd40d622f08.jpg,0,1,0,1,0.01
OTHERS-2224_jpg.rf.5b8417c806713e39e61e879f2cc54e65.jpg,1,0,0,1,0.01
OTHERS-2225_jpg.rf.737dc61472be1d675ca18c51e6ecdf0e.jpg,1,0,0,1,0.01
OTHERS-2226_jpg.rf.7b6b26d5fc435839fbfd484fb35c36a2.jpg,1,0,0,1,0.01
OTHERS-2227_jpg.rf.7433152946a5285b523fb9ca40cecf20.jpg,1,0,0,1,0.01
OTHERS-2228_jpg.rf.e91d982ad9be72b14ed30b8cb92541cd.jpg,0,0,1,1,0.01
OTHERS-2229_jpg.rf.11a0488dd82c6c094066ec4863bbf3a2.jpg,0,0,1,1,0.01
OTHERS-222_jpg.rf.87f93db2091cadb47a402bef2e439be4.jpg,1,0,0,1,0.01
OTHERS-2230_jpg.rf.e3b12063afabaf471863ae83233ffd43.jpg,0,1,0,1,0.01
OTHERS-2231_jpg.rf.8fecfa33151321ebe1e5cf7ad026746f.jpg,1,0,0,1,0.01
OTHERS-2232_jpg.rf.cc0693abcb7a4e350d012c1a043f329e.jpg,0,0,1,1,0.01
OTHERS-2233_jpg.rf.41d5d1726edef40276dc5152b421dfd6.jpg,0,1,0,1,0.01
OTHERS-2234_jpg.rf.3fe5ab18b7a789e0b4256bc6a8d3244e.jpg,0,0,1,1,0.01
OTHERS-2235_jpg.rf.8db491622b3bcb87dfadca0748556308.jpg,1,0,0,1,0.01
OTHERS-2236_jpg.rf.9fbb423044f6f02512592b72ef1196b8.jpg,0,0,1,1,0.01
OTHERS-2237_jpg.rf.dcd95a6d7ee3ed154a44d5662f8b6c03.jpg,0,0,1,1,0.01
OTHERS-2238_jpg.rf.daf517600b96c8042c61ded88342dfd5.jpg,1,0,0,1,0.01
OTHERS-2239_jpg.rf.93b7dc552d586d5ad25bd8bf13ba5916.jpg,1,0,0,1,0.01
OTHERS-223_jpg.rf.949ec14d40381593582797a5efc301cf.jpg,1,0,0,1,0.01
OTHERS-2240_jpg.rf.056d52a84124e28483fee8de073bc129.jpg,1,0,0,1,0.01
OTHERS-2241_jpg.rf.113e6120ac518a1c19717bea70c90386.jpg,0,0,1,1,0.01
OTHERS-2242_jpg.rf.12571ca5be96c490b02609f1d888a3ae.jpg,1,0,0,1,0.01
OTHERS-2243_jpg.rf.51ad6a1a0d1df2063efdbfffb9717802.jpg,1,0,0,1,0.01
OTHERS-2244_jpg.rf.8cd9fdf2004ca4ee88b4e609ee091143.jpg,1,0,0,1,0.01
OTHERS-2245_jpg.rf.9cc38ed384978a08dffb470ad11c8407.jpg,0,0,1,1,0.01
OTHERS-2246_jpg.rf.4239b8f396825f9bcd00b81d65ff5223.jpg,1,0,0,1,0.01
OTHERS-2247_jpg.rf.7373d6c59aa9bf8e31a136332c5a0e53.jpg,0,0,1,1,0.01
OTHERS-2248_jpg.rf.28cf58995c0a2d6bd65046cc9f6b25e7.jpg,1,0,0,1,0.01
OTHERS-2249_jpg.rf.6e5af8a297ade07c43148204bc51546f.jpg,1,0,0,1,0.01
OTHERS-224_jpg.rf.54f6102e09163534e1474c70a61be734.jpg,1,0,0,1,0.01
OTHERS-2250_jpg.rf.73aab829c95727ee21f77d091a844b86.jpg,0,1,0,1,0.01
OTHERS-2251_jpg.rf.b356d5f398b838a491cb13b5b5685b7f.jpg,1,0,0,1,0.01
OTHERS-2252_jpg.rf.f69b6d78ddb3206cc4b6bc0fb85db210.jpg,1,0,0,1,0.01
OTHERS-2253_jpg.rf.2dbe82cdb8550ca9e38ddc5531bd114b.jpg,1,0,0,1,0.01
OTHERS-2254_jpg.rf.0b244e3d16828a753d11dc25f6721c08.jpg,1,0,0,1,0.01
OTHERS-2255_jpg.rf.40d602f64a6cae55e55d040f971cfa33.jpg,1,0,0,1,0.01
OTHERS-2256_jpg.rf.8ab91c977f8d5bbe0494ac098d090f50.jpg,1,0,0,1,0.01
OTHERS-2257_jpg.rf.8f82a438a3aa1d4391614887b255713e.jpg,1,0,0,1,0.01
OTHERS-2258_jpg.rf.4a3c3d867a085b52051e8d2e5900b09d.jpg,1,0,0,1,0.01
OTHERS-2259_jpg.rf.489a5875a49294b9fae0d9db69fd4c2a.jpg,1,0,0,1,0.01
OTHERS-225_jpg.rf.478f0c20ccfd9a02e6b3690eb6cd5986.jpg,1,0,0,1,0.01
OTHERS-2260_jpg.rf.39a38f4c93c3704587b000dba4af2708.jpg,1,0,0,1,0.01
OTHERS-2261_jpg.rf.4f587fbbae6e7b96060b501682f8b4df.jpg,0,1,0,1,0.01
OTHERS-2262_jpg.rf.83611c06b4b79d8869888efb745747a3.jpg,1,0,0,1,0.01
OTHERS-2263_jpg.rf.b50376408b3d24cbc9f902122eb8f2f2.jpg,1,0,0,1,0.01
OTHERS-2264_jpg.rf.68d85cfd65de538651b31ffa71b20477.jpg,1,0,0,1,0.01
OTHERS-2265_jpg.rf.eac2b69f8de01c94fe06d8ca947d7c6c.jpg,1,0,0,1,0.01
OTHERS-2266_jpg.rf.3faaca29db893f05f8146e8678e85fb8.jpg,1,0,0,1,0.01
OTHERS-2267_jpg.rf.46954bb763354bf788bbb8e10bcb1cf3.jpg,1,0,0,1,0.01
OTHERS-2268_jpg.rf.92ebcf7d37ae80892c8c09e1cf5244e1.jpg,1,0,0,1,0.01
OTHERS-2269_jpg.rf.78836e9aeced9a17ba388d3ef214769b.jpg,0,1,0,1,0.01
OTHERS-226_jpg.rf.4a71c68d3bd5eaf8832a3fa453880fbb.jpg,0,1,0,1,0.01
OTHERS-227_jpg.rf.96b4061091b6e62e243edfc0d4ce5f18.jpg,1,0,0,1,0.01
OTHERS-228_jpg.rf.5f4978e836ae704d158584538127064d.jpg,1,0,0,1,0.01
OTHERS-229_jpg.rf.852c443c238383f8c36e865e5882fd3f.jpg,0,1,0,1,0.01
OTHERS-22_jpg.rf.35b75929a90e776aed599c5e06d6799b.jpg,1,0,0,1,0.01
OTHERS-230_jpg.rf.cbfc0b827f255ce37e00316d286bf4cb.jpg,1,0,0,1,0.01
OTHERS-231_jpg.rf.e259c4a9f2af0a23b1fa7661d51d9a18.jpg,1,0,0,1,0.01
OTHERS-232_jpg.rf.0533d2ea3ac6c3aaa65ffc5bbdc0d381.jpg,1,0,0,1,0.01
OTHERS-233_jpg.rf.ccb68370e50f98060d32cb59c11f3e57.jpg,1,0,0,1,0.01
OTHERS-234_jpg.rf.ebf6992e413d039bfd54d40215cc2b72.jpg,0,1,0,1,0.01
OTHERS-235_jpg.rf.d6e875e9fcc186e35642edd9de874a0e.jpg,1,0,0,1,0.01
OTHERS-236_jpg.rf.be099f096db933cb2f966b4448951a71.jpg,1,0,0,1,0.01
OTHERS-237_jpg.rf.d1fb95c18843bf5dccd4f8667059172a.jpg,1,0,0,1,0.01
OTHERS-238_jpg.rf.06f3eb602fb168ac450ca3751d81aad1.jpg,1,0,0,1,0.01
OTHERS-239_jpg.rf.129e90ca706b5f7fb4cb2b1afce70b98.jpg,1,0,0,1,0.01
OTHERS-23_jpg.rf.ce9b5a464200d7ba2a3c5c04e4275f87.jpg,1,0,0,1,0.01
OTHERS-240_jpg.rf.402642a9527d11bd2d563e6d5958b411.jpg,0,1,0,1,0.01
OTHERS-241_jpg.rf.bb39acbc1e147d7d04f7a382cf55c54d.jpg,0,0,1,1,0.01
OTHERS-242_jpg.rf.1ff9445821ce84fc5aa5e58e41ea37eb.jpg,0,0,1,1,0.01
OTHERS-243_jpg.rf.8b29ec7408d3c4260c28366126811896.jpg,0,0,1,1,0.01
OTHERS-244_jpg.rf.22db92baecab6cdaf3642782e63c899a.jpg,1,0,0,1,0.01
OTHERS-245_jpg.rf.d72f60b302f44e92c92671de02860fa3.jpg,1,0,0,1,0.01
OTHERS-246_jpg.rf.a102db5ed17e8afb2c0e88a804bfa320.jpg,1,0,0,1,0.01
OTHERS-247_jpg.rf.314d1f9eb1f3c79ae901845ef753699b.jpg,0,0,1,1,0.01
OTHERS-248_jpg.rf.18d979d592d2b09c6f906d4f8a1458db.jpg,1,0,0,1,0.01
OTHERS-249_jpg.rf.3e69d335cabaaefc5b1b778883abf6ac.jpg,0,0,1,1,0.01
OTHERS-24_jpg.rf.17da5b7a3782d8fad21023544478df83.jpg,1,0,0,1,0.01
OTHERS-24_jpg.rf.25ea98e71a702956f25f54652d7f9828.jpg,1,0,0,1,0.01
OTHERS-250_jpg.rf.24c06507d07a395f8b283cea0b8e989d.jpg,0,0,1,1,0.01
OTHERS-251_jpg.rf.66d73b587d209a58166aee087ec4dfc8.jpg,1,0,0,1,0.01
OTHERS-252_jpg.rf.9737f3a9a63cedbf03ad93ea0fc56171.jpg,1,0,0,1,0.01
OTHERS-253_jpg.rf.3bad420a323341609d041b3c5e6928fb.jpg,1,0,0,1,0.01
OTHERS-254_jpg.rf.febaef11f8bb541fc2f2f52933973e5a.jpg,0,0,1,1,0.01
OTHERS-255_jpg.rf.4c3e339fb6838cca116017430aadf07c.jpg,1,0,0,1,0.01
OTHERS-256_jpg.rf.9aeb414009ad6cd7c7a04d9a97b2d6d3.jpg,1,0,0,1,0.01
OTHERS-257_jpg.rf.68a37fe5784b531a453a1da74f532e0f.jpg,1,0,0,1,0.01
OTHERS-258_jpg.rf.b2e70f4e6a87146caabf7f451929a959.jpg,1,0,0,1,0.01
OTHERS-259_jpg.rf.fb1a3f4ce31edbf4d821a3a69a4abf52.jpg,0,0,1,1,0.01
OTHERS-25_jpg.rf.e3f01e5be167a97e0bb04eb863075545.jpg,1,0,0,1,0.01
OTHERS-25_jpg.rf.f67c7596698c69e9f49eae5df095f28b.jpg,1,0,0,1,0.01
OTHERS-260_jpg.rf.985f4875d4a0a1645196b8b151148197.jpg,1,0,0,1,0.01
OTHERS-261_jpg.rf.966a36dfb717e7649bc36bf4c25d469d.jpg,1,0,0,1,0.01
OTHERS-262_jpg.rf.0ffd7315a9d01e53ebf42c0a73c54bdc.jpg,1,0,0,1,0.01
OTHERS-263_jpg.rf.a4675c7fd7bdfe6c31e61f64411ef6c0.jpg,1,0,0,1,0.01
OTHERS-264_jpg.rf.f8957a89907825b089efca5fdeec9a44.jpg,0,0,1,1,0.01
OTHERS-265_jpg.rf.d24b0113f7f4d4b46bf8f8391e18314f.jpg,1,0,0,1,0.01
OTHERS-266_jpg.rf.1fe9abd530caa8afbd7d71d5f5f2493a.jpg,1,0,0,1,0.01
OTHERS-267_jpg.rf.32e8f3d57f20fc089afd4d2bc2b906be.jpg,1,0,0,1,0.01
OTHERS-268_jpg.rf.5820777c9b1563675c12b12f07839e5e.jpg,1,0,0,1,0.01
OTHERS-269_jpg.rf.8c19a84f94e84bd92350390efb5dc194.jpg,1,0,0,1,0.01
OTHERS-26_jpg.rf.2d76326cd850662d26a69885e9269b84.jpg,1,0,0,1,0.01
OTHERS-26_jpg.rf.3082f8561f511f37cc99bf11907d1d78.jpg,1,0,0,1,0.01
OTHERS-270_jpg.rf.99e805c413c2323c974242d52a2ff579.jpg,1,0,0,1,0.01
OTHERS-271_jpg.rf.d4766356d262c99226b74bd02f19bf0e.jpg,1,0,0,1,0.01
OTHERS-272_jpg.rf.d37f07a36c1d72d2198ea520f21ca158.jpg,1,0,0,1,0.01
OTHERS-273_jpg.rf.6fe413c03c7f169d831d3f8b5985f07e.jpg,1,0,0,1,0.01
OTHERS-274_jpg.rf.07bdaf04ac06bf3a1e5c07460af7b49b.jpg,0,0,1,1,0.01
OTHERS-275_jpg.rf.168541cc964076a9f5711587c8673e8b.jpg,0,0,1,1,0.01
OTHERS-276_jpg.rf.bbf93b74cd4614a23e5fa39b203048f5.jpg,1,0,0,1,0.01
OTHERS-277_jpg.rf.e66eef59e9ccb291dd5aa7bdc87ec0a0.jpg,0,0,1,1,0.01
OTHERS-278_jpg.rf.5369fc0165e5661960048cca2e93073a.jpg,1,0,0,1,0.01
OTHERS-279_jpg.rf.466d3446972d8c0fd2ab0c1fe541a380.jpg,0,0,1,1,0.01
OTHERS-280_jpg.rf.88cc84748c18ea9847a92fd1b496cf31.jpg,1,0,0,1,0.01
OTHERS-281_jpg.rf.5df65fb4493dbf818e03a9b4c287ef6e.jpg,0,1,0,1,0.01
OTHERS-282_jpg.rf.ec989ae11886720101b7702152cd56ee.jpg,0,1,0,1,0.01
OTHERS-283_jpg.rf.1773ef7c4e11b3e3f8bb120cfa9d302f.jpg,0,0,1,1,0.01
OTHERS-284_jpg.rf.7e3e21f3777c64236b3c16fb251e5e98.jpg,1,0,0,1,0.01
OTHERS-285_jpg.rf.2dbcd35e95b29e9715cbeeccb5444712.jpg,1,0,0,1,0.01
OTHERS-286_jpg.rf.3d8b170091ea1d4cbbc191480e74f885.jpg,1,0,0,1,0.01
OTHERS-287_jpg.rf.b90fdb4f9d0e64f209f4080181ed6469.jpg,0,0,1,1,0.01
OTHERS-288_jpg.rf.c80533881e6601e01202069883ac4176.jpg,0,0,1,1,0.01
OTHERS-289_jpg.rf.d0ddff800ece19dd913aaa59aa5bba90.jpg,0,1,0,1,0.01
OTHERS-28_jpg.rf.868f38995728939054e1bb85ae9ea5ae.jpg,0,0,1,1,0.01
OTHERS-28_jpg.rf.a7e91d2e6dec23168601576ca8a093cb.jpg,1,0,0,1,0.01
OTHERS-290_jpg.rf.2debcb73dfeeb041ab533a03ccc11b40.jpg,1,0,0,1,0.01
OTHERS-291_jpg.rf.d76873848d2c8e2a1463cdf60767a019.jpg,1,0,0,1,0.01
OTHERS-292_jpg.rf.dcee55b6cb58aa7e1188aaa5ec1de795.jpg,1,0,0,1,0.01
OTHERS-293_jpg.rf.1e820e92a4967e5b8110896eb75eb6ce.jpg,1,0,0,1,0.01
OTHERS-294_jpg.rf.f5de68b9ec1b947e2fa6a6426c269df1.jpg,1,0,0,1,0.01
OTHERS-295_jpg.rf.cbe9b220171ef17f930c7386506245b1.jpg,1,0,0,1,0.01
OTHERS-296_jpg.rf.719127c262f72e908b65e9fba481883b.jpg,0,0,1,1,0.01
OTHERS-297_jpg.rf.71b1b7613b6684a72bb4dd5ce68f22a8.jpg,1,0,0,1,0.01
OTHERS-298_jpg.rf.65e8049b6f8658a1304896c458e657dc.jpg,1,0,0,1,0.01
OTHERS-299_jpg.rf.92c10b755a4e301b3349dc5456743b65.jpg,1,0,0,1,0.01
OTHERS-29_jpg.rf.2fff12f613fc226731fa1a4f5748ca7d.jpg,1,0,0,1,0.01
OTHERS-29_jpg.rf.d425a8505f59349b7f6feb4fa53c7a62.jpg,1,0,0,1,0.01
OTHERS-2_jpg.rf.057485ddfaa781fca2aa9106224a23ba.jpg,1,0,0,1,0.01
OTHERS-2_jpg.rf.6991af940257d58d09f7bb97f301dd81.jpg,0,0,1,1,0.01
OTHERS-300_jpg.rf.8877d33c4f13207065fe5b1bfd3a6cec.jpg,1,0,0,1,0.01
OTHERS-301_jpg.rf.224fbaf74f6208401c3759f876f9a611.jpg,1,0,0,1,0.01
OTHERS-302_jpg.rf.0ead85b963b0bc466f3834fdf6c6824a.jpg,1,0,0,1,0.01
OTHERS-303_jpg.rf.75b92ddeb72da884b41d038ca39174f6.jpg,1,0,0,1,0.01
OTHERS-304_jpg.rf.cbecc92598ee7eb72423c228bd1c23f4.jpg,0,1,0,1,0.01
OTHERS-305_jpg.rf.82fb543babecc6a1a6cf01d61bead3d5.jpg,1,0,0,1,0.01
OTHERS-306_jpg.rf.4582b5c8581ed3051c8322f49e4652e3.jpg,1,0,0,1,0.01
OTHERS-307_jpg.rf.25f2c94a562f066cd3384d86f0bb8026.jpg,0,0,1,1,0.01
OTHERS-308_jpg.rf.5d855e36fd0312f23de96adc735af67e.jpg,1,0,0,1,0.01
OTHERS-309_jpg.rf.d1882030c69619ad917fb7e1544f76dc.jpg,0,0,1,1,0.01
OTHERS-30_jpg.rf.6d7e78563edfe15f30e3649167f67c35.jpg,1,0,0,1,0.01
OTHERS-30_jpg.rf.96ef4c16e2970885c85fd0ab226b7bc6.jpg,1,0,0,1,0.01
OTHERS-310_jpg.rf.e2f547f3b3cb4f79315e0bfa0fa7d16a.jpg,1,0,0,1,0.01
OTHERS-311_jpg.rf.471b6fcd3001835f136726ef3500bc92.jpg,1,0,0,1,0.01
OTHERS-312_jpg.rf.887616de0abf7f39873ae65f55c47a4a.jpg,1,0,0,1,0.01
OTHERS-313_jpg.rf.798afdb81122cc3f2e158fc563ab2cab.jpg,0,1,0,1,0.01
OTHERS-314_jpg.rf.4d643854a0786f92ee0336d44b7a8140.jpg,1,0,0,1,0.01
OTHERS-315_jpg.rf.cd179464fec09ca3c4c80b4d41a4b624.jpg,0,1,0,1,0.01
OTHERS-316_jpg.rf.be0b41c69501d3b7fc0ac7d62eba1706.jpg,1,0,0,1,0.01
OTHERS-317_jpg.rf.3ebb0c56c801fbc148c1a5d44e123c66.jpg,1,0,0,1,0.01
OTHERS-318_jpg.rf.6ebcfa1ef126a804b8d3d067987a9b54.jpg,1,0,0,1,0.01
OTHERS-319_jpg.rf.9b5f3f9635c25c933b701fa56c5ffa01.jpg,1,0,0,1,0.01
OTHERS-31_jpg.rf.40f8554ab43f774c148ae0fb1adccdcd.jpg,1,0,0,1,0.01
OTHERS-31_jpg.rf.9a914bf5168e4ee8ec5c3e2bd2011571.jpg,1,0,0,1,0.01
OTHERS-320_jpg.rf.7f239170c224fcfe42164505066d5b56.jpg,0,0,1,1,0.01
OTHERS-321_jpg.rf.ba51638d8e7befc4b94c7a9498a9bebd.jpg,1,0,0,1,0.01
OTHERS-322_jpg.rf.44b93b48a6b2664466a29d894c082dcf.jpg,1,0,0,1,0.01
OTHERS-323_jpg.rf.74546af8ff2e0d968917ae5677a49e4f.jpg,1,0,0,1,0.01
OTHERS-324_jpg.rf.18db2654d102e13ed8797338360a995f.jpg,1,0,0,1,0.01
OTHERS-325_jpg.rf.2701907a4a1646a274b6af4e48a1b085.jpg,1,0,0,1,0.01
OTHERS-326_jpg.rf.848ea33a1f502cdbbae6cf8b2dd9e14b.jpg,1,0,0,1,0.01
OTHERS-327_jpg.rf.d5d3df277175f8cb361ccfa131df869d.jpg,1,0,0,1,0.01
OTHERS-328_jpg.rf.ab25d3df0044995cd0dca84639733911.jpg,1,0,0,1,0.01
OTHERS-329_jpg.rf.4831fe06d5c6ccfc30d690d259bd3ea6.jpg,1,0,0,1,0.01
OTHERS-32_jpg.rf.9ff19c3f21367bb8589088f1bd602fc3.jpg,1,0,0,1,0.01
OTHERS-32_jpg.rf.ed18a752348394b4049f46c3d6f2ed3b.jpg,1,0,0,1,0.01
OTHERS-330_jpg.rf.b3dee9ba562f449980d91ad3f212d9d2.jpg,1,0,0,1,0.01
OTHERS-331_jpg.rf.dbf1bc335caf3559249574b42a3b3c53.jpg,1,0,0,1,0.01
OTHERS-332_jpg.rf.27753a2f655ee0862d15a7cfa11734e2.jpg,1,0,0,1,0.01
OTHERS-333_jpg.rf.f3e459f9305ddd7ed352fb74d5905935.jpg,1,0,0,1,0.01
OTHERS-334_jpg.rf.55e8d9b332da15997509dbd45248a0df.jpg,1,0,0,1,0.01
OTHERS-335_jpg.rf.c0ed1ba91d5607df5a3adb0951c99f6b.jpg,0,0,1,1,0.01
OTHERS-336_jpg.rf.eb423f9c4be344e144a0ce02037a448c.jpg,1,0,0,1,0.01
OTHERS-337_jpg.rf.3351e3378d637197536fb998c6547bf9.jpg,0,1,0,1,0.01
OTHERS-338_jpg.rf.cd61570b4482792c875ecd2b786d319b.jpg,1,0,0,1,0.01
OTHERS-339_jpg.rf.422bb09554bc8885e2bfc2acb35eefce.jpg,0,0,1,1,0.01
OTHERS-33_jpg.rf.15ba9a858eee78fff5e3650ae9b81549.jpg,1,0,0,1,0.01
OTHERS-33_jpg.rf.dfb60210bb851b8f083ab25f224d0660.jpg,1,0,0,1,0.01
OTHERS-341_jpg.rf.42f9a621181c61ad42faa39242dcd387.jpg,1,0,0,1,0.01
OTHERS-343_jpg.rf.bc4942611e8eb5f7cb7dd78da1a24510.jpg,1,0,0,1,0.01
OTHERS-344_jpg.rf.a7ffab61c8a8b740b71b898b8acb6310.jpg,1,0,0,1,0.01
OTHERS-345_jpg.rf.30b21cf12f140d9401b93d4f8fea8aaf.jpg,1,0,0,1,0.01
OTHERS-346_jpg.rf.aaad3531adecc0a3684e2ffd223ad95b.jpg,0,0,1,1,0.01
OTHERS-347_jpg.rf.9aa1657359dc5872bb107d1c642a2aa4.jpg,1,0,0,1,0.01
OTHERS-348_jpg.rf.033921dabc2c008c4712e6c0fcd73cde.jpg,0,1,0,1,0.01
OTHERS-349_jpg.rf.54e0b9b6234103dc7c7ea1e58fec83f1.jpg,0,0,1,1,0.01
OTHERS-34_jpg.rf.0dcf1b2a794164a614232bc821e9b64d.jpg,1,0,0,1,0.01
OTHERS-34_jpg.rf.286df2c9abf451d5cad0871e5ebbe6a2.jpg,1,0,0,1,0.01
OTHERS-350_jpg.rf.f8b4f4b5a25b8693493c3854c6d78b0e.jpg,1,0,0,1,0.01
OTHERS-352_jpg.rf.3fb5ac7ef97f0b1d8084fe061ce4caaf.jpg,1,0,0,1,0.01
OTHERS-353_jpg.rf.eedce69f7579869afc651330e11fc12b.jpg,1,0,0,1,0.01
OTHERS-354_jpg.rf.c0209380b4de03159565c735afd910ff.jpg,1,0,0,1,0.01
OTHERS-356_jpg.rf.85c3db1f1821bfc1e60eb79eabe5ea76.jpg,1,0,0,1,0.01
OTHERS-357_jpg.rf.ef1a38d7c7de3036415c7bfcd960958b.jpg,0,0,1,1,0.01
OTHERS-358_jpg.rf.30b6e57fc149bea015f651327d8aae50.jpg,1,0,0,1,0.01
OTHERS-359_jpg.rf.67984ecaca11c7c282a9d927ac3a69a6.jpg,1,0,0,1,0.01
OTHERS-35_jpg.rf.045be77b599dc4546288f8a9e0e3f0fb.jpg,1,0,0,1,0.01
OTHERS-35_jpg.rf.77bf47574b11bbe39bd1329ef241884a.jpg,1,0,0,1,0.01
OTHERS-360_jpg.rf.a099a4412e03b513c02c9d307fd76bba.jpg,1,0,0,1,0.01
OTHERS-361_jpg.rf.06115ce04e739b1634049219b440a8ae.jpg,0,0,1,1,0.01
OTHERS-362_jpg.rf.f34145ba6abf87338ceaff9690440401.jpg,1,0,0,1,0.01
OTHERS-363_jpg.rf.8c67611adbde4a095e25fc6bf7d831ce.jpg,0,1,0,1,0.01
OTHERS-364_jpg.rf.df07e48111c53c326aeb06ff24345956.jpg,0,1,0,1,0.01
OTHERS-365_jpg.rf.623434ba849aee461e3194ea01c771d8.jpg,1,0,0,1,0.01
OTHERS-366_jpg.rf.2a964129eacd8df310aaed07b6f691c2.jpg,0,0,1,1,0.01
OTHERS-367_jpg.rf.1d7d48fbc3b37cdd67f02cabca80bc4b.jpg,0,0,1,1,0.01
OTHERS-368_jpg.rf.b87ba014a23e42580e6ff1f0d114bd33.jpg,1,0,0,1,0.01
OTHERS-369_jpg.rf.ff4b1371f7d3281090a2d4dad6b62288.jpg,1,0,0,1,0.01
OTHERS-36_jpg.rf.ed2d03637e3e4ba21b77f8af6ad76a4e.jpg,1,0,0,1,0.01
OTHERS-370_jpg.rf.8520b7074237e7f517250417d895a86e.jpg,0,0,1,1,0.01
OTHERS-371_jpg.rf.203dafdbe08ab85ed357d035b69c1142.jpg,1,0,0,1,0.01
OTHERS-372_jpg.rf.eb748404d40092339f062179f59dad5b.jpg,1,0,0,1,0.01
OTHERS-373_jpg.rf.5816a30407fe135b9b92f9b4fe389dc6.jpg,0,0,1,1,0.01
OTHERS-374_jpg.rf.1fa4866d6c50953d7fcb2b4170ded3d8.jpg,1,0,0,1,0.01
OTHERS-375_jpg.rf.6979f680edcfbb0e2551fb2e07bfb86b.jpg,1,0,0,1,0.01
OTHERS-376_jpg.rf.513e8563b77ea5de7267247712f07680.jpg,0,1,0,1,0.01
OTHERS-377_jpg.rf.1c3b2e725e9c3bd497662bba9ad3e5ea.jpg,0,0,1,1,0.01
OTHERS-378_jpg.rf.1ba611b6d908c3244806839a32742246.jpg,1,0,0,1,0.01
OTHERS-379_jpg.rf.bbbd3714993720624615fcca5c39da70.jpg,1,0,0,1,0.01
OTHERS-37_jpg.rf.a0e92bbbf133d4b7e6e887b6862e27df.jpg,1,0,0,1,0.01
OTHERS-380_jpg.rf.990355876adf248ed9f99a1b316642cd.jpg,1,0,0,1,0.01
OTHERS-381_jpg.rf.d7dcaef7402427cfb4538876dae2c818.jpg,1,0,0,1,0.01
OTHERS-382_jpg.rf.ff86f1ebf737eecf1e51e296cae5a336.jpg,1,0,0,1,0.01
OTHERS-383_jpg.rf.86b1f0fc814632ec3aa60e22e5d5f590.jpg,0,1,0,1,0.01
OTHERS-384_jpg.rf.647b255aade372edd121d5595ee7f22d.jpg,1,0,0,1,0.01
OTHERS-385_jpg.rf.e24a8a4afb96434d1848cae6220448a0.jpg,1,0,0,1,0.01
OTHERS-386_jpg.rf.2c143f2d6107ba10a62a7f0f13acc573.jpg,1,0,0,1,0.01
OTHERS-387_jpg.rf.98d5d3b493b10c389b717d5b18c95eee.jpg,0,0,1,1,0.01
OTHERS-388_jpg.rf.3f5395a280df0ae90273f228b36d50f1.jpg,1,0,0,1,0.01
OTHERS-389_jpg.rf.1de1faa6fc232994ea0eaf30d56fc387.jpg,1,0,0,1,0.01
OTHERS-38_jpg.rf.40526bfcf99025ed8aca58240af146ed.jpg,1,0,0,1,0.01
OTHERS-390_jpg.rf.ede6bef5d9f2372b0496302a1d27f438.jpg,1,0,0,1,0.01
OTHERS-391_jpg.rf.31374bf124e48fa327df9c984bdd9f3f.jpg,1,0,0,1,0.01
OTHERS-392_jpg.rf.26dcbff429b49b2d1f14ce431476fc1b.jpg,1,0,0,1,0.01
OTHERS-393_jpg.rf.4ae4488189766ea6b4eaa80ebfaa7dc6.jpg,1,0,0,1,0.01
OTHERS-394_jpg.rf.f2197c70fff14bccd0c0efb4303d647e.jpg,0,0,1,1,0.01
OTHERS-395_jpg.rf.1f33b96456e9920061722615530f1722.jpg,0,1,0,1,0.01
OTHERS-396_jpg.rf.de8f1a14ce02b5cf220420250c6569ab.jpg,1,0,0,1,0.01
OTHERS-397_jpg.rf.1c41660ba2533243b2cd3e3015416232.jpg,1,0,0,1,0.01
OTHERS-398_jpg.rf.089de8721f0d5e07820c41b974c72bf9.jpg,1,0,0,1,0.01
OTHERS-399_jpg.rf.1d0f8f0a1e5cd8fc36e36b24917c6ef6.jpg,1,0,0,1,0.01
OTHERS-39_jpg.rf.9aa52b471ed43f63c760c72a2b9c0d1b.jpg,1,0,0,1,0.01
OTHERS-39_jpg.rf.b8b7543da670c05b5e7583e8695d6f98.jpg,1,0,0,1,0.01
OTHERS-3_jpg.rf.7faa5d9f747663e6b2d1fe53eb759c16.jpg,0,0,1,1,0.01
OTHERS-3_jpg.rf.aba95d89770eb4d7d85574080f50d8c5.jpg,1,0,0,1,0.01
OTHERS-400_jpg.rf.34ff5729bf834b15c3bcc6796557c38f.jpg,1,0,0,1,0.01
OTHERS-401_jpg.rf.b7fb7029f7f7808a629c61f605902e9f.jpg,1,0,0,1,0.01
OTHERS-402_jpg.rf.8b650eb8d257fa09103fc491507a0f49.jpg,1,0,0,1,0.01
OTHERS-403_jpg.rf.92e561a0481f5c68d777c96a86e1ae2b.jpg,1,0,0,1,0.01
OTHERS-404_jpg.rf.7874f85a96b4f3d00ba91f7ebf96b6d9.jpg,1,0,0,1,0.01
OTHERS-405_jpg.rf.feef1543277e84c1e1bf64949d6b4030.jpg,1,0,0,1,0.01
OTHERS-406_jpg.rf.b5622da41d4ef68d1dd7b36adc8af045.jpg,0,0,1,1,0.01
OTHERS-407_jpg.rf.d0c64a1e474980cc21bff3a906d7c533.jpg,0,0,1,1,0.01
OTHERS-408_jpg.rf.05f910842a97b0d228430e96e5548cf1.jpg,1,0,0,1,0.01
OTHERS-409_jpg.rf.c1dd23a9ba2acfd3a1dac4dfb85c66d0.jpg,1,0,0,1,0.01
OTHERS-40_jpg.rf.9e50b96cc150a5131191eb2f845aaed4.jpg,1,0,0,1,0.01
OTHERS-410_jpg.rf.8d224ecca8c513cddd4038dce7105ad8.jpg,1,0,0,1,0.01
OTHERS-411_jpg.rf.feee35218192047e2d4a4ed7c757719e.jpg,1,0,0,1,0.01
OTHERS-412_jpg.rf.ec60497539308a8af3adc03a938efb2c.jpg,1,0,0,1,0.01
OTHERS-413_jpg.rf.0681e1ee48e5303ab8bd2319c7047885.jpg,1,0,0,1,0.01
OTHERS-414_jpg.rf.3a98aeb12937ab5d16cd18499c648050.jpg,1,0,0,1,0.01
OTHERS-415_jpg.rf.66c37aa539107d3e03388eb8ab2ba742.jpg,0,1,0,1,0.01
OTHERS-416_jpg.rf.609da675e82fd56ebd3be57dc9cb26fb.jpg,0,0,1,1,0.01
OTHERS-417_jpg.rf.db8fee3307c1e559a0c5d64e304f4ec3.jpg,1,0,0,1,0.01
OTHERS-418_jpg.rf.7fecbd0a177b1ae251d5ea4f26e2efa3.jpg,1,0,0,1,0.01
OTHERS-419_jpg.rf.daa3cf3681347c73c976f493d48bcc7a.jpg,1,0,0,1,0.01
OTHERS-41_jpg.rf.580441e0d01c1a91192e71abcfc6cafb.jpg,0,0,1,1,0.01
OTHERS-41_jpg.rf.d0c2ea09388a7de8c3c77682e421fa2a.jpg,1,0,0,1,0.01
OTHERS-420_jpg.rf.d7440eb14de09ef0463073f4c33e4c17.jpg,1,0,0,1,0.01
OTHERS-421_jpg.rf.478f51ef1e14f8ab629a658a5f3ed7c4.jpg,0,1,0,1,0.01
OTHERS-422_jpg.rf.4d32bae5ce7d67b8936945184db009e7.jpg,0,0,1,1,0.01
OTHERS-423_jpg.rf.c21e4f4e20f8ce3af1bc50bb0057c407.jpg,0,1,0,1,0.01
OTHERS-424_jpg.rf.cc781c960010a8d138bffa6151aca3f5.jpg,0,0,1,1,0.01
OTHERS-425_jpg.rf.65a37d1897b97742988079e6a8d11e0e.jpg,1,0,0,1,0.01
OTHERS-426_jpg.rf.fa5bf20de7dea41ad2c59ab2732dc591.jpg,1,0,0,1,0.01
OTHERS-427_jpg.rf.a4487bea3bf4c35111126d1d777f1d43.jpg,1,0,0,1,0.01
OTHERS-428_jpg.rf.0b0c6c843fc29bba46e03dc952bd868a.jpg,1,0,0,1,0.01
OTHERS-429_jpg.rf.a39ca2814cb056b19d8be371c29f6b80.jpg,0,0,1,1,0.01
OTHERS-42_jpg.rf.7024309c14febe44503dcdeaef08e4b8.jpg,1,0,0,1,0.01
OTHERS-42_jpg.rf.afef2a6580f8baa22dddbcb19ce066b7.jpg,0,0,1,1,0.01
OTHERS-430_jpg.rf.15dbbffc6318c35da85747b03783507a.jpg,1,0,0,1,0.01
OTHERS-431_jpg.rf.c7793ccc1cb225d9f34da7b9a08f7124.jpg,1,0,0,1,0.01
OTHERS-432_jpg.rf.53b4af6c98419230e975e119673f2a45.jpg,1,0,0,1,0.01
OTHERS-433_jpg.rf.e5bfe9a3df0a26be4e5ba15eee8a15c4.jpg,1,0,0,1,0.01
OTHERS-434_jpg.rf.2856054ab08fc40ff2809f937018b0b2.jpg,1,0,0,1,0.01
OTHERS-435_jpg.rf.d2811897ddd1f0973bfc61721c924b18.jpg,0,0,1,1,0.01
OTHERS-436_jpg.rf.79710c584c6e22d657306a3ab22f60b3.jpg,1,0,0,1,0.01
OTHERS-437_jpg.rf.f8ae1267aa1422c67872b1fb99ddabe9.jpg,1,0,0,1,0.01
OTHERS-438_jpg.rf.b0c2c495f760bdea4171d75ee5662ffa.jpg,1,0,0,1,0.01
OTHERS-439_jpg.rf.4dc8ea5e9e28d020f96e781999c910fe.jpg,1,0,0,1,0.01
OTHERS-43_jpg.rf.067f638aadc184262c9f9ea6bf4be001.jpg,1,0,0,1,0.01
OTHERS-43_jpg.rf.33e3b4f20d59f40eb191105ac512c21e.jpg,1,0,0,1,0.01
OTHERS-440_jpg.rf.b123a78d254acc87cc629bb51b25e6cb.jpg,0,0,1,1,0.01
OTHERS-441_jpg.rf.e079df77eb74d168b2b9f6313856f46b.jpg,1,0,0,1,0.01
OTHERS-442_jpg.rf.a53e88829245be8565079a91dec96eba.jpg,1,0,0,1,0.01
OTHERS-443_jpg.rf.7e0aef3532557cb81ee8981f346cc13f.jpg,1,0,0,1,0.01
OTHERS-444_jpg.rf.2be06795ebdb67dbb3e3c9d87121c324.jpg,1,0,0,1,0.01
OTHERS-445_jpg.rf.1a0436c00d051e6cf95c9d15a869ebd5.jpg,1,0,0,1,0.01
OTHERS-446_jpg.rf.226031baa8473d091191f8fee71d9fc1.jpg,0,0,1,1,0.01
OTHERS-447_jpg.rf.3a5b78e298e5fd71e8685dee5e99be82.jpg,1,0,0,1,0.01
OTHERS-448_jpg.rf.9d67e433d20c7d74b58a02881e5c0a46.jpg,1,0,0,1,0.01
OTHERS-449_jpg.rf.d19d77cdb5383f7568977c813905a44b.jpg,0,0,1,1,0.01
OTHERS-44_jpg.rf.6e36fa09fb30a844709cbf6e491fe0ce.jpg,1,0,0,1,0.01
OTHERS-44_jpg.rf.8a7aee1150e60b85244ecaccb547e31b.jpg,1,0,0,1,0.01
OTHERS-450_jpg.rf.b9a4e72940224f52e9a07a2d774d286f.jpg,1,0,0,1,0.01
OTHERS-451_jpg.rf.69f290988bbb70b123b7823f7b466a36.jpg,1,0,0,1,0.01
OTHERS-452_jpg.rf.23cf48ef0ef8c51109a05a97485f9280.jpg,1,0,0,1,0.01
OTHERS-453_jpg.rf.7d5d2e9fded3479f973ecb52dfdaa8fd.jpg,1,0,0,1,0.01
OTHERS-454_jpg.rf.d37ea158d1221dec55da7e6ea82c8179.jpg,1,0,0,1,0.01
OTHERS-455_jpg.rf.bdd19426bc0c1d627a57466f2cf7c8c7.jpg,1,0,0,1,0.01
OTHERS-456_jpg.rf.795d3903fae51e01747ceeffc2d2c76c.jpg,1,0,0,1,0.01
OTHERS-457_jpg.rf.44eef604eb9ec5cfe3d5bb8deb12ebc6.jpg,1,0,0,1,0.01
OTHERS-458_jpg.rf.fb9ed13ba2e803660f1c7204d2889d34.jpg,1,0,0,1,0.01
OTHERS-459_jpg.rf.a8d371de16d15c87a44e437c2e6c28be.jpg,1,0,0,1,0.01
OTHERS-45_jpg.rf.e67a592c309f3cbf7686f641f9bb9fca.jpg,0,1,0,1,0.01
OTHERS-45_jpg.rf.f9272489ab3a399b195a8f1404bafbbf.jpg,0,0,1,1,0.01
OTHERS-460_jpg.rf.444adb4569c2a6da08d60b990a0193dd.jpg,0,1,0,1,0.01
OTHERS-461_jpg.rf.5908056102b91ba11fb320f8af56bf38.jpg,1,0,0,1,0.01
OTHERS-462_jpg.rf.c086d1fd0d1d72217d5f8e7dae73b9fe.jpg,1,0,0,1,0.01
OTHERS-463_jpg.rf.2ac1c78773ad582502a5caf160795172.jpg,1,0,0,1,0.01
OTHERS-464_jpg.rf.289e3e2be78048419fd5170a7de08ea8.jpg,0,0,1,1,0.01
OTHERS-465_jpg.rf.82d452f01236b8c98a1660478b9e7fcc.jpg,1,0,0,1,0.01
OTHERS-466_jpg.rf.4ce42d6565e5420ccd817922117de148.jpg,1,0,0,1,0.01
OTHERS-467_jpg.rf.86e198ce9ec39eb824444d04a9d71f5e.jpg,1,0,0,1,0.01
OTHERS-468_jpg.rf.4601594f0e52e09fc68c1e84ed87c876.jpg,0,0,1,1,0.01
OTHERS-469_jpg.rf.8eabe76be9a4c015b4a0fd830877859d.jpg,0,1,0,1,0.01
OTHERS-46_jpg.rf.47c161c5ae73c51331149063a05c99e4.jpg,0,0,1,1,0.01
OTHERS-46_jpg.rf.8d91deabe27e2d5546cd5215cdd7c425.jpg,1,0,0,1,0.01
OTHERS-470_jpg.rf.fc33588af8f5fa0e9840954d5a63f8b3.jpg,0,1,0,1,0.01
OTHERS-471_jpg.rf.c5ded2a8d9e406cd3adc6489956913af.jpg,1,0,0,1,0.01
OTHERS-472_jpg.rf.17ad29bf5c3d4043d269a43058e69ec8.jpg,1,0,0,1,0.01
OTHERS-473_jpg.rf.3a9b36a9d9f5e0048d9067d3532da449.jpg,1,0,0,1,0.01
OTHERS-474_jpg.rf.33668b7b03fd62e3df2f7e208b1f9531.jpg,0,0,1,1,0.01
OTHERS-475_jpg.rf.c8f02b64e0f81f24d00672338508f49d.jpg,1,0,0,1,0.01
OTHERS-476_jpg.rf.4c1768d1a5bc6c8852e2a29a2f34f35e.jpg,1,0,0,1,0.01
OTHERS-477_jpg.rf.c1b55cae3bb6b7b18cce8ff401abaa9c.jpg,1,0,0,1,0.01
OTHERS-478_jpg.rf.2f6cd7faa8ae0805855149c6a93689d6.jpg,1,0,0,1,0.01
OTHERS-479_jpg.rf.8ec0ac09b9184614b7a27ffa639d8555.jpg,1,0,0,1,0.01
OTHERS-47_jpg.rf.33631af367fd8c165795ebf8438e180d.jpg,1,0,0,1,0.01
OTHERS-47_jpg.rf.b920b0b5167cc9469ea217b5d0a5d36d.jpg,1,0,0,1,0.01
OTHERS-480_jpg.rf.2784062885b4d7279dd5a9c77f320c1b.jpg,0,0,1,1,0.01
OTHERS-481_jpg.rf.d9247a657ecff7b17234c59927b4e4b0.jpg,1,0,0,1,0.01
OTHERS-482_jpg.rf.ecb63a2fdd582b870556325fa1a67968.jpg,1,0,0,1,0.01
OTHERS-483_jpg.rf.a9a571960607469bd02810e2ecac838a.jpg,1,0,0,1,0.01
OTHERS-484_jpg.rf.5bed30d737b2453f2274e7e7c0fb9ed7.jpg,1,0,0,1,0.01
OTHERS-485_jpg.rf.233dd2ea7455acb31f26f0f8a44fee9f.jpg,1,0,0,1,0.01
OTHERS-486_jpg.rf.d105df95bba4df5576a6c6cba732a4e7.jpg,0,0,1,1,0.01
OTHERS-487_jpg.rf.79c63f864ff1e140822135d47f70be50.jpg,1,0,0,1,0.01
OTHERS-488_jpg.rf.69de2b744bc074cb5c1fa58c5dd126c7.jpg,1,0,0,1,0.01
OTHERS-489_jpg.rf.46db85d544208ee11991d469a4d0e875.jpg,1,0,0,1,0.01
OTHERS-48_jpg.rf.18fb6189eac22179f40bbe7878a4b9be.jpg,1,0,0,1,0.01
OTHERS-48_jpg.rf.50ef13a5b634ad32cbead56e3b9a78a2.jpg,1,0,0,1,0.01
OTHERS-490_jpg.rf.a95afb609a18035997c6549cb9fc3755.jpg,1,0,0,1,0.01
OTHERS-491_jpg.rf.eaf275a3e0dfba6c1a2b2559c1bfbb36.jpg,0,1,0,1,0.01
OTHERS-492_jpg.rf.53f700bcd2a433ce1000cb31ce0dad72.jpg,1,0,0,1,0.01
OTHERS-493_jpg.rf.38545a3625b245e5e11857f41f58a6f5.jpg,1,0,0,1,0.01
OTHERS-494_jpg.rf.5f1faaf25fd30503c98f6f0ae30bf6d3.jpg,1,0,0,1,0.01
OTHERS-495_jpg.rf.3ef411d523f4b297fb7e74b2021ada1b.jpg,1,0,0,1,0.01
OTHERS-496_jpg.rf.d2c23d39949673b169e698d0531bc942.jpg,0,1,0,1,0.01
OTHERS-497_jpg.rf.54694e4df6af34e7ecb8b286d6138446.jpg,1,0,0,1,0.01
OTHERS-498_jpg.rf.d5231c0dd06c6234cd725ad35b1c6db2.jpg,1,0,0,1,0.01
OTHERS-499_jpg.rf.e1b170ac9cf6723a978b4acfa45eaab3.jpg,1,0,0,1,0.01
OTHERS-49_jpg.rf.c3bd20ed541e68594527aa55db9fd85c.jpg,1,0,0,1,0.01
OTHERS-4_jpg.rf.911fae89ead846a903b569f0a74b48c4.jpg,0,0,1,1,0.01
OTHERS-4_jpg.rf.d242d5f57094c6bfabe8780d7074282f.jpg,0,0,1,1,0.01
OTHERS-500_jpg.rf.ed91bceb827396769d5290729664dd41.jpg,1,0,0,1,0.01
OTHERS-501_jpg.rf.0f43a2eb5832d49496fc689a69ac27e6.jpg,1,0,0,1,0.01
OTHERS-503_jpg.rf.e183a263eb3d5a4132d2d88adf89a3bc.jpg,1,0,0,1,0.01
OTHERS-504_jpg.rf.230a92324fbad91c9cda5362dd719767.jpg,1,0,0,1,0.01
OTHERS-505_jpg.rf.9e90aa81c54286152089fb69f1a8b51e.jpg,1,0,0,1,0.01
OTHERS-506_jpg.rf.d797973c1e8432d85a33cddb0545083a.jpg,1,0,0,1,0.01
OTHERS-507_jpg.rf.d7f99a3caaa14cbbb19de350e4f6cde2.jpg,1,0,0,1,0.01
OTHERS-508_jpg.rf.fea9f86609f0599a372b54b971996428.jpg,0,0,1,1,0.01
OTHERS-509_jpg.rf.dc92dcb5a2679745a1b76d38ea277369.jpg,1,0,0,1,0.01
OTHERS-50_jpg.rf.4e64574fa9c2d85c3df39d29b2d01231.jpg,1,0,0,1,0.01
OTHERS-510_jpg.rf.26e037a71273cb8effbb80def102a013.jpg,1,0,0,1,0.01
OTHERS-511_jpg.rf.a8c26371fa5b386b60d6616237176b38.jpg,1,0,0,1,0.01
OTHERS-512_jpg.rf.994e3ef9b598b73cb885bae95a457f26.jpg,1,0,0,1,0.01
OTHERS-513_jpg.rf.2009e89667c3b498b0da803683d6ad59.jpg,0,0,1,1,0.01
OTHERS-514_jpg.rf.3e514318fbe193f7cdee8145685751b5.jpg,0,0,1,1,0.01
OTHERS-515_jpg.rf.34351f150a01571f1d89a6d97ca8b040.jpg,1,0,0,1,0.01
OTHERS-516_jpg.rf.d4a27f1d95d4181cede1c4581801b21b.jpg,1,0,0,1,0.01
OTHERS-517_jpg.rf.7adfc8fd5de1673f1e16fb87259377b4.jpg,0,0,1,1,0.01
OTHERS-518_jpg.rf.a095c3198de332fc37b031df38328e3d.jpg,1,0,0,1,0.01
OTHERS-519_jpg.rf.e51b0f3397951188a5792f35cf14387b.jpg,1,0,0,1,0.01
OTHERS-51_jpg.rf.fedd7c759deef47fa3f71a219a77438b.jpg,1,0,0,1,0.01
OTHERS-520_jpg.rf.a0aeb66f3cadab44f6ad89f8659166c5.jpg,1,0,0,1,0.01
OTHERS-521_jpg.rf.2f2e2606bd4a6329d8e84eab78cfebf6.jpg,1,0,0,1,0.01
OTHERS-522_jpg.rf.20cb8de40e4b2a6745e9a5bd543f69d0.jpg,1,0,0,1,0.01
OTHERS-523_jpg.rf.d258f4d5993453779cf6d25c78da5b01.jpg,0,0,1,1,0.01
OTHERS-524_jpg.rf.90e4e6075c606b98c961eed359021243.jpg,0,1,0,1,0.01
OTHERS-525_jpg.rf.4984d9685ac82da06bac65603a9e2127.jpg,1,0,0,1,0.01
OTHERS-526_jpg.rf.d3bf6f9fddc114093251ba3f6b4d8e55.jpg,1,0,0,1,0.01
OTHERS-527_jpg.rf.0b3ff2276cdd04fbbbfd53e509bbfea8.jpg,0,0,1,1,0.01
OTHERS-528_jpg.rf.075dca1cc69e358f3905684ea072ab25.jpg,1,0,0,1,0.01
OTHERS-529_jpg.rf.336798661382c1c58e8f74d38c50c8c0.jpg,1,0,0,1,0.01
OTHERS-52_jpg.rf.0ab0383d5e590fba82c33f4db3a43e53.jpg,0,0,1,1,0.01
OTHERS-52_jpg.rf.b6b72744b396afe101200b7b59926080.jpg,0,1,0,1,0.01
OTHERS-530_jpg.rf.30210cab8086ad47a66e3e1104764970.jpg,0,0,1,1,0.01
OTHERS-531_jpg.rf.5dbd90d6167c47d072b1b37651c88cda.jpg,1,0,0,1,0.01
OTHERS-532_jpg.rf.98f65755efb94da4b759a41f7fe82ba1.jpg,1,0,0,1,0.01
OTHERS-533_jpg.rf.185a8abf1d0f0a307878974d7848bbca.jpg,1,0,0,1,0.01
OTHERS-534_jpg.rf.d5a498f0cc05e8d97729b9250e01a84b.jpg,1,0,0,1,0.01
OTHERS-535_jpg.rf.2fa021ab85e5ca115d589e7a06741103.jpg,1,0,0,1,0.01
OTHERS-536_jpg.rf.c33b55c7da11b666ffd0e5c61b302542.jpg,0,0,1,1,0.01
OTHERS-537_jpg.rf.77cad282435a6c4465393fa8c95165a4.jpg,1,0,0,1,0.01
OTHERS-538_jpg.rf.e4a0d950a9fcd09968fc097ca7fd7282.jpg,1,0,0,1,0.01
OTHERS-539_jpg.rf.8b4e5cb29dff4e99c98e491a08eecf4a.jpg,1,0,0,1,0.01
OTHERS-53_jpg.rf.9a76141a0f952adcb95b2ef0b77657b7.jpg,1,0,0,1,0.01
OTHERS-53_jpg.rf.d214c063d91040fae755953e23cc9dad.jpg,0,0,1,1,0.01
OTHERS-540_jpg.rf.2ce6890563af0828d9d6c2322eea6e1e.jpg,1,0,0,1,0.01
OTHERS-541_jpg.rf.47cd6040e8d50a0d3dd8a2708a3b3578.jpg,1,0,0,1,0.01
OTHERS-542_jpg.rf.e048cbd602ae0b5efbeec8f905f9f7af.jpg,1,0,0,1,0.01
OTHERS-543_jpg.rf.1f8039f309dceee4bdb083f232d73d35.jpg,1,0,0,1,0.01
OTHERS-544_jpg.rf.66543c3c9dbe9f048b274e3a60be6041.jpg,0,0,1,1,0.01
OTHERS-545_jpg.rf.f58ee0a33ceb1356a1953f07d2aaa6bc.jpg,0,0,1,1,0.01
OTHERS-546_jpg.rf.111ce98003f944e79e8d1d83e333917d.jpg,1,0,0,1,0.01
OTHERS-547_jpg.rf.3776f3e11e4770068511d57dba38fe7b.jpg,0,1,0,1,0.01
OTHERS-548_jpg.rf.0ece7fa8e3b5f7c1b1500552cd746cb0.jpg,0,0,1,1,0.01
OTHERS-549_jpg.rf.9e97f0420b18737a0004f54be959957b.jpg,1,0,0,1,0.01
OTHERS-54_jpg.rf.f0b42fa572855f5cb1eab2d722198494.jpg,0,0,1,1,0.01
OTHERS-550_jpg.rf.86dbbbdac88d8db12c0f7438633f5bd4.jpg,1,0,0,1,0.01
OTHERS-551_jpg.rf.e605989efde77bdd6e6aa2aa4561208a.jpg,1,0,0,1,0.01
OTHERS-552_jpg.rf.7e96eb0dcda2f61a6a03b69044ba8a6f.jpg,1,0,0,1,0.01
OTHERS-553_jpg.rf.2cfeae75bf0e63e0df24531f76ad21a3.jpg,1,0,0,1,0.01
OTHERS-554_jpg.rf.6958835cede50f8f96d75bc87f8f48a0.jpg,0,0,1,1,0.01
OTHERS-555_jpg.rf.338c655413988df82220292cadbf4d61.jpg,1,0,0,1,0.01
OTHERS-556_jpg.rf.cfe40cdb801e38e988564a6fb573f89f.jpg,0,1,0,1,0.01
OTHERS-557_jpg.rf.4c60b522b5faa240d249dce2441257eb.jpg,0,0,1,1,0.01
OTHERS-558_jpg.rf.f996e9c7429c70bc94e284cc659ca319.jpg,1,0,0,1,0.01
OTHERS-559_jpg.rf.922506d4fc1970743585a3b7c93d7fcd.jpg,1,0,0,1,0.01
OTHERS-55_jpg.rf.4c43c16c26a6d0965a7bb11d1da7afce.jpg,1,0,0,1,0.01
OTHERS-55_jpg.rf.4f1a9d9be09c9954602a6a28c2d4939e.jpg,1,0,0,1,0.01
OTHERS-560_jpg.rf.1e48f719cb9571da40260ee246d41616.jpg,1,0,0,1,0.01
OTHERS-561_jpg.rf.5178f1f43387d972583588fa00e1a9ec.jpg,0,0,1,1,0.01
OTHERS-562_jpg.rf.a59e4ddd75934f8e8b0ab55455547431.jpg,1,0,0,1,0.01
OTHERS-563_jpg.rf.089497c9f2be154c7a984bff68333f99.jpg,0,0,1,1,0.01
OTHERS-564_jpg.rf.edc35b099de895e14407ea3ae32545b9.jpg,1,0,0,1,0.01
OTHERS-56_jpg.rf.c57511f633f4767975b96535faa5eabd.jpg,0,1,0,1,0.01
OTHERS-57_jpg.rf.46b009f59d4fc5ef5d6467470aac203c.jpg,0,0,1,1,0.01
OTHERS-57_jpg.rf.62e396f0513d4ed2156e062a2d5f647c.jpg,1,0,0,1,0.01
OTHERS-582_jpg.rf.90881060a303483e798c727b2e46ad06.jpg,0,1,0,1,0.01
OTHERS-583_jpg.rf.22e0d2ef92dfefef04b0ae60fcbe7896.jpg,1,0,0,1,0.01
OTHERS-584_jpg.rf.03d2549a72322554dcb5aee17ad9cff7.jpg,0,0,1,1,0.01
OTHERS-585_jpg.rf.9a2dfc59e9ab15dea37f6fd461469ddf.jpg,0,0,1,1,0.01
OTHERS-586_jpg.rf.d141b00db3760a4ead6d531774900d5a.jpg,1,0,0,1,0.01
OTHERS-587_jpg.rf.f42b005aec45568307248a15cbe169f8.jpg,1,0,0,1,0.01
OTHERS-588_jpg.rf.22f62f79ad0122636888bc5c29e6a2ff.jpg,1,0,0,1,0.01
OTHERS-589_jpg.rf.c9c3bf99f008808dda264291b4afcddf.jpg,1,0,0,1,0.01
OTHERS-58_jpg.rf.a548c54e22c0491d690af55f18c5f928.jpg,0,1,0,1,0.01
OTHERS-590_jpg.rf.1f322e66bbc385fc2aaaf11ddfca678a.jpg,1,0,0,1,0.01
OTHERS-591_jpg.rf.4f38f3d0400c44783fba7614cb94b12d.jpg,0,0,1,1,0.01
OTHERS-592_jpg.rf.a658b89594055c7344ad6f5ae00efbde.jpg,1,0,0,1,0.01
OTHERS-593_jpg.rf.9179349af687018dd9983078ab6c68b6.jpg,1,0,0,1,0.01
OTHERS-594_jpg.rf.328078a04fc994c041f12ca28a33a600.jpg,1,0,0,1,0.01
OTHERS-595_jpg.rf.4c485936896d46c4c4e9d62ff2804a0d.jpg,1,0,0,1,0.01
OTHERS-596_jpg.rf.1e57a4f52084997c4ac216f57aabf264.jpg,0,1,0,1,0.01
OTHERS-597_jpg.rf.a37a688455fd3cf0216fcd0b2fbc931f.jpg,1,0,0,1,0.01
OTHERS-598_jpg.rf.9aef83a23ddf6c56a33bb1ba745b5f5a.jpg,1,0,0,1,0.01
OTHERS-599_jpg.rf.d5d0bfa098d3079be4d62b8612ae392a.jpg,0,1,0,1,0.01
OTHERS-59_jpg.rf.2d8cd6d3abc6e52324850b7b65695234.jpg,1,0,0,1,0.01
OTHERS-59_jpg.rf.e68fc92be24dd5785c2f0382ed2355d5.jpg,1,0,0,1,0.01
OTHERS-5_jpg.rf.c429a296bdc09507f7df1b24b06a582c.jpg,1,0,0,1,0.01
OTHERS-600_jpg.rf.dea715bc5437ccf1cc2bc89c8254ce58.jpg,1,0,0,1,0.01
OTHERS-601_jpg.rf.ab4835c3f7f078e96b672a7961564c6c.jpg,1,0,0,1,0.01
OTHERS-602_jpg.rf.37597321b30e287e9b29f35cd435b61f.jpg,1,0,0,1,0.01
OTHERS-603_jpg.rf.9c0cd4b0f90bd683a31ff4fbb24fcba9.jpg,1,0,0,1,0.01
OTHERS-604_jpg.rf.ac1347682c21f4e1be1f4602b318e113.jpg,0,0,1,1,0.01
OTHERS-605_jpg.rf.9f1b4fd46848731f19a255f42bf61cc3.jpg,1,0,0,1,0.01
OTHERS-606_jpg.rf.e3e38314ebdbb5373288eb3dee53ce0d.jpg,0,1,0,1,0.01
OTHERS-607_jpg.rf.627bf1aa2175dce11dd332bc172b2a66.jpg,1,0,0,1,0.01
OTHERS-608_jpg.rf.e8f86510a0bd97f90de0efa8a15ae4c6.jpg,1,0,0,1,0.01
OTHERS-609_jpg.rf.b267006dd36048b996aad3e1be50ff3e.jpg,1,0,0,1,0.01
OTHERS-60_jpg.rf.60f6d7ea9b4bd014270a96602d78796b.jpg,0,0,1,1,0.01
OTHERS-610_jpg.rf.4a95b59c92e4ba9c2d8222db3f66c565.jpg,0,1,0,1,0.01
OTHERS-611_jpg.rf.6166e51f92b2f0968db429ea8d00b402.jpg,1,0,0,1,0.01
OTHERS-612_jpg.rf.9b91b702f01549fdedf17173a6500eb4.jpg,0,1,0,1,0.01
OTHERS-613_jpg.rf.878114df141fc4d2502e213f61a0b452.jpg,1,0,0,1,0.01
OTHERS-615_jpg.rf.49befd47aedd055497fadaa064bd1b96.jpg,0,0,1,1,0.01
OTHERS-616_jpg.rf.064366b6dd951db4d4f9d5932460c450.jpg,1,0,0,1,0.01
OTHERS-617_jpg.rf.5131763b57887e0717c6a80b8d1b15a8.jpg,1,0,0,1,0.01
OTHERS-618_jpg.rf.ccb9cfd01731302ab58898a031e00212.jpg,0,0,1,1,0.01
OTHERS-619_jpg.rf.89810a7506b2d5ba046d47b4944dcb17.jpg,0,0,1,1,0.01
OTHERS-61_jpg.rf.18fe5c5ee72576726657363c8b3c69c0.jpg,0,0,1,1,0.01
OTHERS-61_jpg.rf.407681859415ecf87e43f5e234f9ea0c.jpg,0,0,1,1,0.01
OTHERS-625_jpg.rf.415eee8e83153d6f6b67e9f8016a1bfa.jpg,1,0,0,1,0.01
OTHERS-626_jpg.rf.1bc1804948c5995483c8f8c2f920e760.jpg,1,0,0,1,0.01
OTHERS-627_jpg.rf.7c940c5dfaf19707fbcb8e772dd9ac57.jpg,1,0,0,1,0.01
OTHERS-628_jpg.rf.5c9148442191e407d78530080524bead.jpg,1,0,0,1,0.01
OTHERS-629_jpg.rf.690570d49867b512da527be530704d72.jpg,1,0,0,1,0.01
OTHERS-62_jpg.rf.52ef7e735c82c6d2fe2ab7a4f7ec9e7c.jpg,1,0,0,1,0.01
OTHERS-62_jpg.rf.6bd3cf10828ff489312b0ca961b0a8a0.jpg,0,1,0,1,0.01
OTHERS-630_jpg.rf.03f61cd233de3077ae09b82fe1398ab1.jpg,1,0,0,1,0.01
OTHERS-631_jpg.rf.527bdc867140eb30c499b6341dff0550.jpg,1,0,0,1,0.01
OTHERS-632_jpg.rf.5295d48a70bc6ca136ed6e08b285157a.jpg,1,0,0,1,0.01
OTHERS-633_jpg.rf.4c88118555864547f4d9171b2182cc4b.jpg,1,0,0,1,0.01
OTHERS-634_jpg.rf.6798f26da5d975c31368aeefd61920e5.jpg,1,0,0,1,0.01
OTHERS-635_jpg.rf.98a797ae52443cb1be3ebc51f0b7b43c.jpg,1,0,0,1,0.01
OTHERS-636_jpg.rf.1956605a347bf4d0f3c2803849c064c5.jpg,0,1,0,1,0.01
OTHERS-637_jpg.rf.60e8344835c5bd574d1d2454e005ba89.jpg,1,0,0,1,0.01
OTHERS-638_jpg.rf.c850ef123ab4614e05c485c86a803a1c.jpg,1,0,0,1,0.01
OTHERS-639_jpg.rf.a51e6336f4dcc27eec1b6f5bf2ce87aa.jpg,1,0,0,1,0.01
OTHERS-63_jpg.rf.d92d8a923be6f8bb34537035bc1ece2b.jpg,1,0,0,1,0.01
OTHERS-640_jpg.rf.fb1685e16dd76c87dbe06952efc809e5.jpg,0,0,1,1,0.01
OTHERS-641_jpg.rf.f1a1fea7e18c5fc8189355081014a639.jpg,1,0,0,1,0.01
OTHERS-642_jpg.rf.5426851e7e3c74c09204f321f28800b7.jpg,1,0,0,1,0.01
OTHERS-643_jpg.rf.66fad99ed3ea8406a5ca532b42d61f3c.jpg,1,0,0,1,0.01
OTHERS-644_jpg.rf.85f16c4b6e5222d27b85e7d55a9eabb7.jpg,0,1,0,1,0.01
OTHERS-645_jpg.rf.f000e9f1cb0d525e6eb3dd059a38100b.jpg,1,0,0,1,0.01
OTHERS-646_jpg.rf.ba28ef0ede053092ef6688786aa864b4.jpg,0,0,1,1,0.01
OTHERS-647_jpg.rf.a45f9fe9f980eb137bfa3ac220064ec7.jpg,1,0,0,1,0.01
OTHERS-648_jpg.rf.d41e32b651f6bccd43482a0c1df23c4b.jpg,1,0,0,1,0.01
OTHERS-649_jpg.rf.ccb9ab0c65611bc86e564d69a14833b1.jpg,1,0,0,1,0.01
OTHERS-64_jpg.rf.4e9e9adba01a9f3f48ef050cf7643c5b.jpg,1,0,0,1,0.01
OTHERS-64_jpg.rf.694f9a4c03e460da4363790318050c2a.jpg,0,0,1,1,0.01
OTHERS-650_jpg.rf.10e79b23e6fa8b576a62eaa1672b86d9.jpg,1,0,0,1,0.01
OTHERS-651_jpg.rf.ee36da62526f0931a82f5853498fd1a1.jpg,0,1,0,1,0.01
OTHERS-652_jpg.rf.98b8a072e4a607d968eedf81265f63a3.jpg,1,0,0,1,0.01
OTHERS-653_jpg.rf.6b0c336e7a1ab7bd70a1d81eff12a805.jpg,1,0,0,1,0.01
OTHERS-654_jpg.rf.79a1a5b404c7433268d0c6331a0d194b.jpg,1,0,0,1,0.01
OTHERS-655_jpg.rf.eb3c373a13fe0cedabde210be1166b96.jpg,1,0,0,1,0.01
OTHERS-656_jpg.rf.10dbe0e5db2a3900695843a18dcaac1d.jpg,1,0,0,1,0.01
OTHERS-657_jpg.rf.3e785e19c5a9563f4bee1f7464c2550a.jpg,1,0,0,1,0.01
OTHERS-658_jpg.rf.2e5f914c0c1e0ecd3899e2437e1ddd34.jpg,1,0,0,1,0.01
OTHERS-659_jpg.rf.158d46b196ab9cefd188e6f73f48d85e.jpg,1,0,0,1,0.01
OTHERS-65_jpg.rf.09327a1c0c11f7c5f0591bfffa13d532.jpg,1,0,0,1,0.01
OTHERS-65_jpg.rf.eae9ff2dc44f301c63c4fa7328812cb9.jpg,0,1,0,1,0.01
OTHERS-66_jpg.rf.97ffcc2eaf8e75f2ac5c4465a2542ff0.jpg,1,0,0,1,0.01
OTHERS-66_jpg.rf.cdfce852a3c9b7537c36cf87842498f0.jpg,0,1,0,1,0.01
OTHERS-673_jpg.rf.e3cb6ab72285726e3a97f5fe5c25b11e.jpg,1,0,0,1,0.01
OTHERS-674_jpg.rf.511f490315fac49b9aee14ff3ef25728.jpg,1,0,0,1,0.01
OTHERS-67_jpg.rf.386cfe60a4962312d8a6f53d61f85913.jpg,1,0,0,1,0.01
OTHERS-67_jpg.rf.7df67b8f5ea78c07408b15cd1a9a0fff.jpg,1,0,0,1,0.01
OTHERS-687_jpg.rf.76eaf33d2a3dd95d1b5a6c52a5eeef88.jpg,1,0,0,1,0.01
OTHERS-688_jpg.rf.adcf328ee31a03f3f83103ad13478183.jpg,1,0,0,1,0.01
OTHERS-689_jpg.rf.4b92743685f9bb4104071f6bd56a83df.jpg,1,0,0,1,0.01
OTHERS-68_jpg.rf.5fd284da6126b53a58b99c16f3dc6126.jpg,0,1,0,1,0.01
OTHERS-690_jpg.rf.3ea73ba66323535f80883f7c2cc94bce.jpg,1,0,0,1,0.01
OTHERS-691_jpg.rf.d8054e2b88bef388380b028fdc81f15c.jpg,1,0,0,1,0.01
OTHERS-692_jpg.rf.c421a9ff06c48fd23a691e1ea2bb29c6.jpg,0,1,0,1,0.01
OTHERS-693_jpg.rf.5c0b788e1ebcede477dba5d6ca725777.jpg,0,0,1,1,0.01
OTHERS-694_jpg.rf.25a2812f104a819f27cf7126af7bdf15.jpg,1,0,0,1,0.01
OTHERS-695_jpg.rf.15f95e6b8ce1ecf24ebd2340697f2bd9.jpg,1,0,0,1,0.01
OTHERS-696_jpg.rf.713bd203d0bd48d1736880b6559dfd99.jpg,1,0,0,1,0.01
OTHERS-697_jpg.rf.568385567f46c7056a52d75154404935.jpg,1,0,0,1,0.01
OTHERS-698_jpg.rf.cee80ce8717c3c9aed501a44c868717b.jpg,1,0,0,1,0.01
OTHERS-699_jpg.rf.1a05f2936be500fad1a9a5ece6449d16.jpg,1,0,0,1,0.01
OTHERS-69_jpg.rf.8afb42170157c2a1d43af238cd922d5f.jpg,1,0,0,1,0.01
OTHERS-69_jpg.rf.cc3b3d9d21cc3b1118c256e1325469d5.jpg,1,0,0,1,0.01
OTHERS-6_jpg.rf.ad531d25a88858122b0cfe31488137ae.jpg,1,0,0,1,0.01
OTHERS-700_jpg.rf.f8ac28083ef82a7dff94cb00c550cb94.jpg,1,0,0,1,0.01
OTHERS-701_jpg.rf.1929385be24ed90b590550a7d5cf7317.jpg,1,0,0,1,0.01
OTHERS-702_jpg.rf.88c5998802017bcdb56da0c4110fc8be.jpg,1,0,0,1,0.01
OTHERS-703_jpg.rf.254d53b3974e62cee6519be51063a0f5.jpg,1,0,0,1,0.01
OTHERS-704_jpg.rf.7632d3e49e2c94252d8bc5456e46e158.jpg,1,0,0,1,0.01
OTHERS-705_jpg.rf.f27c3fed9bff017796598f4163094e01.jpg,1,0,0,1,0.01
OTHERS-706_jpg.rf.22259f0338390cc32673fe78898642f9.jpg,0,0,1,1,0.01
OTHERS-707_jpg.rf.293c73d3c70ecd6192d174923fc9c497.jpg,1,0,0,1,0.01
OTHERS-708_jpg.rf.7564501b6fe1793fec7b0e920a415a6b.jpg,0,0,1,1,0.01
OTHERS-709_jpg.rf.bfb8f0f854566eb26953c20474dedb38.jpg,0,0,1,1,0.01
OTHERS-70_jpg.rf.9b36896c63fa94f5f78cf1521500f649.jpg,1,0,0,1,0.01
OTHERS-70_jpg.rf.cd1a626ebc9399006e3f976ae7aeeea7.jpg,1,0,0,1,0.01
OTHERS-710_jpg.rf.f6464159b92bddc4ff780a9c416f127b.jpg,0,1,0,1,0.01
OTHERS-711_jpg.rf.f070eccba468cc0b48b3594ca1e17c1b.jpg,0,0,1,1,0.01
OTHERS-712_jpg.rf.66d23b613305fbc92f363e1c4527c828.jpg,1,0,0,1,0.01
OTHERS-713_jpg.rf.50f43401b247237cdceb559aa88d46c3.jpg,1,0,0,1,0.01
OTHERS-714_jpg.rf.245c5b0d85c61f7b1437858cd395eb61.jpg,1,0,0,1,0.01
OTHERS-715_jpg.rf.181e2f59d6c25b2013ace88ffde3b363.jpg,1,0,0,1,0.01
OTHERS-716_jpg.rf.f64bb722b96b0785b9961da0ee014c8f.jpg,1,0,0,1,0.01
OTHERS-717_jpg.rf.e6b7967b7f2ef466945c05760795243b.jpg,0,0,1,1,0.01
OTHERS-718_jpg.rf.d1ea83b840a04ba4241ddc89f42a1767.jpg,1,0,0,1,0.01
OTHERS-719_jpg.rf.3024f2a6b1c64bdceaf7f9466d1cc21e.jpg,0,0,1,1,0.01
OTHERS-71_jpg.rf.548d2b42a50cc81979c7f3e8586e6171.jpg,1,0,0,1,0.01
OTHERS-71_jpg.rf.ba62384e8b513047bf8122c790ed1ba3.jpg,1,0,0,1,0.01
OTHERS-720_jpg.rf.f9ae1ed0db702a4635d25d406e5b45c1.jpg,1,0,0,1,0.01
OTHERS-721_jpg.rf.ce640e19cddcc36f55e7a0099c863aa9.jpg,1,0,0,1,0.01
OTHERS-722_jpg.rf.7cc9881ea2ada57ec4e3932d61bbaf59.jpg,1,0,0,1,0.01
OTHERS-723_jpg.rf.647a994e67461bd649a5094398c82f04.jpg,1,0,0,1,0.01
OTHERS-724_jpg.rf.c868b4746669a6d7ee9488bb29ae3a3e.jpg,0,0,1,1,0.01
OTHERS-725_jpg.rf.4cb481b78322560bd06385a01903ef68.jpg,1,0,0,1,0.01
OTHERS-726_jpg.rf.74e2c56e0aed50f7bf6e8189c2332654.jpg,1,0,0,1,0.01
OTHERS-727_jpg.rf.bfb57de999dc12fc8809d06f34c9431b.jpg,1,0,0,1,0.01
OTHERS-728_jpg.rf.14ed4c5637af0a07d869a67ce9a405c1.jpg,1,0,0,1,0.01
OTHERS-729_jpg.rf.e516200be609de7a3973c96f439091b5.jpg,1,0,0,1,0.01
OTHERS-72_jpg.rf.b770a1d4c968ccd35d7d2f9a76cea29e.jpg,1,0,0,1,0.01
OTHERS-72_jpg.rf.e627e33863b1071f775b03e98d2a42e3.jpg,1,0,0,1,0.01
OTHERS-730_jpg.rf.b665229687df588d600d562956a8d798.jpg,0,0,1,1,0.01
OTHERS-731_jpg.rf.ef2ead46c0d13ca1e8d35c6c65292799.jpg,0,0,1,1,0.01
OTHERS-732_jpg.rf.9d6f0bfbea0d1be1cc0deb609bf451bf.jpg,1,0,0,1,0.01
OTHERS-733_jpg.rf.535f086bdc64420da4539ff9812fa485.jpg,1,0,0,1,0.01
OTHERS-734_jpg.rf.c35fed34fc82a9b0a08e2ff143059cbf.jpg,1,0,0,1,0.01
OTHERS-735_jpg.rf.24e39fe9b65c97645ea8df0fbc0f3071.jpg,1,0,0,1,0.01
OTHERS-736_jpg.rf.6763aad5f431df82837c27afc8bc655f.jpg,1,0,0,1,0.01
OTHERS-737_jpg.rf.faa14fc18deca789dedc52e1e1388b1b.jpg,1,0,0,1,0.01
OTHERS-738_jpg.rf.276cb9e1882e3fdbceea80937a42b643.jpg,1,0,0,1,0.01
OTHERS-739_jpg.rf.f55a246783548cef644f9a5a15a6dbed.jpg,1,0,0,1,0.01
OTHERS-73_jpg.rf.09708e7cddec928c39c40a11621b1b4e.jpg,1,0,0,1,0.01
OTHERS-73_jpg.rf.dd1da4d740e6fe6a82a7cf99a5ab21e0.jpg,0,0,1,1,0.01
OTHERS-740_jpg.rf.423289ccc45163a5a268504dd4bccca3.jpg,1,0,0,1,0.01
OTHERS-741_jpg.rf.d6c34a82d0207e1ec1b24da31ca92d0d.jpg,1,0,0,1,0.01
OTHERS-742_jpg.rf.f41c67893e585c9b2e773399cad006c6.jpg,1,0,0,1,0.01
OTHERS-743_jpg.rf.88c70d608259e1fa4427ff9a3c126bdf.jpg,1,0,0,1,0.01
OTHERS-744_jpg.rf.16ac637c92a85863117265974577a743.jpg,1,0,0,1,0.01
OTHERS-745_jpg.rf.fa38167419a4013af9345a189edc562c.jpg,1,0,0,1,0.01
OTHERS-746_jpg.rf.af52b5756dad69a84dafda3008605c97.jpg,1,0,0,1,0.01
OTHERS-747_jpg.rf.1829d0b7b1b1da00074b46e63f5ce8bc.jpg,1,0,0,1,0.01
OTHERS-748_jpg.rf.85e27f58a79708dd9ed6ae8843ca44a1.jpg,1,0,0,1,0.01
OTHERS-749_jpg.rf.5c5462771723b12109eca1eead252fca.jpg,0,1,0,1,0.01
OTHERS-74_jpg.rf.4eca465851d1e3065af1861d41b933d2.jpg,1,0,0,1,0.01
OTHERS-74_jpg.rf.6008e395007dae5a56b134c24831da1e.jpg,1,0,0,1,0.01
OTHERS-750_jpg.rf.5e780758a65b7a9e4a9b2af2c3cfed1f.jpg,1,0,0,1,0.01
OTHERS-751_jpg.rf.d132af42816d7ef1eb09613648b7d472.jpg,0,0,1,1,0.01
OTHERS-752_jpg.rf.721c0dcadae9cb8abae9a1e46e597719.jpg,1,0,0,1,0.01
OTHERS-753_jpg.rf.b6d0d720e3fe8d350b996fda76bd555a.jpg,0,0,1,1,0.01
OTHERS-754_jpg.rf.f3f5cbc2c7be3df03615689eaef7901a.jpg,1,0,0,1,0.01
OTHERS-755_jpg.rf.1eaa1d8ec8704fae58c7ef3a2f85cfd4.jpg,0,0,1,1,0.01
OTHERS-756_jpg.rf.adcb4034677d15482ca4865527ae7c0e.jpg,1,0,0,1,0.01
OTHERS-757_jpg.rf.105780293bcdab1ed704deb26603ec12.jpg,1,0,0,1,0.01
OTHERS-758_jpg.rf.a248c9c66165fe385a116a303c25d7d6.jpg,1,0,0,1,0.01
OTHERS-759_jpg.rf.cf7348c60d0f042a1b9dfd5b92eb922a.jpg,0,0,1,1,0.01
OTHERS-75_jpg.rf.06f75d1fb8728df2de75eb019b1d9494.jpg,1,0,0,1,0.01
OTHERS-75_jpg.rf.5d9112f2f51b0b39fd0c78df195f736a.jpg,1,0,0,1,0.01
OTHERS-760_jpg.rf.1b541c960702dd6bd2efa431739a04f5.jpg,1,0,0,1,0.01
OTHERS-761_jpg.rf.73bcd8080a96645606e8e2711a88927b.jpg,0,1,0,1,0.01
OTHERS-762_jpg.rf.175145e96509bbd65adbfef4809fab79.jpg,1,0,0,1,0.01
OTHERS-763_jpg.rf.5d1c8b63a65237a2f22cb5acbfe28255.jpg,1,0,0,1,0.01
OTHERS-764_jpg.rf.09912569153e19a7148ddc2a159d6742.jpg,1,0,0,1,0.01
OTHERS-765_jpg.rf.171cbbeb3fd5720d85f9a76ad8be9c29.jpg,0,0,1,1,0.01
OTHERS-766_jpg.rf.0f3e3dcb005b985fb079702cb4b50954.jpg,1,0,0,1,0.01
OTHERS-767_jpg.rf.7c10e26de72598f2f32a790e73ccd105.jpg,1,0,0,1,0.01
OTHERS-768_jpg.rf.c8571d7ae1da2586146e3d5674d8383c.jpg,0,1,0,1,0.01
OTHERS-769_jpg.rf.152d56534ef6b233ad8f4fa24a8d86e1.jpg,1,0,0,1,0.01
OTHERS-76_jpg.rf.b023916278db6e287abe1ec3600e7639.jpg,1,0,0,1,0.01
OTHERS-770_jpg.rf.88281c397fa9d4ddb7975f5c47ab0f35.jpg,0,0,1,1,0.01
OTHERS-771_jpg.rf.60f509ba3954b3b2465f795f8b6e29d2.jpg,1,0,0,1,0.01
OTHERS-772_jpg.rf.50add57d9815ce7cf59509d732ae0b46.jpg,1,0,0,1,0.01
OTHERS-773_jpg.rf.a7bc18b32eba74d5977861188f74e840.jpg,0,1,0,1,0.01
OTHERS-774_jpg.rf.fee4cf7181966a023dd05c5e390f3aba.jpg,1,0,0,1,0.01
OTHERS-775_jpg.rf.29655e5daf9839355f5f698ab7b69a3b.jpg,1,0,0,1,0.01
OTHERS-776_jpg.rf.9d0b18f9abb5f8cea5938ff5e9b54ac4.jpg,0,0,1,1,0.01
OTHERS-777_jpg.rf.2572f40f957121116592c25b3e4e69c1.jpg,1,0,0,1,0.01
OTHERS-778_jpg.rf.3df599d52b9a5b967670f942a2fb569e.jpg,1,0,0,1,0.01
OTHERS-779_jpg.rf.30893eefdd60f829db95c3a31c2e28f2.jpg,1,0,0,1,0.01
OTHERS-77_jpg.rf.176c099d7fb764751974a1876ecc8d49.jpg,1,0,0,1,0.01
OTHERS-77_jpg.rf.558ce7ab05068ded7ffa60f968f1109c.jpg,1,0,0,1,0.01
OTHERS-780_jpg.rf.799a1c30ae19040d3ba698d9bf3ab1ad.jpg,1,0,0,1,0.01
OTHERS-781_jpg.rf.9a93d419587b8f3302db9801799331f3.jpg,1,0,0,1,0.01
OTHERS-782_jpg.rf.377e9c7035c88466e2ab7117a2f34632.jpg,1,0,0,1,0.01
OTHERS-783_jpg.rf.9a282b3ac9861804f0581fbaa8606e00.jpg,1,0,0,1,0.01
OTHERS-784_jpg.rf.1b3a02f80b3611e1323aa4268550c456.jpg,1,0,0,1,0.01
OTHERS-785_jpg.rf.81b47bdd353bf5dd1ba7a97d3768a976.jpg,0,0,1,1,0.01
OTHERS-786_jpg.rf.c11ce25e564856b7a26d7ad9c05b119d.jpg,0,0,1,1,0.01
OTHERS-787_jpg.rf.f33132e36e61290f5a8018c07f9426a1.jpg,1,0,0,1,0.01
OTHERS-788_jpg.rf.6966db17b1f31b8e378ed76e8f4a108a.jpg,1,0,0,1,0.01
OTHERS-789_jpg.rf.ec50d304643d4bcfe1f164f8e8d61e74.jpg,1,0,0,1,0.01
OTHERS-78_jpg.rf.02cccf9f10284b4bd61b078dac92b5dd.jpg,1,0,0,1,0.01
OTHERS-78_jpg.rf.d46d676bb1995f807a452bde08e0ec2f.jpg,1,0,0,1,0.01
OTHERS-790_jpg.rf.418d08ed7326cd54634b96c8912b101e.jpg,1,0,0,1,0.01
OTHERS-791_jpg.rf.8cd1271703454b10f9a76b83c29b539f.jpg,1,0,0,1,0.01
OTHERS-792_jpg.rf.31dfb5947e937486cd1cb07411e4b372.jpg,1,0,0,1,0.01
OTHERS-793_jpg.rf.80452a356ea58c0997667109660dc2d8.jpg,1,0,0,1,0.01
OTHERS-794_jpg.rf.3a115275a28aa6fc8b068e6b6784303a.jpg,1,0,0,1,0.01
OTHERS-795_jpg.rf.1c49c6e3dfb405ee7285ab6585b7e021.jpg,1,0,0,1,0.01
OTHERS-796_jpg.rf.c4f862db890dbcf767941e875d5423d9.jpg,1,0,0,1,0.01
OTHERS-797_jpg.rf.4b17e6e78cc100a2c7135fb4ba63fbab.jpg,1,0,0,1,0.01
OTHERS-798_jpg.rf.b365f540c9ecef3301169291f7c7a77b.jpg,0,0,1,1,0.01
OTHERS-799_jpg.rf.b752137893e1b375eac316db47a941db.jpg,1,0,0,1,0.01
OTHERS-79_jpg.rf.06b2bb447c5d276c26625f5af0ebca9e.jpg,1,0,0,1,0.01
OTHERS-79_jpg.rf.677d969c41b3a0fc660ae267144eec4e.jpg,0,0,1,1,0.01
OTHERS-7_jpg.rf.6c7d5ea35170609460964f3bd29e0478.jpg,1,0,0,1,0.01
OTHERS-800_jpg.rf.88aa54a2d7cd1078e3c156d4c1f893e5.jpg,1,0,0,1,0.01
OTHERS-801_jpg.rf.315dfd48d17799d62749f48a6e8ea2a3.jpg,1,0,0,1,0.01
OTHERS-802_jpg.rf.1981a6e2a087e8104ef7a1756ac757f1.jpg,0,0,1,1,0.01
OTHERS-803_jpg.rf.7fa0173aca363b8e7e841b03680df83f.jpg,0,1,0,1,0.01
OTHERS-804_jpg.rf.bda3539c2e2e254c0987623d7615a01e.jpg,1,0,0,1,0.01
OTHERS-805_jpg.rf.8e9f8d9019b2e1e6d60341d60fad72bd.jpg,0,1,0,1,0.01
OTHERS-806_jpg.rf.e6dcb7cef1686a70ed7a22f1c8310c98.jpg,0,0,1,1,0.01
OTHERS-807_jpg.rf.c08f9e17bd789420eff15672af78b0a9.jpg,1,0,0,1,0.01
OTHERS-808_jpg.rf.5a33a6c5530f2c3fb8b8c327da0a8490.jpg,1,0,0,1,0.01
OTHERS-809_jpg.rf.c8a738beb70ed9cbd37ab522704e495b.jpg,0,1,0,1,0.01
OTHERS-80_jpg.rf.656dde4c8215139f8035b6a7bf9bb6a5.jpg,0,1,0,1,0.01
OTHERS-80_jpg.rf.6bad9498a175b486d2770b658ddb1804.jpg,0,0,1,1,0.01
OTHERS-810_jpg.rf.d3fbf91e255835bc596a72ddb7eef99c.jpg,0,1,0,1,0.01
OTHERS-811_jpg.rf.9089b438259b32135b9fca98d476b7e4.jpg,1,0,0,1,0.01
OTHERS-812_jpg.rf.d818eae31ad5f9af5cd7775c0cb466ce.jpg,1,0,0,1,0.01
OTHERS-813_jpg.rf.673d1f0a92c673b7b55d092cd7fc2aa3.jpg,0,0,1,1,0.01
OTHERS-814_jpg.rf.95ce743cb17610b13132ee2dcdd29b65.jpg,1,0,0,1,0.01
OTHERS-815_jpg.rf.e6aefcc17173c6ae04791e5adae6702f.jpg,1,0,0,1,0.01
OTHERS-816_jpg.rf.cbce7cf542a4800b363d50fa9f11397a.jpg,1,0,0,1,0.01
OTHERS-817_jpg.rf.7170fc1846412a63f87b3433beee173c.jpg,1,0,0,1,0.01
OTHERS-818_jpg.rf.f970622c208439a94e5fbb32db3079bf.jpg,0,1,0,1,0.01
OTHERS-819_jpg.rf.ae736189f7651d1a9cab6a4b2c488e50.jpg,1,0,0,1,0.01
OTHERS-81_jpg.rf.294f484be8c1b6b87dc9fe401c638a08.jpg,1,0,0,1,0.01
OTHERS-81_jpg.rf.30ae220148ec22e14b835e44995fcb26.jpg,1,0,0,1,0.01
OTHERS-820_jpg.rf.7595ac9e6be2862a6775c802db31e5c9.jpg,0,1,0,1,0.01
OTHERS-821_jpg.rf.93f28ab60c9b555ffb94fca3a7e622b8.jpg,1,0,0,1,0.01
OTHERS-822_jpg.rf.3ed18c5740934183e2cb0a698230b5fc.jpg,0,0,1,1,0.01
OTHERS-823_jpg.rf.3ad8d53c21765cbf0669ae47fcccbd1a.jpg,0,0,1,1,0.01
OTHERS-824_jpg.rf.ce2c9f5f8666d420922c1e4f6ba3ddeb.jpg,1,0,0,1,0.01
OTHERS-825_jpg.rf.5541d051efab7c5959aef8a6728b9311.jpg,1,0,0,1,0.01
OTHERS-826_jpg.rf.9f656f30c73a11ce26bf27a25e997cbe.jpg,1,0,0,1,0.01
OTHERS-827_jpg.rf.0cdf88fe685b9418c1f1f25bca5c7b7a.jpg,1,0,0,1,0.01
OTHERS-828_jpg.rf.5865a2fd6ea6fa58d81ea2a4c17675b8.jpg,1,0,0,1,0.01
OTHERS-829_jpg.rf.00dfec168e69ceeab9f3d648f8440bda.jpg,1,0,0,1,0.01
OTHERS-82_jpg.rf.b4db1eb947ddc37b41861e832608b8a1.jpg,1,0,0,1,0.01
OTHERS-82_jpg.rf.f883794b9b6a36b56d12acb4619da753.jpg,1,0,0,1,0.01
OTHERS-830_jpg.rf.be3a0ef7f1ae1c886be5d0867cb7b2d0.jpg,1,0,0,1,0.01
OTHERS-831_jpg.rf.3bafb1e98f63c902ebdd81296d649cc7.jpg,0,0,1,1,0.01
OTHERS-832_jpg.rf.d3b29213abb9cdeb80f55f312b8eb35a.jpg,1,0,0,1,0.01
OTHERS-833_jpg.rf.f4153746ff3066daa8cd703c4f5d71c5.jpg,1,0,0,1,0.01
OTHERS-834_jpg.rf.1e55d7920163e93c414fcb55b8cc8ef4.jpg,0,1,0,1,0.01
OTHERS-835_jpg.rf.4e28072be7dd6cabd15cfeebeed97224.jpg,1,0,0,1,0.01
OTHERS-836_jpg.rf.8f5ec8f27c815366bb4d4661a76f06e6.jpg,1,0,0,1,0.01
OTHERS-837_jpg.rf.599e2baf1bba444f7ecfe099fba8197d.jpg,1,0,0,1,0.01
OTHERS-838_jpg.rf.cfc367ae956d3c94523e825dfc71338f.jpg,1,0,0,1,0.01
OTHERS-839_jpg.rf.7a47b6843a7c8474f56f86cf505edd64.jpg,1,0,0,1,0.01
OTHERS-83_jpg.rf.06d4d32837187c93bcf898e442e38876.jpg,1,0,0,1,0.01
OTHERS-83_jpg.rf.6c6bdc0e68b12a963bf32df14ba0bf24.jpg,0,0,1,1,0.01
OTHERS-840_jpg.rf.c031c47b4ae1f709d0cb9ae9f0c42387.jpg,1,0,0,1,0.01
OTHERS-841_jpg.rf.3e50ae2fb3c0da141c3f35006beff18e.jpg,1,0,0,1,0.01
OTHERS-842_jpg.rf.a010e4529af649f1d4b139f14812be84.jpg,0,1,0,1,0.01
OTHERS-843_jpg.rf.fce870f0042d7c0fa9096cd0e9e5aa19.jpg,0,0,1,1,0.01
OTHERS-844_jpg.rf.7266c9802425a932ffed5a9c5c714d9d.jpg,1,0,0,1,0.01
OTHERS-845_jpg.rf.a5d2750e4a8d10fdb1de7bf651c47fc5.jpg,0,0,1,1,0.01
OTHERS-846_jpg.rf.a81849479485ce5ee270f26ab97c1440.jpg,0,0,1,1,0.01
OTHERS-847_jpg.rf.5038e67d725070c46ee3ac1096c511ad.jpg,1,0,0,1,0.01
OTHERS-848_jpg.rf.3d4337674290fb7c5a5b8594056242c0.jpg,1,0,0,1,0.01
OTHERS-849_jpg.rf.904b48f646fdad0aa0db4ceb7161af31.jpg,1,0,0,1,0.01
OTHERS-84_jpg.rf.5b1dc52c1ed6c5c7930a65f10fcb2573.jpg,0,0,1,1,0.01
OTHERS-84_jpg.rf.ebca09bb4762ab1a85f865431ccae68f.jpg,1,0,0,1,0.01
OTHERS-850_jpg.rf.1f452289a89a7b22c78d7aeffdd7b8ef.jpg,0,1,0,1,0.01
OTHERS-851_jpg.rf.31c5e29c6cb5fc8c58683a24ee713983.jpg,1,0,0,1,0.01
OTHERS-852_jpg.rf.ccb1db52dc296a0e9d4f3b6c1d9826a5.jpg,1,0,0,1,0.01
OTHERS-853_jpg.rf.1884954ce0e760efdd92f225a7e17b86.jpg,1,0,0,1,0.01
OTHERS-854_jpg.rf.3dad5c3fe2e65dbe50b6081f2798800e.jpg,1,0,0,1,0.01
OTHERS-855_jpg.rf.f612b910c9e87dc62e1126f1a0555029.jpg,1,0,0,1,0.01
OTHERS-856_jpg.rf.c5af8508d2e2f0e448c63a8b98a5860e.jpg,1,0,0,1,0.01
OTHERS-857_jpg.rf.cd0ee8a9123efca51e0674e6547972c1.jpg,0,1,0,1,0.01
OTHERS-858_jpg.rf.dbd87760e0d0daa55277e40d82a07d32.jpg,1,0,0,1,0.01
OTHERS-859_jpg.rf.34524e375a49e68964b889d33ed295d8.jpg,1,0,0,1,0.01
OTHERS-85_jpg.rf.25cb835c8a960c18e404ba54660b92c9.jpg,1,0,0,1,0.01
OTHERS-85_jpg.rf.b854441f3392fd30fcf395c099e08f69.jpg,1,0,0,1,0.01
OTHERS-860_jpg.rf.365f8f19f9ac8828181671f0e090bca7.jpg,0,0,1,1,0.01
OTHERS-861_jpg.rf.9f02b8ef308d630aca34fcb97df30583.jpg,1,0,0,1,0.01
OTHERS-862_jpg.rf.8042ee2634c0680c24726474d43ad96a.jpg,1,0,0,1,0.01
OTHERS-863_jpg.rf.af90560b657444b259288269a039a763.jpg,1,0,0,1,0.01
OTHERS-864_jpg.rf.d4f7a6b80869287cf37fdeaca3d2986e.jpg,1,0,0,1,0.01
OTHERS-865_jpg.rf.b8a25aa5b267a1d34e1508a27b05e200.jpg,1,0,0,1,0.01
OTHERS-866_jpg.rf.c17341560f5c47df181acc1912644ab1.jpg,1,0,0,1,0.01
OTHERS-867_jpg.rf.b0e03852967221098a80736d67eefd95.jpg,1,0,0,1,0.01
OTHERS-868_jpg.rf.4cf97b0c6332598821e3bea5217fcf48.jpg,1,0,0,1,0.01
OTHERS-869_jpg.rf.041ebea506d7dc8b6ba3c77951c4139d.jpg,1,0,0,1,0.01
OTHERS-86_jpg.rf.0da56b996468c50605f8bfb941a8c186.jpg,1,0,0,1,0.01
OTHERS-86_jpg.rf.a4754d9b02d2b23dc9c406bea0701c60.jpg,1,0,0,1,0.01
OTHERS-870_jpg.rf.9a7357d7e5367f96b95481c32668a84e.jpg,0,1,0,1,0.01
OTHERS-871_jpg.rf.0a6cdbbe575faf53bba2fbfcc3675699.jpg,1,0,0,1,0.01
OTHERS-872_jpg.rf.8c3885ef2b321a7fa96fbf233badd47c.jpg,0,1,0,1,0.01
OTHERS-873_jpg.rf.61dd106824298b9d3b2649bb5c8c5db9.jpg,1,0,0,1,0.01
OTHERS-874_jpg.rf.6000bb9a08e6a5c1e02c3ee60de2297d.jpg,1,0,0,1,0.01
OTHERS-875_jpg.rf.984385c2e9b7902b9950bdb82e87f2fc.jpg,1,0,0,1,0.01
OTHERS-876_jpg.rf.df82c0492b76dd2c7be0210fcd884a12.jpg,1,0,0,1,0.01
OTHERS-877_jpg.rf.ca281a2343dfcba6f5ec5a027028e786.jpg,0,1,0,1,0.01
OTHERS-878_jpg.rf.f29725aabde589d7dba37c5e7a1efd40.jpg,1,0,0,1,0.01
OTHERS-879_jpg.rf.73ad9a5ddba97c09b782d627084c9321.jpg,1,0,0,1,0.01
OTHERS-87_jpg.rf.62a2f2c9a131a31d97b70d960a4fa72a.jpg,0,0,1,1,0.01
OTHERS-87_jpg.rf.d92cf30ad9e18055c28967bfe9a8d7aa.jpg,1,0,0,1,0.01
OTHERS-880_jpg.rf.721e476c0c2a6e1ec64e59d25dbf78c4.jpg,0,1,0,1,0.01
OTHERS-881_jpg.rf.4024c401d63042ffae0c94859d53a150.jpg,1,0,0,1,0.01
OTHERS-882_jpg.rf.9604a66d024c3edef9c574dfeb02c64d.jpg,1,0,0,1,0.01
OTHERS-883_jpg.rf.a5426b2a9517a841a57895d9c22b2d94.jpg,0,1,0,1,0.01
OTHERS-884_jpg.rf.1827d3ab850026eabf502c2b2c45e49a.jpg,1,0,0,1,0.01
OTHERS-885_jpg.rf.274d10584a8e1eb38843f4aad8c4ac92.jpg,1,0,0,1,0.01
OTHERS-886_jpg.rf.7a541b0bef57726d93bba0f511b750e2.jpg,1,0,0,1,0.01
OTHERS-887_jpg.rf.22594aea6245445a8d2e1f6e70326737.jpg,1,0,0,1,0.01
OTHERS-888_jpg.rf.4e6e5aa7501cba629532fe0ca1a38d6b.jpg,1,0,0,1,0.01
OTHERS-889_jpg.rf.817de93d85b0fbc8d5259b4c059e44c0.jpg,0,0,1,1,0.01
OTHERS-88_jpg.rf.37f439ef7f33b47e3f65267667f82572.jpg,0,0,1,1,0.01
OTHERS-88_jpg.rf.730736965d2e97dbd3470f9e26ddb079.jpg,1,0,0,1,0.01
OTHERS-890_jpg.rf.63f5bcc171da9bcb88c6f9730cfe03d7.jpg,1,0,0,1,0.01
OTHERS-891_jpg.rf.fe7532ca30e22a804a58ec6b796efe71.jpg,1,0,0,1,0.01
OTHERS-892_jpg.rf.12822ce34360ce3f53ffdc3c894a7a6e.jpg,1,0,0,1,0.01
OTHERS-893_jpg.rf.957f868f612050f6d6996e3e402eb9d3.jpg,1,0,0,1,0.01
OTHERS-894_jpg.rf.1862dceb631c4015235c72c860434585.jpg,1,0,0,1,0.01
OTHERS-895_jpg.rf.5b0014a03e1abd6e43fd085ed6046d79.jpg,0,0,1,1,0.01
OTHERS-896_jpg.rf.b09843ffa69941f2261c567536d24372.jpg,0,0,1,1,0.01
OTHERS-897_jpg.rf.30a818cfeba79ae6f17d4f4633eebd75.jpg,1,0,0,1,0.01
OTHERS-898_jpg.rf.c10a7c1c2e940feac74c2dc77c877862.jpg,1,0,0,1,0.01
OTHERS-899_jpg.rf.2d1e47b8a545dee47b4c44ccfeffd879.jpg,0,1,0,1,0.01
OTHERS-89_jpg.rf.221a6a85a99a52039c2fcb561c85e62a.jpg,1,0,0,1,0.01
OTHERS-89_jpg.rf.fff0d6b4214c8775c068626e37cd34a7.jpg,1,0,0,1,0.01
OTHERS-8_jpg.rf.c33862a1feeb673c7778781cb77a43ab.jpg,1,0,0,1,0.01
OTHERS-8_jpg.rf.eb7a3268c649216440cd0893535048d7.jpg,1,0,0,1,0.01
OTHERS-900_jpg.rf.544d15eefdf29f48826e00d385b52ac7.jpg,0,0,1,1,0.01
OTHERS-901_jpg.rf.675873e32a76b617b6dd3357c78ebd7f.jpg,1,0,0,1,0.01
OTHERS-902_jpg.rf.3036b4375c5e51aabf4ce9a4a45e3061.jpg,1,0,0,1,0.01
OTHERS-903_jpg.rf.f7d90e7f884c6ccfff14a781ccc9a8f2.jpg,1,0,0,1,0.01
OTHERS-904_jpg.rf.0ae6cdbd2ec94e4a0d10882670765bf7.jpg,0,0,1,1,0.01
OTHERS-905_jpg.rf.188346b6303ebf94955ff38f61ca9c5f.jpg,1,0,0,1,0.01
OTHERS-906_jpg.rf.ed3484def07c52eff6f5520b55f817b4.jpg,1,0,0,1,0.01
OTHERS-907_jpg.rf.07806f372a5d8ffee7ffe4370804f077.jpg,1,0,0,1,0.01
OTHERS-908_jpg.rf.0083102ccb6807ce5aa1d56b0adcedd0.jpg,1,0,0,1,0.01
OTHERS-909_jpg.rf.a5d018ac14234a7481d20d27e117c427.jpg,1,0,0,1,0.01
OTHERS-90_jpg.rf.2968452a3d7321068e10f8d72d68ff17.jpg,1,0,0,1,0.01
OTHERS-90_jpg.rf.7b724103fdbbb0bc2e301bc39d9ef01a.jpg,1,0,0,1,0.01
OTHERS-910_jpg.rf.eec1110c66f542a23d81d29d25fa303b.jpg,0,0,1,1,0.01
OTHERS-911_jpg.rf.e9719763a64fe248c2984fbf7764ea0c.jpg,1,0,0,1,0.01
OTHERS-912_jpg.rf.74f9c188100e7fcfb0409b6a0256666e.jpg,0,1,0,1,0.01
OTHERS-913_jpg.rf.2f5e1a72e9799387c3e0190425a1c3ee.jpg,1,0,0,1,0.01
OTHERS-914_jpg.rf.7594855a2033938d4d2f5f2f82505daf.jpg,1,0,0,1,0.01
OTHERS-915_jpg.rf.44d7d068b9a7e7d7c3a4b0137ec73134.jpg,0,0,1,1,0.01
OTHERS-916_jpg.rf.80da97f3fa775169751ec88562755092.jpg,1,0,0,1,0.01
OTHERS-917_jpg.rf.283fbf9eadfae25109d9695161fbd31c.jpg,1,0,0,1,0.01
OTHERS-918_jpg.rf.c794d0f5e6eacbba2d6fca5de21677b1.jpg,0,0,1,1,0.01
OTHERS-919_jpg.rf.fa1ab151c3c311c6198a1317605b7541.jpg,1,0,0,1,0.01
OTHERS-91_jpg.rf.903b52cb696ead057579a60c9fcd5be8.jpg,1,0,0,1,0.01
OTHERS-91_jpg.rf.e840067adf46fc74ba73ba824e718b68.jpg,0,0,1,1,0.01
OTHERS-920_jpg.rf.85f62fe05979f731bdd22fceaf6cd2cd.jpg,0,1,0,1,0.01
OTHERS-921_jpg.rf.e429793a31c2c6f75a84aea0a9397e99.jpg,1,0,0,1,0.01
OTHERS-922_jpg.rf.74f3b523307cafd461b616471a9cd2c1.jpg,0,1,0,1,0.01
OTHERS-923_jpg.rf.9922a7fb02d9eca8ba4a331a90beeb15.jpg,0,0,1,1,0.01
OTHERS-924_jpg.rf.a2f8788e93c7af470485f702b6e0547f.jpg,0,1,0,1,0.01
OTHERS-925_jpg.rf.75cf4ef1fad5e3ed47d6fbd6c9ca9e32.jpg,1,0,0,1,0.01
OTHERS-926_jpg.rf.ab8d2d9f4c08890b1277c6b053d8c96e.jpg,1,0,0,1,0.01
OTHERS-927_jpg.rf.6fe7cadafb14f2935c16e1d99544f7a4.jpg,1,0,0,1,0.01
OTHERS-928_jpg.rf.be7223434f7629ead1b8d380344e6cf0.jpg,0,1,0,1,0.01
OTHERS-929_jpg.rf.d493b656e000d81ca35d2ee4879b396c.jpg,0,1,0,1,0.01
OTHERS-92_jpg.rf.71764256c8b3a95606e360480b3da76e.jpg,1,0,0,1,0.01
OTHERS-92_jpg.rf.886dcf4504986b05b3b07dad4995f4e3.jpg,1,0,0,1,0.01
OTHERS-930_jpg.rf.e05887248bea22c716385ce4530263ee.jpg,1,0,0,1,0.01
OTHERS-931_jpg.rf.5e0a3fd4ae7305258ada8874be35ef8e.jpg,1,0,0,1,0.01
OTHERS-932_jpg.rf.a723afa0bd61075f2a00fbd155a0f77d.jpg,1,0,0,1,0.01
OTHERS-933_jpg.rf.829b6800b291c1c00d9c439bf1590ee0.jpg,1,0,0,1,0.01
OTHERS-934_jpg.rf.55b1fbdd7c51bc2e6adbc046fdef8cfc.jpg,1,0,0,1,0.01
OTHERS-935_jpg.rf.86a0a7179cbff2e468578c9109f1e90e.jpg,1,0,0,1,0.01
OTHERS-936_jpg.rf.83d45ae6b4db40098b83b955ec625a97.jpg,1,0,0,1,0.01
OTHERS-937_jpg.rf.cad641934bf6774c3df9c57a24780461.jpg,0,1,0,1,0.01
OTHERS-938_jpg.rf.9e1aa2656129e98a944603bede874847.jpg,1,0,0,1,0.01
OTHERS-939_jpg.rf.1353f6fb572bb7df8a6cbb32aba7b1b9.jpg,1,0,0,1,0.01
OTHERS-93_jpg.rf.71651fd9a0da6879c5d14aa3d44a238e.jpg,0,0,1,1,0.01
OTHERS-93_jpg.rf.79753bbfe65259a02f48ae84e5cadf80.jpg,0,0,1,1,0.01
OTHERS-940_jpg.rf.5b7019bd96c589c02a565038e11152b9.jpg,1,0,0,1,0.01
OTHERS-941_jpg.rf.916f16da81c0b33eb0b751fd0b372100.jpg,0,0,1,1,0.01
OTHERS-942_jpg.rf.a4b45eddb4ebf1fd10f96438b4ca7069.jpg,1,0,0,1,0.01
OTHERS-943_jpg.rf.f55d14051acabcfd2149c16d0a9e1790.jpg,0,0,1,1,0.01
OTHERS-944_jpg.rf.b74bec0e549cc37fb1873ca5addb220d.jpg,1,0,0,1,0.01
OTHERS-945_jpg.rf.87e7af2c5b39b35f8baee4de6393f97a.jpg,1,0,0,1,0.01
OTHERS-946_jpg.rf.20996d144a7833e9e43172576a94b66a.jpg,1,0,0,1,0.01
OTHERS-947_jpg.rf.65a66504ca5feea7fd8105fc7ca8a87f.jpg,1,0,0,1,0.01
OTHERS-948_jpg.rf.f14c14aa285e2112038035a10df38141.jpg,1,0,0,1,0.01
OTHERS-949_jpg.rf.56d013232998fe974bac56b213a3027c.jpg,1,0,0,1,0.01
OTHERS-94_jpg.rf.de353ba1442bb233bf3fd6c77cc758f0.jpg,1,0,0,1,0.01
OTHERS-94_jpg.rf.e514ba685c313c3094f57c82faf2b68b.jpg,0,0,1,1,0.01
OTHERS-950_jpg.rf.cd1d5f9aaf02f328ea9b8a6ce60bd0cd.jpg,0,1,0,1,0.01
OTHERS-951_jpg.rf.2af5e0a0e5c3d749e06167f1baad19d4.jpg,0,1,0,1,0.01
OTHERS-952_jpg.rf.b1d4b22feebb25d6fe987a33df15872f.jpg,1,0,0,1,0.01
OTHERS-953_jpg.rf.43acd81f6e633444e856eeee592e5427.jpg,0,1,0,1,0.01
OTHERS-954_jpg.rf.ef91070121a66bc90492af585396077a.jpg,0,0,1,1,0.01
OTHERS-955_jpg.rf.d68848cc0f2a82609f0b4c0a7991e9b2.jpg,1,0,0,1,0.01
OTHERS-956_jpg.rf.cafa12fc8550b41ce2453fcff3e1f4f1.jpg,1,0,0,1,0.01
OTHERS-957_jpg.rf.0650446becb86be6e28e09236e84cb3b.jpg,1,0,0,1,0.01
OTHERS-958_jpg.rf.5d8767882de38e465f1f754bf896532a.jpg,0,1,0,1,0.01
OTHERS-959_jpg.rf.82f3fe6b7061a981ae1ec1d28517b1d6.jpg,0,0,1,1,0.01
OTHERS-95_jpg.rf.f32e4151ab3b419ee44d44115828b98c.jpg,1,0,0,1,0.01
OTHERS-960_jpg.rf.138fdf9a32c6beb3e2beeadfb5ac98c6.jpg,1,0,0,1,0.01
OTHERS-961_jpg.rf.7f0e9d4cd163f555493f2aad952b1cf0.jpg,1,0,0,1,0.01
OTHERS-962_jpg.rf.f8f86c02a80ae32b19015ab50cb087c9.jpg,1,0,0,1,0.01
OTHERS-963_jpg.rf.255e33234c270d02bcfcca5a5901744f.jpg,0,1,0,1,0.01
OTHERS-964_jpg.rf.f5ee7ee8e88cef43d5afc4e895787040.jpg,1,0,0,1,0.01
OTHERS-965_jpg.rf.f29ae051f4f0f868004474889500e1a3.jpg,1,0,0,1,0.01
OTHERS-966_jpg.rf.90b46dc74942bf343a594741c6a1758a.jpg,0,0,1,1,0.01
OTHERS-967_jpg.rf.e1fd48dc93641085ed7b32bef11295db.jpg,1,0,0,1,0.01
OTHERS-968_jpg.rf.4a671dea9eb3dcd9cbbb1bd915f468bd.jpg,1,0,0,1,0.01
OTHERS-969_jpg.rf.418dd3ac9344c1b8df6301035190c402.jpg,1,0,0,1,0.01
OTHERS-96_jpg.rf.b928c44d9d374f4581b2a0f650c56f23.jpg,1,0,0,1,0.01
OTHERS-96_jpg.rf.e963f35be8ef519f16351cbf1762ebb6.jpg,0,1,0,1,0.01
OTHERS-970_jpg.rf.785edb74d07eb9ed10b2d7dbbbfa4e03.jpg,1,0,0,1,0.01
OTHERS-971_jpg.rf.2314b91a7d80728779b538a4f7640291.jpg,0,0,1,1,0.01
OTHERS-972_jpg.rf.b4d052c2e9ab2ef044abd1847b8ae65f.jpg,1,0,0,1,0.01
OTHERS-973_jpg.rf.7dd8cf23545280c7aef95163c6a73309.jpg,1,0,0,1,0.01
OTHERS-974_jpg.rf.6483fb38780d980e704087dc0af5cd59.jpg,1,0,0,1,0.01
OTHERS-975_jpg.rf.44fc921587b40ff7d6b968e6cf5039f9.jpg,1,0,0,1,0.01
OTHERS-976_jpg.rf.6fd0d365624f7180154090ef61aa7410.jpg,0,0,1,1,0.01
OTHERS-977_jpg.rf.2570ae8e4f0a98dcb6cdd743fb555418.jpg,1,0,0,1,0.01
OTHERS-978_jpg.rf.a8d444a8e52928cc36d1988127720f12.jpg,0,0,1,1,0.01
OTHERS-979_jpg.rf.e90ba975e66066f5ab73678463b677b0.jpg,0,0,1,1,0.01
OTHERS-97_jpg.rf.a2e855e81a0e5355fc13a204abbefa3b.jpg,1,0,0,1,0.01
OTHERS-97_jpg.rf.d968e3bb29f0643e67424c0ae40e34d2.jpg,1,0,0,1,0.01
OTHERS-980_jpg.rf.3ecef1f7f18bf8d0ee52ceb53346ba81.jpg,0,0,1,1,0.01
OTHERS-981_jpg.rf.d931fccae5ba27ae3233370972803e5d.jpg,0,0,1,1,0.01
OTHERS-982_jpg.rf.7130a5a412bed063ef2741de2fe265a1.jpg,1,0,0,1,0.01
OTHERS-983_jpg.rf.7bdf1b05b3d1df6dce4c96592dde6150.jpg,1,0,0,1,0.01
OTHERS-984_jpg.rf.6762ed85c5e273d143eefd05a83a67c5.jpg,1,0,0,1,0.01
OTHERS-985_jpg.rf.22e383f1e236fc495093eae8e78ba378.jpg,1,0,0,1,0.01
OTHERS-986_jpg.rf.2664fb1dfd0a127148c29c3705bb032a.jpg,1,0,0,1,0.01
OTHERS-987_jpg.rf.5a98429d022c5ae5e34308b8a1a0146d.jpg,1,0,0,1,0.01
OTHERS-988_jpg.rf.33a893ad2015a468b34bcb0079b34c37.jpg,1,0,0,1,0.01
OTHERS-989_jpg.rf.76749d8ede30c61b84a6924c41f822e9.jpg,0,0,1,1,0.01
OTHERS-98_jpg.rf.331893453a8bd01a00097a8a7cbef21a.jpg,1,0,0,1,0.01
OTHERS-98_jpg.rf.550ff1b46020f88a92119e078fdd9340.jpg,1,0,0,1,0.01
OTHERS-990_jpg.rf.75fecac1cfdd15043517ee21dddc7d6d.jpg,1,0,0,1,0.01
OTHERS-991_jpg.rf.a636097566138ffcebf48f71e2500c84.jpg,0,1,0,1,0.01
OTHERS-992_jpg.rf.8905f61816638880db5b22bb947a4db9.jpg,1,0,0,1,0.01
OTHERS-993_jpg.rf.e8a97af25abdf9fdbda7a6d2236bfef2.jpg,1,0,0,1,0.01
OTHERS-994_jpg.rf.d6fdcadd66c1f2c228c02112b6236113.jpg,1,0,0,1,0.01
OTHERS-995_jpg.rf.2fb427880d6d77e4650df3074dcb0bbb.jpg,1,0,0,1,0.01
OTHERS-996_jpg.rf.9e017765dcdd14d5fd90bb463d2ed232.jpg,1,0,0,1,0.01
OTHERS-997_jpg.rf.48d4260c5b18794d7951af7f2408ab6c.jpg,1,0,0,1,0.01
OTHERS-998_jpg.rf.6969c4d3815cfaaeb322454ec68bb694.jpg,1,0,0,1,0.01
OTHERS-999_jpg.rf.8e5477ee8737df0bd1d7cffc7c887c39.jpg,1,0,0,1,0.01
OTHERS-99_jpg.rf.56be60d76cd20933bcba1ad398113c3b.jpg,1,0,0,1,0.01
OTHERS-99_jpg.rf.cec50fe3ea91086eda2601638f8d7664.jpg,1,0,0,1,0.01
OTHERS-9_jpg.rf.0b48579766233845eb7e44ef2f187dfe.jpg,1,0,0,1,0.01
OTHERS-9_jpg.rf.c3ffab629db0af45dd00bce0881721b9.jpg,1,0,0,1,0.01
PET-0_jpg.rf.0c6c464e352eacbdc32e47a2bd2932eb.jpg,1,0,0,1,0.01
PET-0_jpg.rf.1770b9a8709c50187026e7f1fea9d6fb.jpg,1,0,0,1,0.01
PET-1-_jpg.rf.d6885f8569dd87ab255557b23c76d069.jpg,1,0,0,1,0.01
PET-10-_jpg.rf.e2334870e8c1dc8fc39bb5b6fc8c4b29.jpg,1,0,0,1,0.01
PET-1000_jpg.rf.d13b2fff2c5dec4a9542cc87f126aa3a.jpg,1,0,0,1,0.01
PET-1001_jpg.rf.7c388b1fac780f0b59159816a8472274.jpg,0,0,1,1,0.01
PET-1002_jpg.rf.36010a0079d0e097a38e3fa4c5bddd02.jpg,1,0,0,1,0.01
PET-1003_jpg.rf.766a4918317e4219f22d75a0af027960.jpg,0,1,0,1,0.01
PET-1004_jpg.rf.fe9acd5dffcd62420782f8a09221df46.jpg,1,0,0,1,0.01
PET-1005_jpg.rf.4813ee2de1e93b5be3d1b79d25e4bb0e.jpg,0,0,1,1,0.01
PET-1006_jpg.rf.e7c7f06931a5929c7216f983fd6f5d4f.jpg,1,0,0,1,0.01
PET-1007_jpg.rf.ef691a50199efa3205326b98b3ca3796.jpg,1,0,0,1,0.01
PET-1008_jpg.rf.da07f1e8a87295c54c41165b4e7d0dc9.jpg,0,1,0,1,0.01
PET-1009_jpg.rf.1937eeb366a81e500133da5fb1f50fb6.jpg,0,1,0,1,0.01
PET-100_jpg.rf.3502c71a73921db61afab927e143d205.jpg,1,0,0,1,0.01
PET-101-_jpg.rf.2f4245b80971f24962842a55b5209ffc.jpg,1,0,0,1,0.01
PET-1010_jpg.rf.b19dd86f7b4ff428c55d6a00d6633415.jpg,0,0,1,1,0.01
PET-1011_jpg.rf.01fc71c3c954dfc7f11c283774b004b0.jpg,1,0,0,1,0.01
PET-1012_jpg.rf.11e338b284a425f2b1f94576dad9f44d.jpg,1,0,0,1,0.01
PET-1013_jpg.rf.9bab46048d668a652bbded68e1bcf559.jpg,0,0,1,1,0.01
PET-1014_jpg.rf.b12fca46e8a89d8afa08f38cf2a5c260.jpg,0,1,0,1,0.01
PET-1015_jpg.rf.945d1e465d9cc66473ef140626e6a5ab.jpg,0,1,0,1,0.01
PET-1016_jpg.rf.845b45d39b00d42a352ac044be6ef16e.jpg,1,0,0,1,0.01
PET-1017_jpg.rf.72b31ee7f3ed26ea5bc572b95c437c81.jpg,0,1,0,1,0.01
PET-1018_jpg.rf.aeff700f3836eda0b8a12dab39f978d1.jpg,1,0,0,1,0.01
PET-1019_jpg.rf.c48c6148c62c5f643f60ef5091a42d8b.jpg,0,1,0,1,0.01
PET-101_jpg.rf.e43eb3156059a9b3f7e6d7eec837aa30.jpg,1,0,0,1,0.01
PET-1020_jpg.rf.81eece6aef4a71df99c0741b028d7b56.jpg,1,0,0,1,0.01
PET-1021_jpg.rf.f5d5a3c3d3909f3ed199065715b43605.jpg,0,1,0,1,0.01
PET-1022_jpg.rf.e1199f4ad985e250c869c3272d63b344.jpg,1,0,0,1,0.01
PET-1023_jpg.rf.9ec14f842a678be7d1128ee73e5e80f0.jpg,1,0,0,1,0.01
PET-1024_jpg.rf.10b00e71f5cf86cf1538102f846d1834.jpg,1,0,0,1,0.01
PET-1025_jpg.rf.6dd1800e3b9338a39609f98c80198ee1.jpg,1,0,0,1,0.01
PET-1026_jpg.rf.7f1a12988e655eb8c6a2a7d61d6aa3f9.jpg,1,0,0,1,0.01
PET-1027_jpg.rf.f473af4a4eb926f8b8ac3f986d582153.jpg,1,0,0,1,0.01
PET-1028_jpg.rf.47224d2bba84ad5df6dc12cc0bd2bf66.jpg,1,0,0,1,0.01
PET-1029_jpg.rf.2db2f5cea12380ccc4ef911fcf9b11ba.jpg,0,1,0,1,0.01
PET-1030_jpg.rf.519d9f4685b8b885a6d251a0d1fc768c.jpg,1,0,0,1,0.01
PET-1031_jpg.rf.e2e3fb1613603e8e33d86aae9f7841f5.jpg,0,0,1,1,0.01
PET-1032_jpg.rf.5b830db60e88bb8170d9ef48d42653ee.jpg,1,0,0,1,0.01
PET-1033_jpg.rf.1fce4dc797f81f3ea4d0091332e12a15.jpg,0,0,1,1,0.01
PET-1034_jpg.rf.32f5fd5703b76738e969ba6ba0444d9d.jpg,1,0,0,1,0.01
PET-1035_jpg.rf.7802a758c7bf387ef263697dde7c1d93.jpg,0,0,1,1,0.01
PET-1036_jpg.rf.7069ee28a35f9de2739ef2bc4350fe23.jpg,1,0,0,1,0.01
PET-1037_jpg.rf.6921197e379dc84de7707ed75e714bda.jpg,1,0,0,1,0.01
PET-1038_jpg.rf.d7082acfabb2da92288f644c6231869c.jpg,1,0,0,1,0.01
PET-1039_jpg.rf.c4f3a6e8e2640990aba16a243ef46d3c.jpg,1,0,0,1,0.01
PET-103_jpg.rf.dd4c17bea4d657347e9d70efb3646be3.jpg,1,0,0,1,0.01
PET-1040_jpg.rf.456771da02ccc322d9071600142c9b13.jpg,1,0,0,1,0.01
PET-1041_jpg.rf.e2080a6485a61edf311d4a2c69cb825c.jpg,0,0,1,1,0.01
PET-1042_jpg.rf.3c95a4a2cac2ae872751e0d52d5dbaae.jpg,1,0,0,1,0.01
PET-1043_jpg.rf.dd132c8ab70c89d277a544a7d6f3c2e7.jpg,1,0,0,1,0.01
PET-1044_jpg.rf.2f55f0d4c310dba6f030175684da17b2.jpg,0,0,1,1,0.01
PET-1045_jpg.rf.546f89e3c11dfc0f0c95a282b2e95acf.jpg,1,0,0,1,0.01
PET-1046_jpg.rf.f542857d22ce9b6fd505290797e768d1.jpg,0,0,1,1,0.01
PET-1047_jpg.rf.1b892b28c0e06227267ceca07878abb8.jpg,1,0,0,1,0.01
PET-1048_jpg.rf.aa7988dd91858108aa77d3ac1c0e0fa8.jpg,1,0,0,1,0.01
PET-1049_jpg.rf.d0c38e19ca16f4152b9a79ff768805ce.jpg,1,0,0,1,0.01
PET-104_jpg.rf.2560f30c09fdb3d3950570ed5ed8e8b9.jpg,0,0,1,1,0.01
PET-105-_jpg.rf.484da0750bf67553c4f341c45032eb1f.jpg,1,0,0,1,0.01
PET-1050_jpg.rf.bc47eb77b65218e66cc9540c08eded09.jpg,1,0,0,1,0.01
PET-1051_jpg.rf.45678f75bf511d64defe5d7329f7893e.jpg,0,1,0,1,0.01
PET-1052_jpg.rf.d2973c261aa3cdd7bcf49504604d5b76.jpg,1,0,0,1,0.01
PET-1053_jpg.rf.d21dbc265f4165450f20edb8315bdfc9.jpg,1,0,0,1,0.01
PET-1054_jpg.rf.dd1e5b63f3f52dee74f1dabdde0b408a.jpg,1,0,0,1,0.01
PET-1055_jpg.rf.4d29e8532f2af05bb2f6578e45900590.jpg,1,0,0,1,0.01
PET-1056_jpg.rf.e751f91265fd8350c92e9dba7deb28a8.jpg,1,0,0,1,0.01
PET-1057_jpg.rf.38e5af21617bde98af91efe5eb71d74b.jpg,0,1,0,1,0.01
PET-1058_jpg.rf.640165c5892520293e04878a8f813bda.jpg,1,0,0,1,0.01
PET-1059_jpg.rf.05d52298e8f75763809fcd8cd657ba5e.jpg,1,0,0,1,0.01
PET-105_jpg.rf.3d7413c0c57fa3a32bb51d4a6b67d6be.jpg,1,0,0,1,0.01
PET-106-_jpg.rf.56a0172fdf057bf2be645ae061f47680.jpg,1,0,0,1,0.01
PET-1060_jpg.rf.0fc46471261d599009a45f6b492e03f4.jpg,1,0,0,1,0.01
PET-1061_jpg.rf.8cf0297253279053f388d028d3df30e9.jpg,0,0,1,1,0.01
PET-1062_jpg.rf.b2047caef130c63f87ebdb98bc100baa.jpg,1,0,0,1,0.01
PET-1063_jpg.rf.223726304eeab1fd1a455ec1dc1b479e.jpg,1,0,0,1,0.01
PET-1064_jpg.rf.552aa047d48b8e29d395416cebc4e1b6.jpg,0,0,1,1,0.01
PET-1065_jpg.rf.bf95121cabe77180afacf64c6b6ab71b.jpg,0,0,1,1,0.01
PET-1066_jpg.rf.34df1dd46dc7ac465988141e753ce515.jpg,1,0,0,1,0.01
PET-1067_jpg.rf.44e6a261dd9a126ae91ad44f90f87e8c.jpg,1,0,0,1,0.01
PET-1068_jpg.rf.fcbe140478d33e9fb76e314a772a4400.jpg,1,0,0,1,0.01
PET-1069_jpg.rf.45660571a4de7c2ef12f71c91996f06b.jpg,1,0,0,1,0.01
PET-106_jpg.rf.9ccd5fd2e3cc5a1ddfbffaafaff514d8.jpg,0,0,1,1,0.01
PET-107-_jpg.rf.daa9984c051d912cc88118a2b4c75165.jpg,1,0,0,1,0.01
PET-1070_jpg.rf.f3910c501c81b4beb04f38abc52c82d8.jpg,1,0,0,1,0.01
PET-1071_jpg.rf.854e19ee581c85c4af535cca9669e2eb.jpg,1,0,0,1,0.01
PET-1072_jpg.rf.e28b22a07a68a06ad6883f61e51664db.jpg,1,0,0,1,0.01
PET-1073_jpg.rf.a9c18190e85aab61ae0465549f43bffd.jpg,0,0,1,1,0.01
PET-1074_jpg.rf.12cfee2f217883e4bfaba0333a134650.jpg,1,0,0,1,0.01
PET-1075_jpg.rf.0fbd3469288aaeb403e8dbcbb7c2f84f.jpg,1,0,0,1,0.01
PET-1076_jpg.rf.3899501f14f3d6bb7e8f304b1a6f9e8b.jpg,1,0,0,1,0.01
PET-1077_jpg.rf.9f751a3e00b787ed295f22d7e8af1794.jpg,1,0,0,1,0.01
PET-1078_jpg.rf.5eda42f771cbf55b376df85c51fd454e.jpg,0,1,0,1,0.01
PET-1079_jpg.rf.9fe83c99013d86567d9638dafd8e060d.jpg,1,0,0,1,0.01
PET-107_jpg.rf.2e4783196b53886cf70c5d98f22789b9.jpg,1,0,0,1,0.01
PET-108-_jpg.rf.ef4cd00cd346571767df6ae6e9f70524.jpg,1,0,0,1,0.01
PET-1080_jpg.rf.a3b519a18f4c412e99d4fa7d42db0372.jpg,1,0,0,1,0.01
PET-1081_jpg.rf.b4b503eae267a3709fcbc5f6d5ecb4bc.jpg,1,0,0,1,0.01
PET-1082_jpg.rf.542cff6753cd898cfc935319dceb6a9e.jpg,0,0,1,1,0.01
PET-1083_jpg.rf.d2033e5967bce00fd6ffd2bac60ab373.jpg,1,0,0,1,0.01
PET-1084_jpg.rf.3b2d014e0b6668b17695f742845a2a65.jpg,0,1,0,1,0.01
PET-1085_jpg.rf.1307f0db051639b295a49855ef856339.jpg,0,0,1,1,0.01
PET-1086_jpg.rf.c10bf48cc8a57498e9ef62cef37a1d90.jpg,1,0,0,1,0.01
PET-1087_jpg.rf.f27ec2078bdeea3a3b59b927edf3a95d.jpg,0,1,0,1,0.01
PET-1088_jpg.rf.47927aba7313e9348345f7746739a984.jpg,1,0,0,1,0.01
PET-1089_jpg.rf.d9b20f72d23bcb985565e6ef8cc8130c.jpg,1,0,0,1,0.01
PET-108_jpg.rf.99380c38b906f70ff6feef83d5a02807.jpg,0,1,0,1,0.01
PET-1090_jpg.rf.5432fdfd1f4be0785b642f8461141ca3.jpg,1,0,0,1,0.01
PET-1091_jpg.rf.72ba3689b73a8d3a43d5b3fd75a5c7d3.jpg,1,0,0,1,0.01
PET-1092_jpg.rf.9ec5729cff0e2a767ed8b0aba9616ba5.jpg,1,0,0,1,0.01
PET-1093_jpg.rf.faf0ee033d4bcfe5bcf80070f765d583.jpg,0,1,0,1,0.01
PET-1094_jpg.rf.5987a7be9a75606fa1e30f723fdfa5e7.jpg,1,0,0,1,0.01
PET-1095_jpg.rf.daa2f0976fba7de3da0c2bed2bd04f38.jpg,0,1,0,1,0.01
PET-1096_jpg.rf.e9e759846d4cb4be951520286d4da4f9.jpg,1,0,0,1,0.01
PET-1097_jpg.rf.25c75d36d9d6a5b5a195c9a8fb46d36f.jpg,0,0,1,1,0.01
PET-1098_jpg.rf.1f9683a0abb7b3407594decbd1310ee3.jpg,1,0,0,1,0.01
PET-1099_jpg.rf.05b3bb061c6bfcf024079770fddd3607.jpg,0,1,0,1,0.01
PET-109_jpg.rf.395c4f6b0c9edb9a70998aef55a8fd58.jpg,1,0,0,1,0.01
PET-10_jpg.rf.bfc5e597a0341ef89816b73d9d88af42.jpg,1,0,0,1,0.01
PET-110-_jpg.rf.d77d9c70b2e41790fbfe3d726c0b21bf.jpg,1,0,0,1,0.01
PET-1100_jpg.rf.8ceedf4cb595eb752a8c13e57b04b4bd.jpg,0,0,1,1,0.01
PET-1101_jpg.rf.2adcb8ca3c0a0ee24cc634665af92a7a.jpg,0,1,0,1,0.01
PET-1102_jpg.rf.2b909fceb28dc14da94e8f3dca209663.jpg,1,0,0,1,0.01
PET-1103_jpg.rf.4f3d587c25ec158211c727be7026c590.jpg,1,0,0,1,0.01
PET-1104_jpg.rf.51bf9bff80febcef2fd2fdb80895c848.jpg,0,0,1,1,0.01
PET-1105_jpg.rf.c6bcd157b8ff8541cfe2537d1cf4d9d8.jpg,1,0,0,1,0.01
PET-1106_jpg.rf.dcc9bacd7699bf4aa0ec1e89af16b907.jpg,1,0,0,1,0.01
PET-1107_jpg.rf.56bc2d9a50fa993690936607cbb59285.jpg,0,0,1,1,0.01
PET-1108_jpg.rf.c6e7bfbb44b584e333af789b1c3beb50.jpg,1,0,0,1,0.01
PET-1109_jpg.rf.3ec9895ff3d63f2f1f48987c889d87b2.jpg,1,0,0,1,0.01
PET-110_jpg.rf.179db8d241994f7ea4e6de8d76fe346e.jpg,0,0,1,1,0.01
PET-111-_jpg.rf.0c0ea00c86447b91eb4610b9d7aa12a3.jpg,0,1,0,1,0.01
PET-1110_jpg.rf.2db00042aec5c6aa165f6518bb36517e.jpg,1,0,0,1,0.01
PET-1111_jpg.rf.8b020e8c10695389792f420e8178784a.jpg,0,1,0,1,0.01
PET-1112_jpg.rf.133471aa64869b345af212e0551089a9.jpg,0,0,1,1,0.01
PET-1113_jpg.rf.063d4439b8b0e08bc6c2033b5d86df0a.jpg,1,0,0,1,0.01
PET-1114_jpg.rf.06635ab22fbd1b0be700429ccf4dcd0b.jpg,0,0,1,1,0.01
PET-1115_jpg.rf.a77725d99e4d8b6a4e6f0dbda7012f88.jpg,0,1,0,1,0.01
PET-1116_jpg.rf.5c368939d423356126f730cebc138ede.jpg,1,0,0,1,0.01
PET-1117_jpg.rf.474b1e7d97847b91871b239a9191d96d.jpg,1,0,0,1,0.01
PET-1118_jpg.rf.43b5f1c81d9a590de87b172d5da0e9f6.jpg,1,0,0,1,0.01
PET-1119_jpg.rf.90bdc8a3c0b70cea3b7bccf3046730e7.jpg,1,0,0,1,0.01
PET-111_jpg.rf.323c38dc03f7c1430dd2cd8df467666b.jpg,0,1,0,1,0.01
PET-1120_jpg.rf.44e41b0fa085fca39dd2335905251fee.jpg,1,0,0,1,0.01
PET-1121_jpg.rf.34cdad6d746987410caaf8126ceda02e.jpg,1,0,0,1,0.01
PET-1122_jpg.rf.c8154b78487740bf9047d63fa365e9c9.jpg,0,1,0,1,0.01
PET-1123_jpg.rf.f0651c7cdd1cb17b9953b9e87ea9d032.jpg,0,0,1,1,0.01
PET-1124_jpg.rf.c6644a7884dd7ae36a5785ea1ef88d45.jpg,1,0,0,1,0.01
PET-1125_jpg.rf.6b0e19e94249d86375cbacb492bf27e7.jpg,1,0,0,1,0.01
PET-1126_jpg.rf.41c2a649a78db1504325244e18bc4957.jpg,1,0,0,1,0.01
PET-1127_jpg.rf.7aef25f231a95ed814006822ecad26a8.jpg,1,0,0,1,0.01
PET-1128_jpg.rf.2b03797250a1e5709599f99e11778fc2.jpg,1,0,0,1,0.01
PET-1129_jpg.rf.7466d6fbe1d6ed1c174e6ef4eac27aaf.jpg,1,0,0,1,0.01
PET-112_jpg.rf.638b6db645d8ca140c76873b01a0888e.jpg,1,0,0,1,0.01
PET-113-_jpg.rf.1e790097b7c5021808e7dc8969b26426.jpg,1,0,0,1,0.01
PET-1130_jpg.rf.99179dd90cf6ffd7105197510eab5de5.jpg,1,0,0,1,0.01
PET-1131_jpg.rf.fa8d67e15b54bb18b0cf02d698bd27ab.jpg,1,0,0,1,0.01
PET-1132_jpg.rf.fe71942ba6026898e0d3c1ac3dd8292c.jpg,1,0,0,1,0.01
PET-1133_jpg.rf.f93900b0e3f45561164f69765066268e.jpg,1,0,0,1,0.01
PET-1134_jpg.rf.4234640745a5a92712b8623aaf08d3d9.jpg,0,1,0,1,0.01
PET-1135_jpg.rf.71624fed41428cfc3c72bb1293a0d5de.jpg,1,0,0,1,0.01
PET-1136_jpg.rf.74fc46c9b9032d1456d3bfb5b0fbf2d6.jpg,0,0,1,1,0.01
PET-1137_jpg.rf.a12970ffcac58c4d1f21e1381b3b942e.jpg,0,0,1,1,0.01
PET-1138_jpg.rf.ff33b3717065353061323dcf7dd3d700.jpg,1,0,0,1,0.01
PET-1139_jpg.rf.efc37b55d30ddf0ca844b0b2f3148699.jpg,1,0,0,1,0.01
PET-113_jpg.rf.9aec6e59d7442a017c4918ac6b95f7be.jpg,1,0,0,1,0.01
PET-114-_jpg.rf.4a31e8a01c4130d4730f65adcffb7bde.jpg,1,0,0,1,0.01
PET-1140_jpg.rf.51116f657f4efab467d1b275d962827b.jpg,0,0,1,1,0.01
PET-1141_jpg.rf.198d517ed24169bf0e5873fa8b699c00.jpg,1,0,0,1,0.01
PET-1142_jpg.rf.86293df17287588312b9a22895cee566.jpg,0,0,1,1,0.01
PET-1143_jpg.rf.a74ac14831dd9f7da7e6597beeb2db0f.jpg,0,0,1,1,0.01
PET-1144_jpg.rf.00e59dd4b9acb37ef72eb42b6b3a26da.jpg,0,0,1,1,0.01
PET-1145_jpg.rf.1f25ce67869411a3ca8f0156c28baa6f.jpg,1,0,0,1,0.01
PET-1146_jpg.rf.a1173adabaa4500448dbb92cb4f64266.jpg,1,0,0,1,0.01
PET-1147_jpg.rf.7612a0072f63430be2421a4119ba31a0.jpg,1,0,0,1,0.01
PET-1148_jpg.rf.18a7994ffec86dbdd9aaab557c8d07f3.jpg,1,0,0,1,0.01
PET-1149_jpg.rf.d8d518a63e6fd3c1b3234a8d80acb9d4.jpg,1,0,0,1,0.01
PET-114_jpg.rf.e6d0f82520a4b5c0815b9df77b5b9aae.jpg,1,0,0,1,0.01
PET-115-_jpg.rf.1f05edab709ae5fd9796f50984c65a20.jpg,1,0,0,1,0.01
PET-1150_jpg.rf.a9f5f5d9346b55288dd3eb15f4bc5295.jpg,1,0,0,1,0.01
PET-1151_jpg.rf.e045404178753e69b537d3bd8d079bc5.jpg,1,0,0,1,0.01
PET-1152_jpg.rf.59c0f7fdff17fda35d978cadeda0660e.jpg,1,0,0,1,0.01
PET-1153_jpg.rf.6cc6776c20f4e76a839aab4ea0ab1f67.jpg,1,0,0,1,0.01
PET-1154_jpg.rf.39ad3371643a37a6fbbe28d7912c0d39.jpg,1,0,0,1,0.01
PET-1155_jpg.rf.079ca6be504cf76e0e550661570cf1e8.jpg,1,0,0,1,0.01
PET-1156_jpg.rf.c250cde8af2729a33455ad7186be4f71.jpg,1,0,0,1,0.01
PET-1157_jpg.rf.18af0d308ddcbcf4ed489c6295cf2ba7.jpg,0,0,1,1,0.01
PET-1158_jpg.rf.a7df43d2afc8e1e64add6d26cf044fe0.jpg,1,0,0,1,0.01
PET-1159_jpg.rf.77b83246f51eda9a51e9555bfc36d83d.jpg,1,0,0,1,0.01
PET-116-_jpg.rf.f5671b34dfd0218bf9f76f2755e9bbbc.jpg,0,0,1,1,0.01
PET-1162_jpg.rf.9aec581b107dc1b705ad320d6e59bb7f.jpg,1,0,0,1,0.01
PET-1163_jpg.rf.84b632d34e8ad4c00121b5807dd49b22.jpg,1,0,0,1,0.01
PET-1164_jpg.rf.babe63c109fa5bee0a36a69bc50a30a2.jpg,1,0,0,1,0.01
PET-1165_jpg.rf.3dbee2913cf5966067bd2ae7085239c8.jpg,1,0,0,1,0.01
PET-1166_jpg.rf.9b007384e43c3778caaddeaade5a05a2.jpg,1,0,0,1,0.01
PET-1167_jpg.rf.d2348380a44e3a2cb4f19fe063c5ac08.jpg,1,0,0,1,0.01
PET-1168_jpg.rf.1e8deec97c5e810bade8796e03be170d.jpg,0,1,0,1,0.01
PET-1169_jpg.rf.766bfcb2f357d39b9481fe66fdb5ec80.jpg,1,0,0,1,0.01
PET-116_jpg.rf.da0f55ed4cae9dab8a166330da08f4f4.jpg,0,0,1,1,0.01
PET-117-_jpg.rf.c3965db91e09eb830b98199d9906fc7c.jpg,0,0,1,1,0.01
PET-1170_jpg.rf.ad7efa9c7eae6214657d797144682f7f.jpg,1,0,0,1,0.01
PET-1171_jpg.rf.7139de7b20eef21a00da2fad408c4f10.jpg,0,0,1,1,0.01
PET-1172_jpg.rf.b651c10faba12c6869c8956c14bc1c7a.jpg,0,0,1,1,0.01
PET-1173_jpg.rf.7b651e32f0a94d0fbda4e95715f42cb9.jpg,1,0,0,1,0.01
PET-1174_jpg.rf.7b7278ecb5d05053e96fa02edb12ea53.jpg,1,0,0,1,0.01
PET-1175_jpg.rf.3ad5c91323842cc5ee6b17cd3a63e174.jpg,0,0,1,1,0.01
PET-1176_jpg.rf.567eb4fa50776120d95e6b1493db81f9.jpg,0,0,1,1,0.01
PET-1177_jpg.rf.995871194154b9152de9fe82dd7e5913.jpg,1,0,0,1,0.01
PET-1178_jpg.rf.eace23cb5a16d4dfd7cffee2d1021ca7.jpg,1,0,0,1,0.01
PET-1179_jpg.rf.f9613c857a4f8754e31858db0d9eabe3.jpg,1,0,0,1,0.01
PET-117_jpg.rf.3856f60076fde924ef32c7134557d563.jpg,1,0,0,1,0.01
PET-1180_jpg.rf.873e7bf3ac96f83c270b16f1ba983c95.jpg,1,0,0,1,0.01
PET-1181_jpg.rf.243fbb080258414173e6e72246201bc9.jpg,0,0,1,1,0.01
PET-1182_jpg.rf.9be29ec54ca99241feedc07d26e2e062.jpg,1,0,0,1,0.01
PET-1183_jpg.rf.e121154d22f554456b4814ec257954b7.jpg,0,0,1,1,0.01
PET-1184_jpg.rf.6ea2499b78d522bf125b0cf0fdb9511e.jpg,1,0,0,1,0.01
PET-1185_jpg.rf.40f346027fc9424be6196f8e27944de6.jpg,1,0,0,1,0.01
PET-1186_jpg.rf.f5ed57117d1da5a80f8211d5bc0de4b9.jpg,0,1,0,1,0.01
PET-1187_jpg.rf.813cb5a8ea0eb4a33f5799d89de42afd.jpg,0,1,0,1,0.01
PET-1188_jpg.rf.f913307962e8072bcd3b9aff08d48e44.jpg,1,0,0,1,0.01
PET-1189_jpg.rf.ab42c2266437ad063412e817d74669fa.jpg,1,0,0,1,0.01
PET-119-_jpg.rf.e09282688c20ab51675adc91a8954804.jpg,1,0,0,1,0.01
PET-1190_jpg.rf.218729d3701bc0cba88e1ba8152a1b67.jpg,1,0,0,1,0.01
PET-1191_jpg.rf.0462ea7d5b3ecd9ca0d78ad7988941f6.jpg,0,0,1,1,0.01
PET-1192_jpg.rf.1cdae827361607bfc061d33d5e2f9fc8.jpg,1,0,0,1,0.01
PET-1193_jpg.rf.d0c35031fd0223aedc5741432575ea1f.jpg,0,0,1,1,0.01
PET-1194_jpg.rf.b34d1514db10c8af13388f80123305a7.jpg,0,1,0,1,0.01
PET-1195_jpg.rf.c619d27b4914cfbfa415eba08dc1fea9.jpg,1,0,0,1,0.01
PET-1196_jpg.rf.1a94abec824e82c08dfbad9d9b17e27b.jpg,0,1,0,1,0.01
PET-1197_jpg.rf.0f8dad776f9957d2474539a352abf6d2.jpg,1,0,0,1,0.01
PET-1198_jpg.rf.b95aec94a20ce3bea21cdc59d4c4dcb0.jpg,1,0,0,1,0.01
PET-1199_jpg.rf.96839d0688a8e9db3e1c5a15d49e53c6.jpg,0,0,1,1,0.01
PET-119_jpg.rf.8a5943652e79da8d41f6bb9b9eb1be92.jpg,0,0,1,1,0.01
PET-11_jpg.rf.d4b70955fb2ab05d0699c8d94c4337b4.jpg,1,0,0,1,0.01
PET-120-_jpg.rf.40cc9328c981c766892827126e3e3fe6.jpg,1,0,0,1,0.01
PET-1200_jpg.rf.2a92e439a9f3377cf94a19ccf4f9f06c.jpg,0,1,0,1,0.01
PET-1201_jpg.rf.da4687048e708b0517d441579300dd10.jpg,1,0,0,1,0.01
PET-1202_jpg.rf.04f8f5dc13e76e6444b10867bf85c436.jpg,1,0,0,1,0.01
PET-1203_jpg.rf.f4283057f5718123e31f149d096fe15b.jpg,1,0,0,1,0.01
PET-1204_jpg.rf.883448eaab73366c4498465e88e5ca81.jpg,1,0,0,1,0.01
PET-1205_jpg.rf.31335a7aaf60fdc97a58781e31e8c69c.jpg,1,0,0,1,0.01
PET-1206_jpg.rf.398eb132f12dbb31380d7039e6cb7b4c.jpg,0,0,1,1,0.01
PET-1207_jpg.rf.7a23b9ef8552c8049dafdc5376b04d7a.jpg,1,0,0,1,0.01
PET-1208_jpg.rf.421c223ca5db3e7e4ec042deb68c705b.jpg,1,0,0,1,0.01
PET-1209_jpg.rf.a54004cfe6a1c814f46d5f5810bb7b10.jpg,0,1,0,1,0.01
PET-120_jpg.rf.92b9a8bb1f2af825a20509e037518f83.jpg,1,0,0,1,0.01
PET-121-_jpg.rf.ad9afa8284356f5ee46b7d129524b9a3.jpg,1,0,0,1,0.01
PET-1210_jpg.rf.4bfe2078d734bfd8bd16d757a0ee9c8f.jpg,1,0,0,1,0.01
PET-1211_jpg.rf.21e0b1ae5c8cca684f046f8a3ccfdf0f.jpg,1,0,0,1,0.01
PET-1212_jpg.rf.479ffe3191eb635bb281e944b7d1b372.jpg,1,0,0,1,0.01
PET-1213_jpg.rf.147683d340daf67f991e83839557583a.jpg,1,0,0,1,0.01
PET-1214_jpg.rf.50aac957294f733b702f341510d160df.jpg,0,0,1,1,0.01
PET-1215_jpg.rf.d632cb15830f5a5fb5b32d30925f0522.jpg,1,0,0,1,0.01
PET-1216_jpg.rf.c326cd660283029c3d9923ead68e136b.jpg,1,0,0,1,0.01
PET-1217_jpg.rf.aa7e42ae45538b90ebd22c6127accdca.jpg,0,1,0,1,0.01
PET-1218_jpg.rf.b330f9ebc1761682ee0df9b0eafcb639.jpg,1,0,0,1,0.01
PET-1219_jpg.rf.0c834be6ba7ca9609efff687d7333346.jpg,1,0,0,1,0.01
PET-121_jpg.rf.c1d430ed04cbcf0aaf4e0b8dfb428c0b.jpg,1,0,0,1,0.01
PET-122-_jpg.rf.b196a369d510170c36a75c904d22fddf.jpg,1,0,0,1,0.01
PET-1220_jpg.rf.bd206e13aaa8ddd9258eb9f5f2226999.jpg,1,0,0,1,0.01
PET-1221_jpg.rf.b647f3863cb91e0a512358bfee0f6422.jpg,0,0,1,1,0.01
PET-1222_jpg.rf.f8e4c656fd7160c5d84a6b96610d10e0.jpg,1,0,0,1,0.01
PET-1223_jpg.rf.916d1c25c32790ab4fac3614ef70ef50.jpg,1,0,0,1,0.01
PET-1224_jpg.rf.c42e0eb10be7cd4601fd29809e85fcbf.jpg,1,0,0,1,0.01
PET-1225_jpg.rf.68d97299ec6c94ed883df2fa1b7a9eaa.jpg,1,0,0,1,0.01
PET-1226_jpg.rf.2453fc8b807619d9fe97832b9f0be266.jpg,1,0,0,1,0.01
PET-1227_jpg.rf.6d6007a8a1a0e368ec8a4fd02626e676.jpg,0,0,1,1,0.01
PET-1228_jpg.rf.a93406b4a8b1b0f9cda04da5aa0c18d2.jpg,0,0,1,1,0.01
PET-1229_jpg.rf.1d03a19cfdfb33b4f018868f68eeb58e.jpg,1,0,0,1,0.01
PET-122_jpg.rf.a5f53a5a01e1b4e0015d3e1977d84d8e.jpg,0,1,0,1,0.01
PET-1230_jpg.rf.99a214aaa1abd024141d72ba0d2fbedd.jpg,0,0,1,1,0.01
PET-1231_jpg.rf.77b4bcbeda779485ba8f9e16ea013af5.jpg,1,0,0,1,0.01
PET-1232_jpg.rf.71e65063c1862b893517aa93607e6cc3.jpg,1,0,0,1,0.01
PET-1233_jpg.rf.c3a7cc84d251a08264327f5d35306290.jpg,1,0,0,1,0.01
PET-1234_jpg.rf.74ca49060d6f5e3547322e4bdeee3be5.jpg,0,1,0,1,0.01
PET-1235_jpg.rf.8fb9efcf823fe87b92a441dcfd8705bf.jpg,1,0,0,1,0.01
PET-1236_jpg.rf.b1253f9a1e5bd28d24c6f90fc403efbe.jpg,1,0,0,1,0.01
PET-1237_jpg.rf.5fe42a43a734d6cfb9eb4f7b4a51a90d.jpg,1,0,0,1,0.01
PET-1238_jpg.rf.d6c436956799628a34cca0a16dd031e0.jpg,1,0,0,1,0.01
PET-1239_jpg.rf.4b6a77f76e2de9ab3c772854a19a71bc.jpg,0,1,0,1,0.01
PET-123_jpg.rf.725a6d1d884ffb5346823b2780362f6a.jpg,0,1,0,1,0.01
PET-1240_jpg.rf.1be0ec5be9ad12c53011fcd6e8b232e1.jpg,1,0,0,1,0.01
PET-1241_jpg.rf.0462ab5431e90962f6762c99b196d4dc.jpg,1,0,0,1,0.01
PET-1242_jpg.rf.3e11a917b5a1df75f8fbc2725c430db8.jpg,1,0,0,1,0.01
PET-1243_jpg.rf.bcfcb4b6c8eb6f3803e9e49b68c01278.jpg,0,1,0,1,0.01
PET-1244_jpg.rf.a5d6c324e75dfdbb1830771b85ac94cb.jpg,1,0,0,1,0.01
PET-1245_jpg.rf.6487c69446dde63297dec7572de293bf.jpg,0,1,0,1,0.01
PET-1246_jpg.rf.982ce75a76cfaaebe2bff58be43e195d.jpg,1,0,0,1,0.01
PET-1247_jpg.rf.e62aec90be20dde01fc96ed509ef110a.jpg,1,0,0,1,0.01
PET-1248_jpg.rf.efb15e6d99851ac1ecacb004006bc30b.jpg,1,0,0,1,0.01
PET-1249_jpg.rf.1525bf8ba9889122ed1d15dd062d95d8.jpg,1,0,0,1,0.01
PET-124_jpg.rf.de8c767d631eb1c5664c7d3a5e84d9d2.jpg,1,0,0,1,0.01
PET-125-_jpg.rf.ca8e9a133d7557fc89c02b86870f629e.jpg,1,0,0,1,0.01
PET-1250_jpg.rf.8444edeb19bc13b624a951d2e78ae51e.jpg,1,0,0,1,0.01
PET-1251_jpg.rf.a0cd4f222f7f99ffc4508c8a371b200f.jpg,0,0,1,1,0.01
PET-1252_jpg.rf.8377722ffd278a5ce09bbd475d9fc5ef.jpg,1,0,0,1,0.01
PET-1253_jpg.rf.e241cc620e004ca851ff2e3ce2f442af.jpg,1,0,0,1,0.01
PET-1254_jpg.rf.1f8ab2bffea99e0c66a1dbf42606c123.jpg,0,0,1,1,0.01
PET-1255_jpg.rf.001022956087faa258150c698e78d16c.jpg,0,0,1,1,0.01
PET-1256_jpg.rf.7f3457351787ea330ccca93a5c222d9d.jpg,1,0,0,1,0.01
PET-1257_jpg.rf.3bc900f022e2d716764526914c831743.jpg,1,0,0,1,0.01
PET-1258_jpg.rf.985159d7a4b244918cc6e35724446e44.jpg,1,0,0,1,0.01
PET-1259_jpg.rf.3f3b0b4f60505d32ede94cfd7d42c84b.jpg,0,0,1,1,0.01
PET-125_jpg.rf.c810064a6a28931b7a5b55913382d8fe.jpg,1,0,0,1,0.01
PET-126-_jpg.rf.2b03d92d1b360d57141fda85d8bdba2a.jpg,1,0,0,1,0.01
PET-1260_jpg.rf.47306da3666d22325757d2e40205fae6.jpg,1,0,0,1,0.01
PET-1261_jpg.rf.7432bb21b5718b779d65085805b34e51.jpg,1,0,0,1,0.01
PET-1262_jpg.rf.4d7f43e9a14f791f21bf492451b47e7f.jpg,1,0,0,1,0.01
PET-1263_jpg.rf.1bc21f152c43df3d3b172c427bec439b.jpg,0,1,0,1,0.01
PET-1264_jpg.rf.f4bd7953cf2d3b4adb8fb4e8bc7241f3.jpg,1,0,0,1,0.01
PET-1265_jpg.rf.db78a1f3a7961afa7045ccebfb9b567c.jpg,1,0,0,1,0.01
PET-1266_jpg.rf.fe19163e09ae8d7ca2a2f201e8d5be35.jpg,1,0,0,1,0.01
PET-1267_jpg.rf.9bd09dffa03363a1325c988dd7f86a57.jpg,1,0,0,1,0.01
PET-1268_jpg.rf.bd06cdfc78a4ef62c61b0bee19e3f39c.jpg,1,0,0,1,0.01
PET-1269_jpg.rf.2d892c129abd0227fc206fc723def365.jpg,0,1,0,1,0.01
PET-126_jpg.rf.6c93c085bec9bd2b894e329597c55f01.jpg,0,0,1,1,0.01
PET-127-_jpg.rf.094381a234849aabb714df15dc5f05a4.jpg,1,0,0,1,0.01
PET-1270_jpg.rf.8d30827017c24d0f926dd37584878454.jpg,0,1,0,1,0.01
PET-1271_jpg.rf.0763156c0074f496533f588de1f84729.jpg,1,0,0,1,0.01
PET-1272_jpg.rf.5ad728a3de1f013a4c643a304722bae6.jpg,1,0,0,1,0.01
PET-1273_jpg.rf.af7bd8f354be11df724bb15f88d8d7a1.jpg,1,0,0,1,0.01
PET-1274_jpg.rf.d41932e0531a2795d822b79297998c3c.jpg,1,0,0,1,0.01
PET-1275_jpg.rf.6ffe8b797a7107fb42fd097029e6fa0b.jpg,0,1,0,1,0.01
PET-1276_jpg.rf.8fd84251e564be23394d85fd55651ddd.jpg,1,0,0,1,0.01
PET-1277_jpg.rf.9951f21433d8ac985e88b369a5d41b48.jpg,0,0,1,1,0.01
PET-1278_jpg.rf.7944896ac22e5fa5d209f3c3c29e4bbe.jpg,1,0,0,1,0.01
PET-1279_jpg.rf.e9501a4de6d4d7882e203526cabb0a0c.jpg,1,0,0,1,0.01
PET-127_jpg.rf.7b0cf93cf08caf99bd24e3b3d371057c.jpg,0,0,1,1,0.01
PET-128-_jpg.rf.9539bf0751d2909d3db84aa68b33d8b9.jpg,1,0,0,1,0.01
PET-1280_jpg.rf.d7e6b39421578d74a21148f63c5c9da7.jpg,1,0,0,1,0.01
PET-1281_jpg.rf.87bf16be7f28fa0a73faa4ef6090ec40.jpg,0,1,0,1,0.01
PET-1282_jpg.rf.0792e36d4369c80e22942e4c9534f7b6.jpg,0,0,1,1,0.01
PET-1283_jpg.rf.17b911fca30c8bedfcbf5a2ec6e1222d.jpg,1,0,0,1,0.01
PET-1284_jpg.rf.18e355705259dcb03dfc2cfea2fe43f5.jpg,1,0,0,1,0.01
PET-1285_jpg.rf.ce22f369b2aa035fdf8e5e14d4a728f9.jpg,1,0,0,1,0.01
PET-1286_jpg.rf.7c0f45c11ebad7fb3eacfbb8138a61e2.jpg,1,0,0,1,0.01
PET-1287_jpg.rf.9827e8141fef47da413f372a8809d095.jpg,1,0,0,1,0.01
PET-1288_jpg.rf.239d2ea88962f2e8a3c74ca8cc3c1864.jpg,1,0,0,1,0.01
PET-1289_jpg.rf.887e27f4acf592fae3dfe4298aa2f582.jpg,0,0,1,1,0.01
PET-128_jpg.rf.c6c43851e4d69b991f4df8c128a4a23e.jpg,1,0,0,1,0.01
PET-129-_jpg.rf.a5b19d03e30e8951599292fafcbb2161.jpg,1,0,0,1,0.01
PET-1290_jpg.rf.a9324013ed65e8766942b1b3439d9cf0.jpg,0,1,0,1,0.01
PET-1291_jpg.rf.160a62cbdf4edb2cdf77787a075bbe40.jpg,0,0,1,1,0.01
PET-1292_jpg.rf.2e8ebf43f2cdfef4b619b5ef71a9d547.jpg,1,0,0,1,0.01
PET-1293_jpg.rf.d7d6ca563fe20a8c078373865fb3d7f7.jpg,1,0,0,1,0.01
PET-1294_jpg.rf.f748b9657a9de683edcb00428df4dca6.jpg,1,0,0,1,0.01
PET-1295_jpg.rf.990e6ea28849067f8b60cb12bd1219bf.jpg,0,0,1,1,0.01
PET-1296_jpg.rf.2f4bd899622cc646c732a2f93c2d8315.jpg,1,0,0,1,0.01
PET-1297_jpg.rf.109dfc564816f50d62a6b41a8f03b3e9.jpg,0,0,1,1,0.01
PET-1298_jpg.rf.68a63a63b29e2fbde27da5e413828eed.jpg,1,0,0,1,0.01
PET-1299_jpg.rf.7eeaedae498168ff462705a625800eee.jpg,0,0,1,1,0.01
PET-12_jpg.rf.9c17da551f1cdef1c6d30e5e517435d2.jpg,0,0,1,1,0.01
PET-1300_jpg.rf.bc00c7768ca94f66a91530657d0cd00a.jpg,1,0,0,1,0.01
PET-1301_jpg.rf.2edca961df7a02caa842d08642e1eb2d.jpg,1,0,0,1,0.01
PET-1302_jpg.rf.dd123978964685af00e98b9d9de62e0e.jpg,0,0,1,1,0.01
PET-1303_jpg.rf.44894f7c966031cc35fa8c356fcd1ded.jpg,1,0,0,1,0.01
PET-1304_jpg.rf.6607f9755d91ca5fdc71799229b69928.jpg,1,0,0,1,0.01
PET-1305_jpg.rf.3e13829654d1b170c6e5f04d138c8455.jpg,1,0,0,1,0.01
PET-1306_jpg.rf.d7953dd80b431491cb15a66491fa3e5e.jpg,1,0,0,1,0.01
PET-1307_jpg.rf.c2048f57b2be156a1ac80f022c82d393.jpg,1,0,0,1,0.01
PET-1308_jpg.rf.c1c7b35e2f68d73d938cc9e39615bdc9.jpg,1,0,0,1,0.01
PET-1309_jpg.rf.9b28d3d6394306f6ecbcd11bae1fb837.jpg,1,0,0,1,0.01
PET-130_jpg.rf.66e6a604eace0638f6094027a8e926b4.jpg,0,0,1,1,0.01
PET-131-_jpg.rf.4b54b6472405c324c785b69ac1200567.jpg,1,0,0,1,0.01
PET-1310_jpg.rf.b79faa31bed56f8d3d64263932be2f1b.jpg,1,0,0,1,0.01
PET-1311_jpg.rf.fd0bc8815232e5ced8c8263426af4aa9.jpg,1,0,0,1,0.01
PET-1312_jpg.rf.b6febaf83a2c10119125a17627ed2b23.jpg,0,0,1,1,0.01
PET-1313_jpg.rf.c7acfc4f5cb3cd47d183dfd49dc49468.jpg,1,0,0,1,0.01
PET-1314_jpg.rf.dfddb6861ea695f547e550e89c055412.jpg,0,1,0,1,0.01
PET-1315_jpg.rf.29b125fbae5f30980fe6268a1616c714.jpg,1,0,0,1,0.01
PET-1316_jpg.rf.bcf1caaa08360a4dfe2b28b055d4fc8b.jpg,1,0,0,1,0.01
PET-1317_jpg.rf.4a1f79ec36fa5bf0c7dd5f5ecf60a135.jpg,1,0,0,1,0.01
PET-1318_jpg.rf.719704b9791b1f38d1a18dda3251db8f.jpg,0,0,1,1,0.01
PET-1319_jpg.rf.1bf2941109184d33740f8a1afbf6378c.jpg,1,0,0,1,0.01
PET-1320_jpg.rf.550f5f41e32782cacc8502fb90b92e10.jpg,1,0,0,1,0.01
PET-1321_jpg.rf.6a4d34e65d90535d5f9beae19156b4dd.jpg,1,0,0,1,0.01
PET-1322_jpg.rf.21a7064184a61e45e89fd6e2e046ba6d.jpg,1,0,0,1,0.01
PET-1323_jpg.rf.dad6ed0e8049f50081cb085c34e8e7fc.jpg,0,0,1,1,0.01
PET-1324_jpg.rf.695bddd83928fe20cac032299e8c4ea8.jpg,1,0,0,1,0.01
PET-1325_jpg.rf.cf3a67f7a74cbe7af8442796bc46d74c.jpg,1,0,0,1,0.01
PET-1326_jpg.rf.956bee5f64bb9aac49ce5445824b8769.jpg,1,0,0,1,0.01
PET-1327_jpg.rf.e19ab7c8824983cfcb4dd269e6691389.jpg,0,0,1,1,0.01
PET-1328_jpg.rf.321931d5a60ce61722ccc1cdb368f17f.jpg,1,0,0,1,0.01
PET-1329_jpg.rf.7d028788de1f0086d3208abb8d35938f.jpg,0,0,1,1,0.01
PET-132_jpg.rf.dd75e3978ce4055f9b939dc8edc0ca6c.jpg,1,0,0,1,0.01
PET-133-_jpg.rf.316e19ef1b1911e5d70b44b11e73ca90.jpg,1,0,0,1,0.01
PET-1330_jpg.rf.914ef3fda09db27b7a2d420e3bfd668f.jpg,0,0,1,1,0.01
PET-1331_jpg.rf.3f0e963f84d73b0137bf78dd7b33706a.jpg,1,0,0,1,0.01
PET-1332_jpg.rf.4e2d0bc168fd6d4b09ef8c014f5d6992.jpg,0,0,1,1,0.01
PET-1333_jpg.rf.3faa7f86de8f45ee41bcdb652536bbbc.jpg,0,0,1,1,0.01
PET-1334_jpg.rf.7f457bdcc2dc778b90b2caedf3a4e9f1.jpg,1,0,0,1,0.01
PET-1335_jpg.rf.cff7d50805b66f955225d1dc28d20398.jpg,0,0,1,1,0.01
PET-1336_jpg.rf.b3e22dc20d0fe4d5a69ed4980a70970b.jpg,1,0,0,1,0.01
PET-1337_jpg.rf.9f1829cd3a07d6c63eade1ca300f589e.jpg,0,0,1,1,0.01
PET-1338_jpg.rf.7669cf16d7132efcb07c02e78c809c6f.jpg,1,0,0,1,0.01
PET-1339_jpg.rf.fb03e57151a1c7a36f68b26c249bff9f.jpg,0,0,1,1,0.01
PET-133_jpg.rf.2d86bc36183c3e79d7274cf3bd5df3b9.jpg,1,0,0,1,0.01
PET-1340_jpg.rf.9ef2b61fbcdc5d3455d715d2ee3f28fe.jpg,1,0,0,1,0.01
PET-1341_jpg.rf.d38e3f33604efb9ba3eab5c54f53e443.jpg,1,0,0,1,0.01
PET-1342_jpg.rf.d299ab864ca97154273dc2838e0de130.jpg,0,0,1,1,0.01
PET-1343_jpg.rf.2571b73b562a9187258c5b155f9db3fc.jpg,1,0,0,1,0.01
PET-1344_jpg.rf.768f67a0cea42afbab0adf9cabf4bd28.jpg,1,0,0,1,0.01
PET-1345_jpg.rf.49eca2d4861729b484c6309ab819d9c6.jpg,1,0,0,1,0.01
PET-1346_jpg.rf.41b8a595701182054affe5359a04dfc7.jpg,0,0,1,1,0.01
PET-1347_jpg.rf.b5ac1c32e616259304e4a71425dd725e.jpg,1,0,0,1,0.01
PET-1348_jpg.rf.fd6ab6e7b316bb743dbe52c4ae97ca27.jpg,1,0,0,1,0.01
PET-1349_jpg.rf.cc379439162bd4c40f9eef078b4c11e4.jpg,1,0,0,1,0.01
PET-134_jpg.rf.22b67ba48da56b2490e43fdd753a119d.jpg,1,0,0,1,0.01
PET-135-_jpg.rf.4b98271dc9f5822e97fa0862401c262d.jpg,1,0,0,1,0.01
PET-1350_jpg.rf.93ae1af9d48a5d4f2f0f27e9c99e4edc.jpg,1,0,0,1,0.01
PET-1351_jpg.rf.b3dec606c9178285b373ce61117d8b93.jpg,1,0,0,1,0.01
PET-1352_jpg.rf.1bb7c06ce729e1e70248911b79282289.jpg,0,1,0,1,0.01
PET-1353_jpg.rf.14170a5f3cc003f98d045707f89bf85a.jpg,0,0,1,1,0.01
PET-1354_jpg.rf.7aee8243265ededc00a6f948c0056952.jpg,1,0,0,1,0.01
PET-1355_jpg.rf.0043e591e4dfa4abd950460565b17551.jpg,1,0,0,1,0.01
PET-1356_jpg.rf.bdb024dc3e95dc78eb39ec6603711fe6.jpg,1,0,0,1,0.01
PET-1357_jpg.rf.6ea3345438cbe29c636ea55b1fec5661.jpg,1,0,0,1,0.01
PET-1358_jpg.rf.d4159a0ed34b8731550d9bde69a22bc2.jpg,1,0,0,1,0.01
PET-1359_jpg.rf.7b0108066d5c9e4aabab5fff6e818d98.jpg,1,0,0,1,0.01
PET-135_jpg.rf.e9974a87470e17bcf3664c80b4d6c1fe.jpg,0,0,1,1,0.01
PET-136-_jpg.rf.d8931cd8188cd8d8c1cbb43977659dd4.jpg,1,0,0,1,0.01
PET-1360_jpg.rf.814972ee735f5453efaab525287ab19b.jpg,1,0,0,1,0.01
PET-1361_jpg.rf.f25a85e7b00507fc4bd9498a8c5d041e.jpg,0,0,1,1,0.01
PET-1362_jpg.rf.5478e85c5406564f672ec159de713722.jpg,1,0,0,1,0.01
PET-1363_jpg.rf.34380eb35d39499842b71ced83e53b36.jpg,1,0,0,1,0.01
PET-1364_jpg.rf.8f9185cecc19f94e30111af1b7675f44.jpg,0,0,1,1,0.01
PET-1365_jpg.rf.d731a4025ef65541d078e770beba178e.jpg,0,0,1,1,0.01
PET-1366_jpg.rf.649a158aa8306b6731a820530c906072.jpg,0,0,1,1,0.01
PET-1367_jpg.rf.9c9189d500d3b717cbd87de0406baa96.jpg,1,0,0,1,0.01
PET-1368_jpg.rf.49a78714e702ee8d9366e74cf60566d0.jpg,0,0,1,1,0.01
PET-1369_jpg.rf.96523f61fe85ba0e721468538659d4c4.jpg,0,0,1,1,0.01
PET-136_jpg.rf.68f4cc0fcb21b182dd7d3bd0a529ebfd.jpg,1,0,0,1,0.01
PET-137-_jpg.rf.008da00fbdfbb307893bf312638648c7.jpg,1,0,0,1,0.01
PET-1370_jpg.rf.38d3edbfbad02917f2cc68d0dc5be412.jpg,0,0,1,1,0.01
PET-1371_jpg.rf.cc78440f3306333716556a90ff8a626a.jpg,1,0,0,1,0.01
PET-1372_jpg.rf.e6041046b19314499517b0ed0db586d0.jpg,0,0,1,1,0.01
PET-1373_jpg.rf.6647ab367cb87928c1d82d3a3c82e4be.jpg,1,0,0,1,0.01
PET-1374_jpg.rf.f6720c0dc1f3c61ea3279d20d7e0b532.jpg,0,1,0,1,0.01
PET-1375_jpg.rf.7a0b774072eeb65b5ad06a54552a7c1c.jpg,1,0,0,1,0.01
PET-1376_jpg.rf.e451a1931a24b3269a8f1ef44888f34c.jpg,0,0,1,1,0.01
PET-1377_jpg.rf.d5a7be4e2d0cf4a77ec850a406620042.jpg,1,0,0,1,0.01
PET-1378_jpg.rf.c8ff353584f93a4e6c8ceee502d45f61.jpg,1,0,0,1,0.01
PET-1379_jpg.rf.f6c578603d7b400415b769a07aa8caf7.jpg,1,0,0,1,0.01
PET-137_jpg.rf.8960c4e68fdb2a376181ec0d225c3226.jpg,1,0,0,1,0.01
PET-138-_jpg.rf.8aa5831b10f9e7486287b05052aa2e39.jpg,0,1,0,1,0.01
PET-1380_jpg.rf.559f623c80c73e8a7c8d36246e98db4b.jpg,1,0,0,1,0.01
PET-1381_jpg.rf.86d2ce3cbdcf78da66e508a53ecd0869.jpg,1,0,0,1,0.01
PET-1382_jpg.rf.6ddbbeb590af90fd16a3e54a563d6520.jpg,0,0,1,1,0.01
PET-1383_jpg.rf.0de3d65338bbde0c4cf8a23b49edbd73.jpg,1,0,0,1,0.01
PET-1384_jpg.rf.2b838435b2cd2b48730ac055d765fcd1.jpg,1,0,0,1,0.01
PET-1385_jpg.rf.51a173a31bf73f189b7d7a915411f730.jpg,1,0,0,1,0.01
PET-1386_jpg.rf.9a71dee8c3484c9d5ecf108e1fb7c325.jpg,1,0,0,1,0.01
PET-1387_jpg.rf.cc070c4fb1cbff58d98778c71c3cf0dc.jpg,1,0,0,1,0.01
PET-1388_jpg.rf.9254aa494d02fc7536e9c0c4ba53c204.jpg,1,0,0,1,0.01
PET-1389_jpg.rf.54a4e383b0a7026933d8d1e6a73aa8b8.jpg,0,0,1,1,0.01
PET-138_jpg.rf.07cbbcd3752620bd50a0ebf8e01f905f.jpg,1,0,0,1,0.01
PET-139-_jpg.rf.17134df29b2684f0d76c048a659e7f44.jpg,1,0,0,1,0.01
PET-1390_jpg.rf.8d30a49983c4382ea763056f5757b9e1.jpg,0,0,1,1,0.01
PET-1391_jpg.rf.38fb80132b3ac2f2c0ade541085c4e27.jpg,1,0,0,1,0.01
PET-1392_jpg.rf.cf9bc10b43ee7f140cdaae1ee2481e07.jpg,1,0,0,1,0.01
PET-1393_jpg.rf.514df40c335cf956b2f78a57ced16191.jpg,0,0,1,1,0.01
PET-1394_jpg.rf.9e70f98165d8b71db20fd2532441b8fc.jpg,1,0,0,1,0.01
PET-1395_jpg.rf.61acfad54dc8a1d90543e8f6fb524b7d.jpg,1,0,0,1,0.01
PET-1396_jpg.rf.5109910084086619182fb2b97d40cebe.jpg,1,0,0,1,0.01
PET-1397_jpg.rf.b6fe65a78236e9cba9d65043084fc8fc.jpg,0,1,0,1,0.01
PET-1398_jpg.rf.3105879863f1d1e73508f50c3b9e943f.jpg,1,0,0,1,0.01
PET-1399_jpg.rf.7e628806b0eb56caf90302c8f6f800bb.jpg,0,1,0,1,0.01
PET-139_jpg.rf.aa12e2f7ffd72837d5bea7f03be223b0.jpg,0,0,1,1,0.01
PET-13_jpg.rf.32a190e2eaaf1fbaf6293d7806f452e8.jpg,1,0,0,1,0.01
PET-140-_jpg.rf.33353ee3842fe1abd709aa0e16421270.jpg,0,1,0,1,0.01
PET-1400_jpg.rf.324772021160ae5d61b3a531ff88078f.jpg,1,0,0,1,0.01
PET-1401_jpg.rf.edfbfa44d8c01836989d9f8752274377.jpg,1,0,0,1,0.01
PET-1402_jpg.rf.9c7ada383e4c21ad37ef44324e230305.jpg,1,0,0,1,0.01
PET-1403_jpg.rf.c0ca5851d638859cd2640952b8d6dc26.jpg,1,0,0,1,0.01
PET-1404_jpg.rf.5dba94694834da48b2a006040cef4b8d.jpg,1,0,0,1,0.01
PET-1405_jpg.rf.dd9ad1f0f77cbe30dbd5d6c5fb42d7fa.jpg,0,0,1,1,0.01
PET-1406_jpg.rf.50ea7e589f8c3d7e752830c7e8025a7b.jpg,1,0,0,1,0.01
PET-1407_jpg.rf.320e21876524bb43fe7d36fa7c644706.jpg,1,0,0,1,0.01
PET-1408_jpg.rf.f05dc6fdca048df5770831189d937a3c.jpg,1,0,0,1,0.01
PET-1409_jpg.rf.fc6b2c6df6ae40cd8c96db2c1657daad.jpg,1,0,0,1,0.01
PET-140_jpg.rf.c85707d2f163f9caaaeede37483cdbcc.jpg,1,0,0,1,0.01
PET-1410_jpg.rf.b894b5403af9881468358689b00eb5c0.jpg,1,0,0,1,0.01
PET-1411_jpg.rf.45a1790b8a930f16e2e8d310ce93e9ae.jpg,0,0,1,1,0.01
PET-1412_jpg.rf.9b68c11a9dc2e2ea5c249f0df1dffe3f.jpg,1,0,0,1,0.01
PET-1413_jpg.rf.e77418b45e1e18f2234dddeda8eb28d8.jpg,0,0,1,1,0.01
PET-1414_jpg.rf.ac882f1918a0d53516bf708fd35a2b74.jpg,1,0,0,1,0.01
PET-1415_jpg.rf.cae8931b74074fda11a79337b840fee2.jpg,0,0,1,1,0.01
PET-1416_jpg.rf.2e0dd7eb38142d6bd99cc0970fb656a0.jpg,0,0,1,1,0.01
PET-1417_jpg.rf.885a9358009570f182bdc3fcf392d93f.jpg,0,0,1,1,0.01
PET-1418_jpg.rf.f7c4dd46eb60239ca4ff87a16da763a7.jpg,1,0,0,1,0.01
PET-1419_jpg.rf.953e1636cea06ab7647b196d6ecd5326.jpg,0,0,1,1,0.01
PET-141_jpg.rf.9901ebd8f3d9ec079f99d506fc979221.jpg,1,0,0,1,0.01
PET-1420_jpg.rf.ffc54f4f4e5420fec4b543809324265a.jpg,1,0,0,1,0.01
PET-1421_jpg.rf.1a59ef0c448c14b3e3a25080daf06cc6.jpg,1,0,0,1,0.01
PET-1422_jpg.rf.0961857a1a00e8450b3c4634cb11020c.jpg,1,0,0,1,0.01
PET-1423_jpg.rf.453d3c9a262a17d40b99f09e566c1a89.jpg,1,0,0,1,0.01
PET-1424_jpg.rf.8ef89e175421b0ec95588f729b0d4f92.jpg,1,0,0,1,0.01
PET-1425_jpg.rf.7a1c9dd1d82f42c5cd60497de247ddc7.jpg,1,0,0,1,0.01
PET-1426_jpg.rf.c66e4a03ffa5e1ca8a3015cc32c8d735.jpg,1,0,0,1,0.01
PET-1427_jpg.rf.fb35718fb9d0a4591a76a1a74251621c.jpg,0,0,1,1,0.01
PET-1428_jpg.rf.4ffde7099bec0f20c2963640926e07f1.jpg,0,0,1,1,0.01
PET-1429_jpg.rf.3f8269b0e7d253cb7a1d7140181cc9be.jpg,0,0,1,1,0.01
PET-142_jpg.rf.c128ecb3b4e35b9be0f45f65534d4040.jpg,1,0,0,1,0.01
PET-143-_jpg.rf.02ce01a835d3d3142938575a43551c74.jpg,0,0,1,1,0.01
PET-1430_jpg.rf.d9a37862b0c2a8ce674ba0365a03e084.jpg,1,0,0,1,0.01
PET-1431_jpg.rf.d1ca0cd539666f3fa8709e9677f59d00.jpg,0,0,1,1,0.01
PET-1432_jpg.rf.a00513cfb92c51deff66aaac0ee67855.jpg,1,0,0,1,0.01
PET-1433_jpg.rf.0deaf9d5bab76d8c39f2737d109090ff.jpg,1,0,0,1,0.01
PET-1434_jpg.rf.dd6b077b3bdb80cf2158bc1a1c3101de.jpg,1,0,0,1,0.01
PET-1435_jpg.rf.4ff329739dabc79d090427cfddff9dce.jpg,1,0,0,1,0.01
PET-1436_jpg.rf.ea517548d000b274b9c7d2bc73e30922.jpg,1,0,0,1,0.01
PET-1437_jpg.rf.4bb2e3c3043ce0862f3738e09232a3b7.jpg,1,0,0,1,0.01
PET-1438_jpg.rf.953e8287de01ec340b2fecc6d13671d4.jpg,1,0,0,1,0.01
PET-1439_jpg.rf.08f97ee22b9c7c99605fcb5c956b3611.jpg,0,0,1,1,0.01
PET-144-_jpg.rf.3fe4c083ac61f684421614836bd99d99.jpg,1,0,0,1,0.01
PET-1440_jpg.rf.fd5be923528959046735b0fcdf94eeb5.jpg,1,0,0,1,0.01
PET-1441_jpg.rf.5ade72892ffad4d688bd9e6e4cba3a8c.jpg,0,1,0,1,0.01
PET-1442_jpg.rf.08921a2ae527671f1b64f78c8c9fb605.jpg,0,0,1,1,0.01
PET-1443_jpg.rf.47a86c75ce2fa65eabc821aea8a3d4e0.jpg,1,0,0,1,0.01
PET-1444_jpg.rf.09a4ad1262340343784d5debe06884e4.jpg,1,0,0,1,0.01
PET-1445_jpg.rf.c71497bd613d6833f90883b8dcdcfe63.jpg,0,1,0,1,0.01
PET-1446_jpg.rf.b62e1c39ef901d1cc4b48963112e2bd4.jpg,0,0,1,1,0.01
PET-1447_jpg.rf.6191d72e6291079a4dc429ee11cf1920.jpg,0,1,0,1,0.01
PET-1448_jpg.rf.a4d6d324f080049ee3f0ce71f2577761.jpg,1,0,0,1,0.01
PET-1449_jpg.rf.082f15dca90055b7813b1038bf21e533.jpg,1,0,0,1,0.01
PET-144_jpg.rf.db0b534e9aec10cdc836a7ca33d750c1.jpg,0,0,1,1,0.01
PET-145-_jpg.rf.87c6760a3de107967658556679cecc40.jpg,1,0,0,1,0.01
PET-1450_jpg.rf.23ad2c7ac371ad5ad48a8a2d193041a9.jpg,1,0,0,1,0.01
PET-1451_jpg.rf.b02dc11fe34de0b159f4cebc8cafb737.jpg,1,0,0,1,0.01
PET-1452_jpg.rf.28705b0b2466fa3b99c41b56f7c3638d.jpg,1,0,0,1,0.01
PET-1453_jpg.rf.2c9c6e75a5ee27bcdea98988b21bd6bf.jpg,0,1,0,1,0.01
PET-1454_jpg.rf.7a2cbace75ab2ad9bd1f214b27b7e71f.jpg,1,0,0,1,0.01
PET-1455_jpg.rf.d8bfccf747190e9037c2b32ff9090d47.jpg,1,0,0,1,0.01
PET-1456_jpg.rf.320832c8445aa175e4765bb14605e93e.jpg,0,1,0,1,0.01
PET-1457_jpg.rf.3a2395744a3e7917b11f7c872723647e.jpg,1,0,0,1,0.01
PET-1458_jpg.rf.0167c4dd6f699ccffa6d08022d0a4957.jpg,1,0,0,1,0.01
PET-1459_jpg.rf.9cec6f223af5d8fed767994fd5f5d1b2.jpg,1,0,0,1,0.01
PET-145_jpg.rf.283dda41c8e2ef59b2f419ef7e8f4d55.jpg,0,0,1,1,0.01
PET-1460_jpg.rf.12ef7ebab1463fea4b731f5cf04865c8.jpg,1,0,0,1,0.01
PET-1461_jpg.rf.dc5b9e7106577dc3b848f2d13b44d72c.jpg,1,0,0,1,0.01
PET-1462_jpg.rf.4b104c041574f14c19b0398affc68837.jpg,1,0,0,1,0.01
PET-1463_jpg.rf.5e1febd784bf108a54c6256bbee0a496.jpg,1,0,0,1,0.01
PET-1464_jpg.rf.87757e607d7c45b0ad3e903244e8776b.jpg,0,1,0,1,0.01
PET-1465_jpg.rf.d707d2e518974a82c47cd0ad162da3a7.jpg,1,0,0,1,0.01
PET-1466_jpg.rf.270393741279b661f5c8ab37af96d514.jpg,1,0,0,1,0.01
PET-1467_jpg.rf.5630514e26566f41f32d636ca601fce6.jpg,1,0,0,1,0.01
PET-1468_jpg.rf.6df35c33e2965eacb0de097243c83366.jpg,1,0,0,1,0.01
PET-1469_jpg.rf.abd24faaecd497f7d510bae2047b255d.jpg,1,0,0,1,0.01
PET-146_jpg.rf.fe9346a15c9743ecc538224d941c762c.jpg,1,0,0,1,0.01
PET-1470_jpg.rf.b4545ee8b53b446a2106f3ff139684d3.jpg,1,0,0,1,0.01
PET-1471_jpg.rf.31b683bebbf67d811cac55f57d51fdf7.jpg,1,0,0,1,0.01
PET-1472_jpg.rf.36e43ff216015e9796647d0f4436010d.jpg,1,0,0,1,0.01
PET-1473_jpg.rf.dd68c7480c3bd8c0eb9020202d4c7125.jpg,0,0,1,1,0.01
PET-1474_jpg.rf.7904222569d1cdbfca9d0c7520cbc00d.jpg,0,1,0,1,0.01
PET-1475_jpg.rf.cd9ffc3edd0c9055f6efaa13fc74e1c8.jpg,1,0,0,1,0.01
PET-1476_jpg.rf.b13f0c686026c3dcba15c93cfcfe2b04.jpg,0,0,1,1,0.01
PET-1477_jpg.rf.ac51d6b8390926f75d36f9ac497b018f.jpg,1,0,0,1,0.01
PET-1478_jpg.rf.80eaad3389f105bf81679084b38a8107.jpg,1,0,0,1,0.01
PET-1479_jpg.rf.cc0ce9b96a828cdc657b146b9ae2348b.jpg,1,0,0,1,0.01
PET-147_jpg.rf.0c4c626e97ea90407864b0f26cfeb1a0.jpg,0,0,1,1,0.01
PET-1480_jpg.rf.431b17c9fe5e16a0492443c36569d87b.jpg,1,0,0,1,0.01
PET-1481_jpg.rf.d9ff9385bbdf56b7053e6711974de7a2.jpg,0,0,1,1,0.01
PET-1482_jpg.rf.c3f851a1671da71f07acea628cf4f8d9.jpg,0,0,1,1,0.01
PET-1483_jpg.rf.3d097c7b82a7c6322d0ef0a2adcca52b.jpg,1,0,0,1,0.01
PET-1484_jpg.rf.a1bcb8a943fb1cd193cad3c542d57304.jpg,1,0,0,1,0.01
PET-1485_jpg.rf.6a38ab2aeee123054a34e6f7d91e3ebd.jpg,1,0,0,1,0.01
PET-1486_jpg.rf.e962d42cf16c459b3789999d774a9cc4.jpg,1,0,0,1,0.01
PET-1487_jpg.rf.d6e628182169db8f4902f456c8ba1d11.jpg,1,0,0,1,0.01
PET-1488_jpg.rf.cb9d0c2b7ba9b50b37ef60180dea9e2c.jpg,1,0,0,1,0.01
PET-1489_jpg.rf.9ba11672632ca73172d6a3486323c5a0.jpg,1,0,0,1,0.01
PET-148_jpg.rf.3c1223ad64454bf7c4b3a787d03b45e2.jpg,1,0,0,1,0.01
PET-149-_jpg.rf.cfff7b58a22f06b778a869834544f8d6.jpg,1,0,0,1,0.01
PET-1490_jpg.rf.23bb19385296111c424dc2b6f73cfbeb.jpg,1,0,0,1,0.01
PET-1491_jpg.rf.5ab177e0155fdb4a43346c0c0c1fde4b.jpg,1,0,0,1,0.01
PET-1492_jpg.rf.096027687cabaa50780b67e053814b8f.jpg,1,0,0,1,0.01
PET-1493_jpg.rf.267b1e484dabf58218f7919ff0b2f5f7.jpg,1,0,0,1,0.01
PET-1494_jpg.rf.e535d5f9669990580ed6120cb696f0d1.jpg,1,0,0,1,0.01
PET-1495_jpg.rf.4d0c4b5b206d01830abf036dcdca1a5b.jpg,1,0,0,1,0.01
PET-1496_jpg.rf.f76de9ce1f666b3f58716e9ad499e6fa.jpg,0,0,1,1,0.01
PET-1497_jpg.rf.d554183c2ea436d7ad1de4d4405e2c17.jpg,1,0,0,1,0.01
PET-1498_jpg.rf.941501f9cab46c80964e38b7ae80f85c.jpg,1,0,0,1,0.01
PET-1499_jpg.rf.16f6cfffc8fa3a46f61597210b38a4c3.jpg,1,0,0,1,0.01
PET-149_jpg.rf.0f22084cb3871a165453222547cb894c.jpg,1,0,0,1,0.01
PET-1500_jpg.rf.805ce564df61a20eea8b35416dda5939.jpg,1,0,0,1,0.01
PET-1501_jpg.rf.bb8e16182cbf3dddb132d9e761c8665a.jpg,1,0,0,1,0.01
PET-1502_jpg.rf.8a23a847729d52b28b9cc53fa77977b8.jpg,1,0,0,1,0.01
PET-1503_jpg.rf.07e439a637981ff2bde6e96c9389fd89.jpg,1,0,0,1,0.01
PET-1504_jpg.rf.9e76fd620982fbf96763907b6bab0cff.jpg,1,0,0,1,0.01
PET-1505_jpg.rf.b47be9e9ac9fa02bbe067033d490bed2.jpg,1,0,0,1,0.01
PET-1506_jpg.rf.b39bc07c31f89024ad7c094a9b6d46a3.jpg,1,0,0,1,0.01
PET-1507_jpg.rf.1481f25eea3e9c24942ac42d78d5ef99.jpg,1,0,0,1,0.01
PET-1508_jpg.rf.88930284407d72f75788776e2c838f89.jpg,0,1,0,1,0.01
PET-1509_jpg.rf.ad3ab4ea7633ac0f765576b98fdcd30f.jpg,1,0,0,1,0.01
PET-150_jpg.rf.7eca2e9a4d499cf92de26ada962ce7ca.jpg,0,1,0,1,0.01
PET-151-_jpg.rf.0aeaee77ea1be17f9bce00c6ae3a1a89.jpg,1,0,0,1,0.01
PET-1510_jpg.rf.4e00f068cfcad756722c1d177fe4152f.jpg,1,0,0,1,0.01
PET-1511_jpg.rf.fc07c9b8a204ca54e2ccaa9140318dbb.jpg,1,0,0,1,0.01
PET-1512_jpg.rf.ae1cddc011e3aaaf4473dde6a3a94b74.jpg,1,0,0,1,0.01
PET-1513_jpg.rf.edb89c374f0c392182c3be177f78c114.jpg,1,0,0,1,0.01
PET-1514_jpg.rf.5b99ac5de0a5902761e9c37831d4b024.jpg,1,0,0,1,0.01
PET-1515_jpg.rf.00a14eca49339f0d107fdf00c499cdba.jpg,1,0,0,1,0.01
PET-1516_jpg.rf.0c3a6ca8e5f3e8d8c04598a12205dda3.jpg,1,0,0,1,0.01
PET-1517_jpg.rf.a6207fc59da4908919c78d9a1debfc65.jpg,0,0,1,1,0.01
PET-1518_jpg.rf.b81fb75bda593c020da23653d846d1e2.jpg,0,1,0,1,0.01
PET-1519_jpg.rf.273997b1fb6830f38655c4dc27524ab1.jpg,0,0,1,1,0.01
PET-151_jpg.rf.7c17e2910be4e1c1082fdd21b3273c3b.jpg,0,1,0,1,0.01
PET-152-_jpg.rf.ffb75166bd2f6b161883874b408104bb.jpg,1,0,0,1,0.01
PET-1520_jpg.rf.a9ca5adb1ab46c6ac6b4b344d5d93ce1.jpg,1,0,0,1,0.01
PET-1521_jpg.rf.c315a3483a2bdba75895ec29215419f1.jpg,1,0,0,1,0.01
PET-1522_jpg.rf.7e7ce4c8d06c3d745fb74a6ffed26f2d.jpg,0,0,1,1,0.01
PET-1523_jpg.rf.a4c8866f5da2770ee74346070e105764.jpg,1,0,0,1,0.01
PET-1524_jpg.rf.503cfb51a64ce95e6376d64d2fb7080d.jpg,1,0,0,1,0.01
PET-1525_jpg.rf.2914cc0a09002d12f2328e83990c45ec.jpg,0,1,0,1,0.01
PET-1526_jpg.rf.73b3ffafca70cc6f1d5ba20be1100d48.jpg,1,0,0,1,0.01
PET-1527_jpg.rf.e910d76027a7dc2557dd44dac622a93e.jpg,1,0,0,1,0.01
PET-1528_jpg.rf.3467d399061ac5fcdf90fc6f4afbc272.jpg,0,0,1,1,0.01
PET-1529_jpg.rf.fc73dd1809cc9590c2a41c182be1c99a.jpg,1,0,0,1,0.01
PET-152_jpg.rf.bde90c9c9b4542bfd4a1d84e2e902a2e.jpg,1,0,0,1,0.01
PET-153-_jpg.rf.1f4dbdf7de29c83cffc9524edbce9e9d.jpg,1,0,0,1,0.01
PET-1530_jpg.rf.93a54e986cf41f59e6013510a7daefa7.jpg,1,0,0,1,0.01
PET-1531_jpg.rf.c15eac2f264b2843db8c6e9082dca7a4.jpg,1,0,0,1,0.01
PET-1532_jpg.rf.39d0b9864298d52340641827dc65c9e7.jpg,1,0,0,1,0.01
PET-1533_jpg.rf.cea96cd667d1911f254adb7765cc03fb.jpg,1,0,0,1,0.01
PET-1534_jpg.rf.43c60c5f995289f0f044dea03b71c13a.jpg,1,0,0,1,0.01
PET-1535_jpg.rf.e37cb9201482f1754d70623dc3eb0c4e.jpg,1,0,0,1,0.01
PET-1536_jpg.rf.63482b435b91526e1e794aa10bbffa19.jpg,1,0,0,1,0.01
PET-1537_jpg.rf.138c0cd43a3c08bcc134e2be7bd67780.jpg,0,1,0,1,0.01
PET-1538_jpg.rf.e57c769669abb00c55f56f4f326389c3.jpg,1,0,0,1,0.01
PET-1539_jpg.rf.c86f3aedac9b6736dda9ded6c2512914.jpg,0,0,1,1,0.01
PET-153_jpg.rf.d52ccd9877e0a011578a38564768a989.jpg,1,0,0,1,0.01
PET-1540_jpg.rf.12a2b78a3b4529d747245dfc2d3e298f.jpg,1,0,0,1,0.01
PET-1541_jpg.rf.14402b629044d7719cd3fd7dc91b8a5c.jpg,1,0,0,1,0.01
PET-1542_jpg.rf.fc1c524f83b723c119f85c1077142d6a.jpg,1,0,0,1,0.01
PET-1543_jpg.rf.3fd7b1e97e07b8c2d8ee5516179b8071.jpg,1,0,0,1,0.01
PET-1544_jpg.rf.fd2c101b537d58b85dbd47c6e22a2c2d.jpg,1,0,0,1,0.01
PET-1545_jpg.rf.b9fc668b8d9f20d73f22fed1d887ec31.jpg,0,1,0,1,0.01
PET-1546_jpg.rf.5d4d2c1a8f93174627288807d77272c9.jpg,1,0,0,1,0.01
PET-1547_jpg.rf.6f8f226720c52369b05d69e7a35e4b83.jpg,1,0,0,1,0.01
PET-1548_jpg.rf.da95db58655cdf1bdaa9630d90459349.jpg,1,0,0,1,0.01
PET-1549_jpg.rf.0d4395241a517db93ecc375e9808cbd0.jpg,1,0,0,1,0.01
PET-154_jpg.rf.01b1dee5ab9180a61ea4c1e6f0e0abf2.jpg,0,0,1,1,0.01
PET-155-_jpg.rf.4330d2645df8bcf9d88471aedb177e37.jpg,1,0,0,1,0.01
PET-1550_jpg.rf.148b4309c6bdc46d6292e43402ecf003.jpg,1,0,0,1,0.01
PET-1551_jpg.rf.24a22aeec70f5a59ca03b3bd65168662.jpg,0,1,0,1,0.01
PET-1552_jpg.rf.eac7b4c0dd1b38e91909d22a7374a758.jpg,1,0,0,1,0.01
PET-1553_jpg.rf.afe5919802bd0a1d47519bfbe80bef32.jpg,0,1,0,1,0.01
PET-1554_jpg.rf.e293ac1e39a3b680f34162917b51c80d.jpg,1,0,0,1,0.01
PET-1555_jpg.rf.8ce0eb0f335156f5e328bcb31c5532d3.jpg,0,1,0,1,0.01
PET-1556_jpg.rf.c0530a9bb4b5a1b5b5d77834e70bdd83.jpg,0,0,1,1,0.01
PET-1557_jpg.rf.9367bef8f982080a80cfc42636aa6064.jpg,1,0,0,1,0.01
PET-1558_jpg.rf.a7dfb83067bad66628347b907acc4018.jpg,1,0,0,1,0.01
PET-1559_jpg.rf.83f70d9013244f04dead7e7fc9da153a.jpg,1,0,0,1,0.01
PET-155_jpg.rf.c9a5d620c06de2cd71a37b3b2753508d.jpg,0,1,0,1,0.01
PET-1560_jpg.rf.5a29f1eef14798bfe4e95d18360d2378.jpg,1,0,0,1,0.01
PET-1561_jpg.rf.5ad29ecfa2e37396452a59fee2acfb17.jpg,1,0,0,1,0.01
PET-1562_jpg.rf.44a6d6e004e95663f0699f3798025b56.jpg,0,0,1,1,0.01
PET-1563_jpg.rf.262c0af14d871b90acf37682fd7159b3.jpg,0,0,1,1,0.01
PET-1564_jpg.rf.6e689f05d093495301787ff38ed77db0.jpg,1,0,0,1,0.01
PET-1565_jpg.rf.32bc1d434a53bd18160e0155ad290630.jpg,1,0,0,1,0.01
PET-1566_jpg.rf.cdffd5b2123a56b21a7dc959cbd8d237.jpg,1,0,0,1,0.01
PET-1567_jpg.rf.e97e9a119c9dc2edbaed40c8cf9c8216.jpg,0,0,1,1,0.01
PET-1568_jpg.rf.e215c83498226cceec3594cda85441f0.jpg,1,0,0,1,0.01
PET-1569_jpg.rf.34368cd4ee7a03a3fc2d35e87cf33168.jpg,0,1,0,1,0.01
PET-156_jpg.rf.5979e0dde787275c9e37409a6ce955d1.jpg,0,1,0,1,0.01
PET-1570_jpg.rf.30efaab149fa04307114f235a9861cab.jpg,0,0,1,1,0.01
PET-1571_jpg.rf.e4d876564d726e2dcd8ea08769bc2876.jpg,0,1,0,1,0.01
PET-1572_jpg.rf.e725459a4b577f3bc2faf35f20215b5d.jpg,1,0,0,1,0.01
PET-1573_jpg.rf.3e8ab1811176dfb4f549cc098893a2da.jpg,0,0,1,1,0.01
PET-1574_jpg.rf.74a062c3de105f5f4d27a70e271ef149.jpg,1,0,0,1,0.01
PET-1575_jpg.rf.c372e14cdefe10a65c15d658f23276db.jpg,1,0,0,1,0.01
PET-1576_jpg.rf.3d029ad671aed60df105b15c1d3ef4a4.jpg,0,0,1,1,0.01
PET-1577_jpg.rf.4d81538cecd040b3a90c0a037d2028e1.jpg,1,0,0,1,0.01
PET-1578_jpg.rf.1c8396ff2edbb23022d39a9b72125de9.jpg,1,0,0,1,0.01
PET-1579_jpg.rf.26948216349b39b9719f2a96f8009171.jpg,1,0,0,1,0.01
PET-157_jpg.rf.cf6a1987844fedcb82ea91944b857fd1.jpg,1,0,0,1,0.01
PET-1580_jpg.rf.c6807ee338185e9bf6d2eb10e12e99c3.jpg,1,0,0,1,0.01
PET-1581_jpg.rf.a85ca791aba06fc36c585966eb01a0ea.jpg,1,0,0,1,0.01
PET-1582_jpg.rf.5d0020f790944c4f013e906f21d0384b.jpg,1,0,0,1,0.01
PET-1583_jpg.rf.65d7f65d344256d2d76fb461fb650a76.jpg,1,0,0,1,0.01
PET-1584_jpg.rf.88001574f3ea66f873f832fda8c0df37.jpg,1,0,0,1,0.01
PET-1585_jpg.rf.cd94d7c7d6f60db9592895e18f09fe4e.jpg,1,0,0,1,0.01
PET-1586_jpg.rf.5cdb43bb820cf2b6bc94ebda3eb14ad6.jpg,1,0,0,1,0.01
PET-1587_jpg.rf.227622a7500a043cd84cfdf42efb3858.jpg,0,0,1,1,0.01
PET-1588_jpg.rf.cde893145a0e7f74981c4a4b63a1aeb9.jpg,1,0,0,1,0.01
PET-1589_jpg.rf.8699f00c7bb57c96d86ef94b08693d82.jpg,0,0,1,1,0.01
PET-158_jpg.rf.6e202461cfd8c42361d3959764a852a0.jpg,1,0,0,1,0.01
PET-1590_jpg.rf.6e7ab233a140f7211dcaf8c13f6c9097.jpg,1,0,0,1,0.01
PET-1591_jpg.rf.50f5673d5ad38987f3c2c1afcaafa597.jpg,1,0,0,1,0.01
PET-1592_jpg.rf.51aae28354efa6382bfde18173cc0e2d.jpg,1,0,0,1,0.01
PET-1593_jpg.rf.8e8aea25f76e0899b7d14a2f3632c9ba.jpg,0,0,1,1,0.01
PET-1594_jpg.rf.f14b8f72ec9891e93867bef9feeb0098.jpg,1,0,0,1,0.01
PET-1595_jpg.rf.8cf1e33c6ee98accd1aec4d821e4d248.jpg,1,0,0,1,0.01
PET-1596_jpg.rf.205f723cd7559468238fc1f686142e3c.jpg,1,0,0,1,0.01
PET-1597_jpg.rf.584ce69ad903154ec106819cd37bc32e.jpg,1,0,0,1,0.01
PET-1598_jpg.rf.2f3d729cfa6a5d3b38392ae7f463c8f0.jpg,1,0,0,1,0.01
PET-1599_jpg.rf.ad918941617db6e9401e2fea9a40fe03.jpg,1,0,0,1,0.01
PET-159_jpg.rf.947be1883b04585a6dbcc77b64024c1d.jpg,1,0,0,1,0.01
PET-15_jpg.rf.50be1f04d5adc201b9518f97178dffda.jpg,1,0,0,1,0.01
PET-1600_jpg.rf.f3eef1f4cee6b1bd9f3522d92f943bfa.jpg,1,0,0,1,0.01
PET-1601_jpg.rf.9414adcfce586865ae36915712b36742.jpg,1,0,0,1,0.01
PET-1602_jpg.rf.54c3a8110eedf6f4bcf89ed91200593d.jpg,0,1,0,1,0.01
PET-1603_jpg.rf.f8388256b0c7d5578b4444299e915699.jpg,0,0,1,1,0.01
PET-1604_jpg.rf.f80573ede53792d3ef90c160c7c582d9.jpg,1,0,0,1,0.01
PET-1605_jpg.rf.0838f1498642522a94a4814d665c8acd.jpg,0,0,1,1,0.01
PET-1606_jpg.rf.728576673fcc29a4cef2d3feb0303b38.jpg,1,0,0,1,0.01
PET-1607_jpg.rf.d499e7a3966f36959f05d2b24c87635f.jpg,1,0,0,1,0.01
PET-1608_jpg.rf.5aa157dea5194428361ebbbccad5dec4.jpg,1,0,0,1,0.01
PET-1609_jpg.rf.f38558e3c7215e3a542ae03fc2acccb3.jpg,1,0,0,1,0.01
PET-160_jpg.rf.3bbd8cb65f38765d1aa8fb9983ebdff9.jpg,1,0,0,1,0.01
PET-161-_jpg.rf.76802282bf3a43a6d239c25aa2d82621.jpg,1,0,0,1,0.01
PET-1610_jpg.rf.9b05fc524be4d240370cb93797e7e25c.jpg,0,0,1,1,0.01
PET-1611_jpg.rf.6a9c0dd53a2fd9feae883d68e4b21aa8.jpg,1,0,0,1,0.01
PET-1612_jpg.rf.3f0e60594dc656bcb365aadc54460853.jpg,1,0,0,1,0.01
PET-1613_jpg.rf.9b767748498405eff804c2269c7edf39.jpg,0,1,0,1,0.01
PET-1614_jpg.rf.5f1e9841e497b7d16f8c72b9d3767c9a.jpg,1,0,0,1,0.01
PET-1615_jpg.rf.6a10a49c5895780797d9cebdd90c0ee9.jpg,1,0,0,1,0.01
PET-1616_jpg.rf.46030cbbc61ad6df22f753ce972f86e8.jpg,1,0,0,1,0.01
PET-1617_jpg.rf.931f6eca09027d135d4f1a2fb6c6d22c.jpg,1,0,0,1,0.01
PET-1618_jpg.rf.a8cbb39c2d7d6cc34d606b567d78dcdf.jpg,1,0,0,1,0.01
PET-1619_jpg.rf.eca121500aa18f374f81af6f99809c86.jpg,0,0,1,1,0.01
PET-161_jpg.rf.bfd77eb67cc839d87e67b5ff739e18a4.jpg,1,0,0,1,0.01
PET-162-_jpg.rf.73b17f6bac5e96210c15643ecdddd6d4.jpg,1,0,0,1,0.01
PET-1620_jpg.rf.6b0031141a5c510a2050dd07b238b7de.jpg,0,1,0,1,0.01
PET-1621_jpg.rf.b6da8730755ebd83a4d7c94ae89134ff.jpg,1,0,0,1,0.01
PET-1622_jpg.rf.2d8b687116739c3ac51ee0cf436afaee.jpg,1,0,0,1,0.01
PET-1623_jpg.rf.1736d8781e96da550d5c4de36c76b167.jpg,1,0,0,1,0.01
PET-1624_jpg.rf.1ea9b4b7b3573d3a26c0159c6544edb4.jpg,0,0,1,1,0.01
PET-1625_jpg.rf.80bdd83d82f889f126d61ffdb5023e1e.jpg,1,0,0,1,0.01
PET-1626_jpg.rf.70e718d1b050772e02f929a859685daf.jpg,1,0,0,1,0.01
PET-1627_jpg.rf.7d6f7eb1d0b5f6df5750aabfbf79f362.jpg,1,0,0,1,0.01
PET-1628_jpg.rf.2e814f3a5d37e861fedf42f2654d672c.jpg,1,0,0,1,0.01
PET-1629_jpg.rf.6bc6d9cafd70df143df1c92a8da523e6.jpg,1,0,0,1,0.01
PET-162_jpg.rf.9dd7de9054a4431fa6a387edd087af10.jpg,1,0,0,1,0.01
PET-163-_jpg.rf.8e9443e053abba867c0c0162f52ac1c1.jpg,1,0,0,1,0.01
PET-1630_jpg.rf.15b0f189c327233f6ac12e526f704af2.jpg,1,0,0,1,0.01
PET-1631_jpg.rf.40a3a02335b1b907ef17bf9b2cb95e99.jpg,1,0,0,1,0.01
PET-1632_jpg.rf.8edbaec9d5af52cd4ffdffea57bc4c0e.jpg,1,0,0,1,0.01
PET-1633_jpg.rf.d850338ee9b755c8230f2ad33d55edc6.jpg,1,0,0,1,0.01
PET-1634_jpg.rf.b5f283a89ed1745126e1afe25070ad55.jpg,0,0,1,1,0.01
PET-1635_jpg.rf.02e308e47886bfc43e6841f3236f3235.jpg,1,0,0,1,0.01
PET-1636_jpg.rf.c189724fa96956d9b409d46211c53c08.jpg,1,0,0,1,0.01
PET-1637_jpg.rf.ddda3bea61f3b586783b5ee0d2fd4ed9.jpg,0,0,1,1,0.01
PET-1638_jpg.rf.151638ca1e5a8adb2d8e111a26aefa5d.jpg,0,0,1,1,0.01
PET-1639_jpg.rf.3942c56f88bc55dc022f5e4211a40f37.jpg,1,0,0,1,0.01
PET-163_jpg.rf.7a275065912f7f1e5c2db8a8b742802c.jpg,0,0,1,1,0.01
PET-164-_jpg.rf.da06a6278418e5cc968ac1d28934eecb.jpg,1,0,0,1,0.01
PET-1640_jpg.rf.1404a6d01c1c19ce09c4fe38cc3233a8.jpg,1,0,0,1,0.01
PET-1641_jpg.rf.f2f310612418fdf1f6ecaf85a1a1f8ed.jpg,1,0,0,1,0.01
PET-1642_jpg.rf.dfd39561bfc5de652390fc4c8503cadf.jpg,1,0,0,1,0.01
PET-1643_jpg.rf.edb3041d6b847c508e5abc9de4bc382b.jpg,1,0,0,1,0.01
PET-1644_jpg.rf.05c1bd704699061b8c0c08970fc4c79e.jpg,1,0,0,1,0.01
PET-1645_jpg.rf.3c5907a8648a1bd2c427cbd11eb3c02c.jpg,1,0,0,1,0.01
PET-1646_jpg.rf.6d74b78b74b7ec96bd58f4202e875a1d.jpg,1,0,0,1,0.01
PET-1647_jpg.rf.67693ce685f5bef98027bb53d1389a04.jpg,1,0,0,1,0.01
PET-1648_jpg.rf.5385973bbb647bcaad363b9bd9f52b25.jpg,1,0,0,1,0.01
PET-1649_jpg.rf.41c261551beba54cbf9d1d0fde7652b2.jpg,1,0,0,1,0.01
PET-164_jpg.rf.48eea15cee02428bb51bb159877492a1.jpg,1,0,0,1,0.01
PET-1650_jpg.rf.68d88e4f6ef7665d92c604c936580f0d.jpg,1,0,0,1,0.01
PET-1651_jpg.rf.ee0a979f7777cc5cd725bb3a11a08c9e.jpg,1,0,0,1,0.01
PET-1652_jpg.rf.a90a96bdbfa93e13cf4f8cf0289e3041.jpg,0,0,1,1,0.01
PET-1653_jpg.rf.9b7fd33a16e85a06ed60fd70599af4b8.jpg,1,0,0,1,0.01
PET-1654_jpg.rf.67fc25a8e8847d77dcdc4edc707bff5d.jpg,0,0,1,1,0.01
PET-1655_jpg.rf.9b35bcb493c9f618eb8e2cbe39b0a308.jpg,0,0,1,1,0.01
PET-1656_jpg.rf.501e742bbe420a06e1facf09fd1962fd.jpg,0,0,1,1,0.01
PET-1657_jpg.rf.47833ea134dd9dd9e9a7759cae12e7b9.jpg,0,0,1,1,0.01
PET-1658_jpg.rf.ef0e4ef704b80852fbfbc03a2d2d0d17.jpg,1,0,0,1,0.01
PET-1659_jpg.rf.ba9e6b299c804d15eda656cf472a806c.jpg,1,0,0,1,0.01
PET-165_jpg.rf.7f9369913a1732d36f32b66abf821670.jpg,1,0,0,1,0.01
PET-1660_jpg.rf.1523dd0cba170c44f83104f999257169.jpg,1,0,0,1,0.01
PET-1661_jpg.rf.a35e8ada4e82777c6ca751b715077f16.jpg,1,0,0,1,0.01
PET-1662_jpg.rf.3cd5d7daa0de9f9fe6e39a285ea19a73.jpg,1,0,0,1,0.01
PET-1663_jpg.rf.8ed8a63bd4bbb799b6f36c815cf9ec63.jpg,0,1,0,1,0.01
PET-1664_jpg.rf.7af41a29c89e81bd5f1ecb3f111b1b46.jpg,1,0,0,1,0.01
PET-1665_jpg.rf.5ab7c73d55e890d9b95c186ca1c210d1.jpg,0,0,1,1,0.01
PET-1666_jpg.rf.135e526bdf54ff470e7d1325c38a4229.jpg,1,0,0,1,0.01
PET-1667_jpg.rf.443be932588ce057973bfe7e68318a8a.jpg,1,0,0,1,0.01
PET-1668_jpg.rf.ed03e0edf7fe25129ed657da38df26e0.jpg,1,0,0,1,0.01
PET-1669_jpg.rf.b1900d15debf228501d39e332f971663.jpg,1,0,0,1,0.01
PET-166_jpg.rf.576b6b65db7d57c994a12e3fa43c3245.jpg,1,0,0,1,0.01
PET-1670_jpg.rf.b59c9ecadb24f23175142b7e991996e1.jpg,1,0,0,1,0.01
PET-1671_jpg.rf.f2bddfd19a3a34b423c44e46faf7ab80.jpg,0,0,1,1,0.01
PET-1672_jpg.rf.aefd7eb9ad235afe22acf83fa6180198.jpg,1,0,0,1,0.01
PET-1673_jpg.rf.ee407ebec7ea01df29e7b78479e74b06.jpg,0,0,1,1,0.01
PET-1674_jpg.rf.05cf291ad224c39686f74bb77b113dd9.jpg,0,0,1,1,0.01
PET-1675_jpg.rf.cdc1783b19ab2b61769c9889dc0bd113.jpg,1,0,0,1,0.01
PET-1676_jpg.rf.178b00d69a44b140cbc5533cffb015ae.jpg,1,0,0,1,0.01
PET-1677_jpg.rf.a13ca3ea29118bf392f5fc9476de221e.jpg,0,0,1,1,0.01
PET-1678_jpg.rf.ad235682fd15f43636f682dcb2aa3c4a.jpg,1,0,0,1,0.01
PET-1679_jpg.rf.bfd364fa737ad8d14e8926f7b92b3dba.jpg,1,0,0,1,0.01
PET-167_jpg.rf.2a9a2117821658974617a561dc9cba93.jpg,0,0,1,1,0.01
PET-1680_jpg.rf.115feab72b9fb89d6be12597e0b952f0.jpg,1,0,0,1,0.01
PET-1681_jpg.rf.394064637d26306cdb75baf6670f56d8.jpg,1,0,0,1,0.01
PET-1682_jpg.rf.b8f8b61a409f72f3864a8d0749aaf88b.jpg,1,0,0,1,0.01
PET-1683_jpg.rf.1a3c8c2b508707714c9f1e19ea526210.jpg,0,0,1,1,0.01
PET-1684_jpg.rf.ff9e896cc8667d4eb02151e7d82a3011.jpg,1,0,0,1,0.01
PET-1685_jpg.rf.57fb57720822390f0c18f1859d3941a6.jpg,0,0,1,1,0.01
PET-1686_jpg.rf.f527b7818f2e2ceecab4e4dd9de75f44.jpg,1,0,0,1,0.01
PET-1687_jpg.rf.297034b1f5351ffff0708003fe4447b9.jpg,1,0,0,1,0.01
PET-1688_jpg.rf.e070dbb571ac7194c02c8528543d9338.jpg,0,0,1,1,0.01
PET-1689_jpg.rf.0efbd76bd0c3a0f3b5a9f76a1d656600.jpg,0,0,1,1,0.01
PET-168_jpg.rf.a8f4ce39223aad4ebfa64dfcdc8c5af7.jpg,1,0,0,1,0.01
PET-1690_jpg.rf.868a5111165e139f30c8cc3668ce92a4.jpg,0,0,1,1,0.01
PET-1691_jpg.rf.6a36ed5da39d1519cf7d3ce4da0a4f52.jpg,0,0,1,1,0.01
PET-1692_jpg.rf.878efa6a9e7adc02be9b76f701c81fb6.jpg,1,0,0,1,0.01
PET-1693_jpg.rf.c0f65642f36411992049f96b8dd2e1a4.jpg,1,0,0,1,0.01
PET-1694_jpg.rf.3359e85dadcd30bf65db5150320f5572.jpg,1,0,0,1,0.01
PET-1695_jpg.rf.77647c0988bc90ec002f723a76e04ed2.jpg,1,0,0,1,0.01
PET-1696_jpg.rf.46be150b534b3de294b9b1c8ca1be7df.jpg,1,0,0,1,0.01
PET-1697_jpg.rf.577da548a2e1ab755d505346bcdf1758.jpg,1,0,0,1,0.01
PET-1698_jpg.rf.c974d0246bca39cef6d08f7dfb43a842.jpg,1,0,0,1,0.01
PET-1699_jpg.rf.a2b868518ef9c6f71a37e1792213e947.jpg,1,0,0,1,0.01
PET-169_jpg.rf.7dee3fe62c56d07cc1bb96da196a9e5a.jpg,0,0,1,1,0.01
PET-16_jpg.rf.3de58b7cf75923bc80313cdc83353a80.jpg,0,0,1,1,0.01
PET-1700_jpg.rf.4f7af5aea823eda08d696114246fa326.jpg,0,0,1,1,0.01
PET-1701_jpg.rf.675a57ade6159d9c8fe23b483c9afa53.jpg,1,0,0,1,0.01
PET-1702_jpg.rf.03efca4a78e762ffec82aa0cd8343943.jpg,1,0,0,1,0.01
PET-1703_jpg.rf.14390578d35934c614f88136dc5d3cd3.jpg,0,0,1,1,0.01
PET-1704_jpg.rf.8562cc8184432e752a67e25b8ca72723.jpg,1,0,0,1,0.01
PET-1705_jpg.rf.6ef6b09a7010815a60dd1e93cea871ca.jpg,0,0,1,1,0.01
PET-1706_jpg.rf.5f966b0cb3e5cd54d09da5f58a4d5fbd.jpg,1,0,0,1,0.01
PET-1707_jpg.rf.535c3ee4309a11a076376c38b4937247.jpg,1,0,0,1,0.01
PET-1708_jpg.rf.05582e9e09723a86c599a868fd95735a.jpg,0,0,1,1,0.01
PET-1709_jpg.rf.1f1d83641886c9d5bcd9d4b0287ee7f3.jpg,0,0,1,1,0.01
PET-170_jpg.rf.a221e934d92fc57561a8e818ea3f28f3.jpg,1,0,0,1,0.01
PET-1710_jpg.rf.79b52753358270c986e82c184a6963c7.jpg,0,0,1,1,0.01
PET-1711_jpg.rf.cf3c6d22bc7ca2f3af3f3c9f13924c45.jpg,1,0,0,1,0.01
PET-1712_jpg.rf.1c027c7199d22f7364addc2a1a27d169.jpg,0,0,1,1,0.01
PET-1713_jpg.rf.83c3709c03609579466dff44301fdb4b.jpg,1,0,0,1,0.01
PET-1714_jpg.rf.d47ed74ac75e7fd671a77b2f9c17be37.jpg,1,0,0,1,0.01
PET-1715_jpg.rf.41a361fad6bb9622821014d3c7d1c686.jpg,1,0,0,1,0.01
PET-1716_jpg.rf.6e3c6b5e70f42377ebf22142c7d08680.jpg,0,0,1,1,0.01
PET-1717_jpg.rf.15aab5e4f8e1419d5c0a7b43279f8422.jpg,1,0,0,1,0.01
PET-1718_jpg.rf.14d11c7f2cef525f7687b1989062ee15.jpg,1,0,0,1,0.01
PET-1719_jpg.rf.203a2af697c8fe44047af37fe220f20f.jpg,0,0,1,1,0.01
PET-171_jpg.rf.884b7f993561ef8d4d04b278a15a5ac4.jpg,1,0,0,1,0.01
PET-1720_jpg.rf.a25c61e26ada5b8a86d828c64b85d366.jpg,1,0,0,1,0.01
PET-1721_jpg.rf.7a9b544c2c2cbd0130edfafad60d2fe8.jpg,0,0,1,1,0.01
PET-1722_jpg.rf.81274a3477c092e16b7244e06261d5ce.jpg,1,0,0,1,0.01
PET-1723_jpg.rf.a0689a2891e28890f3fb31ce71be9a24.jpg,1,0,0,1,0.01
PET-1724_jpg.rf.14479b4764df7da7fa04312dbf74cfec.jpg,1,0,0,1,0.01
PET-1725_jpg.rf.72a82e54c5cbf645d31f3a1a71164f0c.jpg,0,0,1,1,0.01
PET-1726_jpg.rf.19ffdd7a8a93e0bf35f1b43bcb8f3258.jpg,1,0,0,1,0.01
PET-1727_jpg.rf.f0f1bd13de74e0614401bb1bd0496193.jpg,1,0,0,1,0.01
PET-1728_jpg.rf.e38c12609b6af665eac24b355aca4e4a.jpg,1,0,0,1,0.01
PET-1729_jpg.rf.e086e465d94c0498200fb0f0d4412920.jpg,0,0,1,1,0.01
PET-172_jpg.rf.92e8c615326797d1802e8d8fbb2ac2fb.jpg,0,0,1,1,0.01
PET-1730_jpg.rf.639ae040cb0c356e76a30dec59507454.jpg,1,0,0,1,0.01
PET-1731_jpg.rf.d494dafb1fcb9d65c7cca49c82ad4a64.jpg,1,0,0,1,0.01
PET-1732_jpg.rf.e2e6d9688a37879209189340619b53d6.jpg,0,0,1,1,0.01
PET-1733_jpg.rf.b5811bbc289a7d3588e866da48303f9d.jpg,1,0,0,1,0.01
PET-1734_jpg.rf.1a76e265614bd30a5cb0429369c2484d.jpg,0,1,0,1,0.01
PET-1735_jpg.rf.46c28d10fabd16ecc8133e5ece03db0a.jpg,0,0,1,1,0.01
PET-1736_jpg.rf.6a9d4b7b1cbb8b6402eb425798109d09.jpg,0,1,0,1,0.01
PET-1737_jpg.rf.ea2baca885c0d593ea2c2c130da6aa09.jpg,0,0,1,1,0.01
PET-1738_jpg.rf.297121987d2188744d5e99b7948d12a7.jpg,0,1,0,1,0.01
PET-1739_jpg.rf.15254a78e7b78ad64f5eafb6dcd757bb.jpg,0,0,1,1,0.01
PET-173_jpg.rf.5535d986506732c565196557f186b939.jpg,0,1,0,1,0.01
PET-1740_jpg.rf.8b067a6107fbdb5b98d71b5409e51849.jpg,1,0,0,1,0.01
PET-1741_jpg.rf.987829ba3f8dd11c38d323621b38b7cb.jpg,1,0,0,1,0.01
PET-1742_jpg.rf.9f3abc38215e6230a23f711f21d02e99.jpg,0,1,0,1,0.01
PET-1743_jpg.rf.105a93873eacc635c31041e148b5f6ae.jpg,1,0,0,1,0.01
PET-1744_jpg.rf.3d9e3933a6d9273a5dc40997dc6623d0.jpg,1,0,0,1,0.01
PET-1745_jpg.rf.6fa00dab0e6d4e3f4de56f74c7a2574d.jpg,1,0,0,1,0.01
PET-1746_jpg.rf.05330ce94a0a196c64128d1df47f6af8.jpg,0,1,0,1,0.01
PET-1747_jpg.rf.1febdaf785ff2be040c4989b270a9c85.jpg,1,0,0,1,0.01
PET-1748_jpg.rf.58b7b98648552e31460b85aa5f161900.jpg,1,0,0,1,0.01
PET-1749_jpg.rf.b87f0999a117d5ca21fecea1fdad8956.jpg,0,1,0,1,0.01
PET-174_jpg.rf.b3407eb8215e383a449bb703547a0728.jpg,1,0,0,1,0.01
PET-1750_jpg.rf.5e34385eb5dfaae9954bf7975089a16e.jpg,0,1,0,1,0.01
PET-1751_jpg.rf.df873160a5f085a11b2c76ac6b10043f.jpg,0,0,1,1,0.01
PET-1752_jpg.rf.b64e21d12261b371732b33a25bd5f8a2.jpg,1,0,0,1,0.01
PET-1753_jpg.rf.f9b2e5d8e1c6c448d084aea213f7e585.jpg,1,0,0,1,0.01
PET-1754_jpg.rf.c79c5aa735c7a8bc6ce0b331952bccf5.jpg,1,0,0,1,0.01
PET-1755_jpg.rf.245508fd9fe89df82bf4939dea2a3cc5.jpg,1,0,0,1,0.01
PET-1756_jpg.rf.739f6791aa11d6f9056c77e5ef186211.jpg,1,0,0,1,0.01
PET-1757_jpg.rf.11c0d20bf03ce1cfb32be3c0f06329ac.jpg,0,0,1,1,0.01
PET-1758_jpg.rf.b29bae8dfb2dfef0cee18975ee2bd821.jpg,1,0,0,1,0.01
PET-1759_jpg.rf.2d020183beaf64e60a4d6c47a1a96242.jpg,0,0,1,1,0.01
PET-175_jpg.rf.0358052f953022453892e4627e88b3ae.jpg,0,0,1,1,0.01
PET-1760_jpg.rf.0b0f6866b53ec6ec193083ca68012612.jpg,1,0,0,1,0.01
PET-1761_jpg.rf.85eb14f435c93de2da38046d92fdc571.jpg,1,0,0,1,0.01
PET-1765_jpg.rf.816d674f57c9370935cd4e2afffd2921.jpg,1,0,0,1,0.01
PET-1769_jpg.rf.eb2b05ba12e2a7d09482c1f3953eb884.jpg,1,0,0,1,0.01
PET-176_jpg.rf.6f596669b966c3975d608053d555a1e7.jpg,1,0,0,1,0.01
PET-1770_jpg.rf.6442dc6237cbc402861fdb8bfcc1161d.jpg,1,0,0,1,0.01
PET-1771_jpg.rf.558149e3b3207877948554bc26545ff9.jpg,1,0,0,1,0.01
PET-1772_jpg.rf.47b6a2304b7ddf26d93d8766f9532d53.jpg,1,0,0,1,0.01
PET-1773_jpg.rf.2a96ef0417f870e0ac3a0d7d494ceccb.jpg,1,0,0,1,0.01
PET-1774_jpg.rf.2fa669fd9c9c3da7938009edaf1ee3c9.jpg,0,0,1,1,0.01
PET-1775_jpg.rf.85d501200a6160b9f204f6e9d8e4b86a.jpg,1,0,0,1,0.01
PET-1776_jpg.rf.9ac6c066b7c8b8fadb68fde5c8cb9107.jpg,1,0,0,1,0.01
PET-1777_jpg.rf.fde1da7061345f2568245f24beb6e937.jpg,1,0,0,1,0.01
PET-1778_jpg.rf.386f0afb3d9687d5b5ac1045486ca4ed.jpg,1,0,0,1,0.01
PET-1779_jpg.rf.abcb8378184eb7ba108a8f299d85cb17.jpg,0,0,1,1,0.01
PET-177_jpg.rf.31d4613906f63e90670b3c3023f1182e.jpg,1,0,0,1,0.01
PET-1780_jpg.rf.c9a959ccbf29c47d360d7c8401e8a50c.jpg,1,0,0,1,0.01
PET-1781_jpg.rf.7380acd4a4ab643059b633e3117ecbe5.jpg,0,1,0,1,0.01
PET-1782_jpg.rf.f0e0366a065e3dd6013274d5426c69a4.jpg,1,0,0,1,0.01
PET-1783_jpg.rf.a8cdec16d778be1c31618e381db4dcbc.jpg,1,0,0,1,0.01
PET-1784_jpg.rf.73e7fd7a212492a95d77b5910f8f6450.jpg,1,0,0,1,0.01
PET-1785_jpg.rf.adae211de5b977f6adf5e951149d1891.jpg,1,0,0,1,0.01
PET-1786_jpg.rf.04871851fc4ebda9fca9d8615b0aa9d9.jpg,1,0,0,1,0.01
PET-1787_jpg.rf.85880e409523833195687a1a10da1cd4.jpg,0,0,1,1,0.01
PET-1788_jpg.rf.fd63821305f68d3113ed592b56ffd013.jpg,1,0,0,1,0.01
PET-1789_jpg.rf.fb3692cfb7d1528758b55a24b6f6a330.jpg,1,0,0,1,0.01
PET-178_jpg.rf.199a2a02ec85e12f4566ab1c9e7d2c41.jpg,1,0,0,1,0.01
PET-1790_jpg.rf.23589e93e6e685a1f21ead25eb00e48b.jpg,0,1,0,1,0.01
PET-1791_jpg.rf.a2459fb2149ae0db223122e5e3ff70de.jpg,1,0,0,1,0.01
PET-1792_jpg.rf.1e6f536ea306ed068641c5d39023b1a8.jpg,1,0,0,1,0.01
PET-1793_jpg.rf.2fbd9067211468c18e70b53b5c12231e.jpg,0,0,1,1,0.01
PET-1794_jpg.rf.6a6dc4750ab594f0efeaf4f9ed4e11e1.jpg,1,0,0,1,0.01
PET-1795_jpg.rf.38fb00e8cad91a821fb4e2f8c6052a0e.jpg,1,0,0,1,0.01
PET-1796_jpg.rf.489730d58d9070cd27b2c01d2b0acb6a.jpg,1,0,0,1,0.01
PET-1797_jpg.rf.251104634fe0958dd18d29d0a994e48c.jpg,1,0,0,1,0.01
PET-1798_jpg.rf.ba3bde79970efc5cb95907af135570bb.jpg,0,0,1,1,0.01
PET-1799_jpg.rf.f4da1c5e5e2778dfe32f156abed54fae.jpg,1,0,0,1,0.01
PET-179_jpg.rf.4e6ef88e0599175a82c3c67d2660eb47.jpg,1,0,0,1,0.01
PET-1800_jpg.rf.c64937005e400456865d1323f1283d30.jpg,1,0,0,1,0.01
PET-1801_jpg.rf.0ddcc25eb54211b0b8c857c8cc14fa3d.jpg,1,0,0,1,0.01
PET-1802_jpg.rf.99491e2ed4dadac5d1ea0d7952e17990.jpg,0,1,0,1,0.01
PET-1803_jpg.rf.68ed683047b88a78e0febd5e64fd0ae4.jpg,1,0,0,1,0.01
PET-1804_jpg.rf.053fcd90575f009f8566bcbe03907f84.jpg,1,0,0,1,0.01
PET-1805_jpg.rf.5f3b438cc01ae6b235ebf4de2a6d0ed7.jpg,0,0,1,1,0.01
PET-1806_jpg.rf.27ca69ff1cce72ae6c0a5a5dec8a2ecf.jpg,1,0,0,1,0.01
PET-1807_jpg.rf.0c7428397651512d9b18928412efe5e4.jpg,1,0,0,1,0.01
PET-1808_jpg.rf.267f21b7f87e822200421473eb5d7f0d.jpg,0,1,0,1,0.01
PET-1809_jpg.rf.e9a7acff9c33d3701e8322e97c1cea5b.jpg,1,0,0,1,0.01
PET-180_jpg.rf.5ce250027436b42c94a728acaa436370.jpg,1,0,0,1,0.01
PET-1810_jpg.rf.36724e1fc7258b100b50b9095d2f87c9.jpg,0,0,1,1,0.01
PET-1811_jpg.rf.d132a35512fa0fc216b62428c2c5dd7c.jpg,1,0,0,1,0.01
PET-1812_jpg.rf.58484c08da99d3792d794af7134c8ed9.jpg,0,0,1,1,0.01
PET-1813_jpg.rf.a8ec9638439b84adbf3f9be4e3cafa26.jpg,0,0,1,1,0.01
PET-1814_jpg.rf.42ad2370c0091e10dd7c2dfc84c6c9f2.jpg,1,0,0,1,0.01
PET-1815_jpg.rf.0845bff7bb685cfd988a3d2dddbbec1c.jpg,1,0,0,1,0.01
PET-1816_jpg.rf.849a77345f0ebcb43b0a89bc4cab4b03.jpg,1,0,0,1,0.01
PET-1817_jpg.rf.d81af23a856c6dfb0b21f42049de1724.jpg,1,0,0,1,0.01
PET-1818_jpg.rf.d45d1871ae60d80eddb04dceaf5e7ea2.jpg,1,0,0,1,0.01
PET-1819_jpg.rf.a5eab0da74d56673ebd3df97c0c7bb11.jpg,1,0,0,1,0.01
PET-181_jpg.rf.95dab55e7fbb67a8afa13d1083f053af.jpg,1,0,0,1,0.01
PET-1820_jpg.rf.57580530326ed0213fc7bedeb3dd1594.jpg,0,1,0,1,0.01
PET-1821_jpg.rf.ea067084159f131733e48b777d1dfe1b.jpg,1,0,0,1,0.01
PET-1822_jpg.rf.1dd204fe66b0cbc8eae3efb983937bae.jpg,1,0,0,1,0.01
PET-1823_jpg.rf.c13a4535b065abc0c76233bf664a4510.jpg,1,0,0,1,0.01
PET-1824_jpg.rf.a296fe6a9ae8c48a63326448593200d4.jpg,1,0,0,1,0.01
PET-1825_jpg.rf.75e4731bca37b5bb9aaead34e951672a.jpg,1,0,0,1,0.01
PET-1826_jpg.rf.05d00edaee0712be2547c9a27f116218.jpg,0,0,1,1,0.01
PET-1827_jpg.rf.f0d30b207515925ea8cd2b529dfefab0.jpg,0,0,1,1,0.01
PET-1828_jpg.rf.85191a3b6cc48f43c2e91511886a2b7c.jpg,0,0,1,1,0.01
PET-1829_jpg.rf.4460302a511522f7b5e37cc2156eb190.jpg,1,0,0,1,0.01
PET-182_jpg.rf.e79311ee2673d8f648da9b895483350f.jpg,1,0,0,1,0.01
PET-1830_jpg.rf.c889e5d14f918dc766df8d2aa4551085.jpg,1,0,0,1,0.01
PET-1831_jpg.rf.af1f58346b76dccb22f3823f0be80741.jpg,0,0,1,1,0.01
PET-1832_jpg.rf.058bb95b15f47c1eba8b7918eab30f2f.jpg,1,0,0,1,0.01
PET-1833_jpg.rf.41a61fef5290e1639b3f104afc5c72b4.jpg,1,0,0,1,0.01
PET-1834_jpg.rf.9cd902e3fd951b6a5c3d808df6650cf4.jpg,0,0,1,1,0.01
PET-1835_jpg.rf.43fb86f530d1de51ad641ec68ab4d15c.jpg,1,0,0,1,0.01
PET-1836_jpg.rf.018f5c4ce67402798581e7166231ba5f.jpg,1,0,0,1,0.01
PET-1837_jpg.rf.d3600fd1630b890db4e86abfe5b98b9a.jpg,1,0,0,1,0.01
PET-1838_jpg.rf.522cb3f427eff8233bfa23046494594b.jpg,1,0,0,1,0.01
PET-1839_jpg.rf.0c87e7478e2b8f38fc637111c74eebbb.jpg,1,0,0,1,0.01
PET-183_jpg.rf.0496ad7a1ff15a028f88e1348411549c.jpg,1,0,0,1,0.01
PET-1840_jpg.rf.b00743f1063e23470e77f2414c462671.jpg,1,0,0,1,0.01
PET-1841_jpg.rf.0c2699b0b2d22916018298d73decffc1.jpg,0,0,1,1,0.01
PET-1842_jpg.rf.53ad0d4043e2a8c5fe802598aac396c9.jpg,1,0,0,1,0.01
PET-1843_jpg.rf.17545268f22897066afdf43c846329f4.jpg,0,1,0,1,0.01
PET-1844_jpg.rf.b35f6629eddcb5af932c38261096ae32.jpg,1,0,0,1,0.01
PET-1845_jpg.rf.2706e82a9911925851da9ea86cb49bb1.jpg,1,0,0,1,0.01
PET-1846_jpg.rf.b8e4a23e50266fb2cf6effaa2e1698ca.jpg,1,0,0,1,0.01
PET-1847_jpg.rf.d57b4c9bed21bdbf1dfafa6a38af9ab4.jpg,0,0,1,1,0.01
PET-1848_jpg.rf.bea4bfd6e688da3004a48aa378042b04.jpg,0,0,1,1,0.01
PET-1849_jpg.rf.60f0d6a406aff17fcde4f14b8ae7d2ec.jpg,1,0,0,1,0.01
PET-184_jpg.rf.b85fc227a957d45e2ab3d50ec9532c62.jpg,0,1,0,1,0.01
PET-1850_jpg.rf.8955d79ea058f5bbedd4d92ccfc8febb.jpg,1,0,0,1,0.01
PET-1851_jpg.rf.6d16fbe091ba673d4e3ed7f5fded7686.jpg,1,0,0,1,0.01
PET-1852_jpg.rf.95e9604db9254fc86bdb48d08bca1966.jpg,1,0,0,1,0.01
PET-1853_jpg.rf.8264c82cbf25c26b890e8b1d65a92385.jpg,0,0,1,1,0.01
PET-1854_jpg.rf.10dab0a4f459e455cd9e1a4c8a01cf77.jpg,1,0,0,1,0.01
PET-1855_jpg.rf.394171e19e9ac831cc16a14034759ef4.jpg,1,0,0,1,0.01
PET-1856_jpg.rf.e00a6144eb4c8865f69ef2dc24bb3fda.jpg,1,0,0,1,0.01
PET-1857_jpg.rf.4ccba53b5363b94eaf75e78fcff5a2dd.jpg,0,1,0,1,0.01
PET-1858_jpg.rf.36349941bdd635004ac81edf3eb12637.jpg,0,0,1,1,0.01
PET-1859_jpg.rf.4850515d9a6fead32e7dafc95472b0bd.jpg,1,0,0,1,0.01
PET-185_jpg.rf.3263c73bb20562a592af9d102c37b03b.jpg,1,0,0,1,0.01
PET-1860_jpg.rf.af4aa9d41bddece5053e52eadb40c1b0.jpg,1,0,0,1,0.01
PET-1861_jpg.rf.e1b8e795d532e41f05a4bb52356bef8a.jpg,1,0,0,1,0.01
PET-1862_jpg.rf.aef308f3fc984c5081cb37d434a7c0e6.jpg,1,0,0,1,0.01
PET-1863_jpg.rf.b4825f9021bac76085ec3b5300769e87.jpg,1,0,0,1,0.01
PET-1864_jpg.rf.f23ae12f5812d8212f11ffc7662db3cc.jpg,1,0,0,1,0.01
PET-1865_jpg.rf.32d8d634478bab6fe79667d68e96eee2.jpg,1,0,0,1,0.01
PET-1866_jpg.rf.643af6c119e50111c2e437909ba6fb72.jpg,1,0,0,1,0.01
PET-1867_jpg.rf.f74425bdd866148b57bfdb63324c6b25.jpg,1,0,0,1,0.01
PET-1868_jpg.rf.0ba80d42b7137362a571fe93697d3d6d.jpg,0,0,1,1,0.01
PET-1869_jpg.rf.a71d94f580e40476e4007d0a002f2b74.jpg,1,0,0,1,0.01
PET-186_jpg.rf.0624f55c40001ae1fd375d445271e893.jpg,1,0,0,1,0.01
PET-1870_jpg.rf.a76185be00c4fc6797e4af3114dc1cc7.jpg,1,0,0,1,0.01
PET-1871_jpg.rf.d4eacb855e81f8ef7d123ba153ec3bc0.jpg,1,0,0,1,0.01
PET-1872_jpg.rf.2f05a5795a4d0cf73bf5b6d156117092.jpg,1,0,0,1,0.01
PET-1873_jpg.rf.f9e6b41c4517058d8747d4e6d9ea0a10.jpg,0,0,1,1,0.01
PET-1874_jpg.rf.7545e85047c3726ebe283c88819da6be.jpg,1,0,0,1,0.01
PET-1875_jpg.rf.2f46e3f12b8efdf56bd6d56dc91dc29f.jpg,1,0,0,1,0.01
PET-1876_jpg.rf.2e1ca2265a43087df926f13eac412d6a.jpg,1,0,0,1,0.01
PET-1877_jpg.rf.eaf56d86553d4e4d7e49ab1203d5c625.jpg,0,0,1,1,0.01
PET-1878_jpg.rf.7f6da1dbc6378f9f8d37233263ce42b1.jpg,0,1,0,1,0.01
PET-1879_jpg.rf.d8ab0cc4c5ef53821fb68da5fee4a1cd.jpg,1,0,0,1,0.01
PET-187_jpg.rf.374273f8888ba7346426f172bdddf83b.jpg,0,0,1,1,0.01
PET-1880_jpg.rf.23e1a28c8d4c4d76c96efeea8b1290b4.jpg,1,0,0,1,0.01
PET-1881_jpg.rf.cd87191273a57cf4f2345b31e5213aa9.jpg,0,0,1,1,0.01
PET-1882_jpg.rf.db2538094e33446d95075036a04105b0.jpg,1,0,0,1,0.01
PET-1883_jpg.rf.8c126e12be0d76fa966838c576e65a0e.jpg,1,0,0,1,0.01
PET-1884_jpg.rf.c564c3f35854ab0b9f5eeb33da52e1f8.jpg,1,0,0,1,0.01
PET-1885_jpg.rf.19adac52efd79ff200c1cef5fb9dc413.jpg,0,1,0,1,0.01
PET-1886_jpg.rf.335fe9e0a0ba7f7f7c8f2b14a1402813.jpg,1,0,0,1,0.01
PET-1887_jpg.rf.6ee9555c74415409fc141cc2093e7515.jpg,1,0,0,1,0.01
PET-1888_jpg.rf.785a03cce5d6143ba4b4134290c266d6.jpg,1,0,0,1,0.01
PET-1889_jpg.rf.d97b932493012012676ebef176b8b197.jpg,1,0,0,1,0.01
PET-1890_jpg.rf.29f1f45f8dd0d7e0ccb2a51f34c8affb.jpg,0,0,1,1,0.01
PET-1891_jpg.rf.ad2c1b82bf32ced98b95ccd89442f709.jpg,1,0,0,1,0.01
PET-1892_jpg.rf.74c2663ecb916562ca9b3a7649f61463.jpg,0,1,0,1,0.01
PET-1893_jpg.rf.507889339aafc4565de92991c6379ed3.jpg,1,0,0,1,0.01
PET-1894_jpg.rf.5ca6c8055fee90471f7d2d42efcb2c8e.jpg,1,0,0,1,0.01
PET-1895_jpg.rf.048bb2403b68eb9d2b51d8b8d47bd09e.jpg,1,0,0,1,0.01
PET-1896_jpg.rf.3bea12a9a92fc1fca918ce3dfd4aa841.jpg,1,0,0,1,0.01
PET-1897_jpg.rf.c594381afea18a01cb974ebd16146546.jpg,0,1,0,1,0.01
PET-1898_jpg.rf.f5976fc3b8188f34daba6de17c9c66aa.jpg,1,0,0,1,0.01
PET-1899_jpg.rf.ac1badf34b86880b3f93bf4afa00254b.jpg,1,0,0,1,0.01
PET-189_jpg.rf.2cc6f8798c7dd1a747d4f2dd22affbcc.jpg,1,0,0,1,0.01
PET-18_jpg.rf.b79662a4aec71caf19f02f5f46ffd671.jpg,1,0,0,1,0.01
PET-1900_jpg.rf.eb7f6441ce487302b6cefc83471a87dc.jpg,1,0,0,1,0.01
PET-1901_jpg.rf.37edff7311736db3e062e92c91b4bf51.jpg,1,0,0,1,0.01
PET-1902_jpg.rf.eb82909ef8e40f0180cb16c1abba9ddc.jpg,1,0,0,1,0.01
PET-1903_jpg.rf.b0616d275395c704a850d665b6150779.jpg,1,0,0,1,0.01
PET-1904_jpg.rf.26cf7295909c3e4109369dda56567466.jpg,0,1,0,1,0.01
PET-1905_jpg.rf.ef77293626ec1b385b04dae65176f697.jpg,1,0,0,1,0.01
PET-1906_jpg.rf.cfc365f338983511ed220a50335045a3.jpg,1,0,0,1,0.01
PET-1907_jpg.rf.a9a47f1b53d1238fb441e8166cf35778.jpg,0,0,1,1,0.01
PET-1908_jpg.rf.9a67cf0a0134b38f5b5629d5734d9715.jpg,0,1,0,1,0.01
PET-1909_jpg.rf.f24a631b4fd284f0b0e335d0a3fb6d6b.jpg,0,1,0,1,0.01
PET-1910_jpg.rf.85b99f2ecb6682a8d510d87611dc3582.jpg,1,0,0,1,0.01
PET-1911_jpg.rf.de2e8ac270643f22fd533bdddcc29544.jpg,1,0,0,1,0.01
PET-1912_jpg.rf.7b37b03aef808dbaef8d15e46e4638a3.jpg,0,1,0,1,0.01
PET-1913_jpg.rf.2238f45bd40024778121fe19a7843262.jpg,1,0,0,1,0.01
PET-1914_jpg.rf.beb5dbeb4f83006c20277c66f464c74c.jpg,1,0,0,1,0.01
PET-1915_jpg.rf.b113d87d17a12503ad40210aef8cf620.jpg,1,0,0,1,0.01
PET-1916_jpg.rf.130bfb5d645579be32885b374c22b8e0.jpg,1,0,0,1,0.01
PET-1917_jpg.rf.13d09cf04c6b2f3d43ffc5fb4d4c8c42.jpg,1,0,0,1,0.01
PET-1918_jpg.rf.458878e5b65e8a5a231ae6486c2e7942.jpg,1,0,0,1,0.01
PET-1919_jpg.rf.7e7ef53fa42af040293e12198bf71285.jpg,1,0,0,1,0.01
PET-191_jpg.rf.b20bfd85eff20ac144b2869c65429499.jpg,1,0,0,1,0.01
PET-1920_jpg.rf.f3c25b086e02886291daf55fbcd56eb5.jpg,1,0,0,1,0.01
PET-1921_jpg.rf.8d4166102706746b83abff26d4284ebf.jpg,1,0,0,1,0.01
PET-1922_jpg.rf.c37bd702b2e687f6e1218d8bb93d2f80.jpg,1,0,0,1,0.01
PET-1923_jpg.rf.7375de97464ea49c2305495cc8c754b1.jpg,0,1,0,1,0.01
PET-1924_jpg.rf.499def08f329d2b4e6cbe2a0b7654ffd.jpg,1,0,0,1,0.01
PET-1925_jpg.rf.77cae20ee45647a5e846ee28b63fb172.jpg,1,0,0,1,0.01
PET-1926_jpg.rf.4f516d2739754ad8cae81e34a662c270.jpg,1,0,0,1,0.01
PET-1927_jpg.rf.0f868b4314418043287de9996b49ce08.jpg,1,0,0,1,0.01
PET-1928_jpg.rf.9af214d8d3d666466aa5c38d51ecf9ba.jpg,0,0,1,1,0.01
PET-1929_jpg.rf.39253646b13be74aa0d9414c949b42ff.jpg,1,0,0,1,0.01
PET-192_jpg.rf.117bfd36def152593fbba9782e99c147.jpg,0,1,0,1,0.01
PET-1930_jpg.rf.79fa953d43da822935e63fbba82c8c5e.jpg,1,0,0,1,0.01
PET-1931_jpg.rf.dc6d59e8d8dcac9d2d3305f2a176a2cc.jpg,1,0,0,1,0.01
PET-1932_jpg.rf.7afaa4fd7a6422afd76476380a246c0f.jpg,1,0,0,1,0.01
PET-1933_jpg.rf.f6cb8948fea5f405a64ee17229367adc.jpg,0,1,0,1,0.01
PET-1934_jpg.rf.dca27c3c848fbe97205d7a4fbf5797af.jpg,1,0,0,1,0.01
PET-1935_jpg.rf.3cf08aa3d2e595520da72c5cc67593a1.jpg,1,0,0,1,0.01
PET-1936_jpg.rf.b1b8bb914afb01087d2acc769b705e4a.jpg,1,0,0,1,0.01
PET-1937_jpg.rf.12f7169cbd2d82f8ef92006ad5cad463.jpg,0,1,0,1,0.01
PET-1938_jpg.rf.1eb9c71ee19b8b6dbbf40b2b585b9488.jpg,1,0,0,1,0.01
PET-1939_jpg.rf.5a1aee2331efc6b9fdd5024a1a311b56.jpg,1,0,0,1,0.01
PET-193_jpg.rf.33a11359e4d18a86c59e4b08c7e33de0.jpg,1,0,0,1,0.01
PET-1940_jpg.rf.65b9c3201b4be8d839d4f333a6e4ed54.jpg,1,0,0,1,0.01
PET-1941_jpg.rf.8c634f6a648e6170157b51426fb6226b.jpg,1,0,0,1,0.01
PET-1942_jpg.rf.25ee7c16a2b7523133c96ca07d63de8a.jpg,0,0,1,1,0.01
PET-1943_jpg.rf.a32db7b91b96d9ab573df6e64f494f26.jpg,0,1,0,1,0.01
PET-1944_jpg.rf.ed40ad8afed785f15417fbf58e161c93.jpg,1,0,0,1,0.01
PET-1945_jpg.rf.eeb8d59b0541b70d18acc23fcc241fd8.jpg,1,0,0,1,0.01
PET-1946_jpg.rf.2b324bba73efa567f184923b020eaf54.jpg,0,1,0,1,0.01
PET-1947_jpg.rf.3283d1c89f1a8c2b6772a757f1b73c19.jpg,0,0,1,1,0.01
PET-1948_jpg.rf.a3b040dc480f7e515fbb26cafa842306.jpg,1,0,0,1,0.01
PET-1949_jpg.rf.2cad6b267b801e8805223371b2f91e26.jpg,1,0,0,1,0.01
PET-1950_jpg.rf.455e061cc96ecaebcae6970d755a7edc.jpg,1,0,0,1,0.01
PET-1951_jpg.rf.3e2b7e04cf145d264b0b3fc0aae8170e.jpg,1,0,0,1,0.01
PET-1952_jpg.rf.7cb8a8e1215c1f1cd49e1930665f6e07.jpg,0,0,1,1,0.01
PET-1953_jpg.rf.df4d8ad7690244de1996d2fdc194d3dd.jpg,1,0,0,1,0.01
PET-1954_jpg.rf.8ba60255ad5e169411dab62b460132f6.jpg,1,0,0,1,0.01
PET-1955_jpg.rf.493e8154810094765c702bf5e1ad0880.jpg,1,0,0,1,0.01
PET-1956_jpg.rf.3cfcd56b3ef5c081c6f351c247858640.jpg,1,0,0,1,0.01
PET-1957_jpg.rf.b25687c48cc725596b16f57dba067bfa.jpg,1,0,0,1,0.01
PET-1958_jpg.rf.a9320b8f1b5c35faf36ae78ba9869160.jpg,1,0,0,1,0.01
PET-1959_jpg.rf.fabf5fc6f00a3ead5dc5c685ab08e8d8.jpg,0,1,0,1,0.01
PET-195_jpg.rf.fe5a42742b8896d97b83a76ccfdd5481.jpg,0,0,1,1,0.01
PET-1960_jpg.rf.c696f1149e6a3ac9dbbfbac187df9665.jpg,0,0,1,1,0.01
PET-1961_jpg.rf.c459fe46e07784b386d2cc0a11083415.jpg,1,0,0,1,0.01
PET-1962_jpg.rf.fe0a85552998512ccbb97a47639d4afb.jpg,1,0,0,1,0.01
PET-1963_jpg.rf.dcfd93b0bc33ac4ef05b6ac172bec4c6.jpg,0,1,0,1,0.01
PET-1964_jpg.rf.5f7632a644dd2da3c4e930adc46589a2.jpg,1,0,0,1,0.01
PET-1965_jpg.rf.9875a43b5e29b14a974c69ec1c208adc.jpg,1,0,0,1,0.01
PET-1966_jpg.rf.ad0e5d5a429b8b29b862e15aa3f56674.jpg,0,0,1,1,0.01
PET-1967_jpg.rf.8c707da0c903122a3d2c2e34a6f57eb9.jpg,1,0,0,1,0.01
PET-1968_jpg.rf.93535ecd8138a1c2cd11b628ed72322e.jpg,1,0,0,1,0.01
PET-1969_jpg.rf.07202515e39130fc824de2e53215dfa1.jpg,1,0,0,1,0.01
PET-196_jpg.rf.cc1b87965ebb302604fe3e732c7ef7a6.jpg,1,0,0,1,0.01
PET-1970_jpg.rf.2119aa1408b1a401bd7ee441fc007b28.jpg,1,0,0,1,0.01
PET-1971_jpg.rf.c64f6d6537c479b585cb8015f48d543d.jpg,1,0,0,1,0.01
PET-1972_jpg.rf.ae6ba812532eb5d1108e38f08a0508fa.jpg,0,1,0,1,0.01
PET-1973_jpg.rf.19314abc273e004311d386faa71baf65.jpg,0,1,0,1,0.01
PET-1974_jpg.rf.89337c94f46152582046fada6ac621f7.jpg,1,0,0,1,0.01
PET-1975_jpg.rf.b566189cebcf6c83fd6c85ff85edc69d.jpg,1,0,0,1,0.01
PET-1976_jpg.rf.7bc31ce3363a19de8530390df3867a1a.jpg,1,0,0,1,0.01
PET-1977_jpg.rf.c08a00f1ff6a43bf992295c4e1c43a16.jpg,0,0,1,1,0.01
PET-1978_jpg.rf.90bb4aec47abe5b5dbe00851062735bf.jpg,0,1,0,1,0.01
PET-1979_jpg.rf.fc68f095464b2ca0c7de2f53f4a11d82.jpg,1,0,0,1,0.01
PET-197_jpg.rf.d4717d6cab6dd725b2fdbcbb04a73030.jpg,0,0,1,1,0.01
PET-1980_jpg.rf.1eb5a14f22afd67350f86614b6d9a430.jpg,1,0,0,1,0.01
PET-1981_jpg.rf.09b7804c0df21dd8d87b74d5732d2f6c.jpg,0,1,0,1,0.01
PET-1982_jpg.rf.ec7ec86924bf9803eca886981d6539a3.jpg,0,0,1,1,0.01
PET-1983_jpg.rf.58e76573391eeef94f9120ce8186341f.jpg,1,0,0,1,0.01
PET-1984_jpg.rf.0dd234be3f35bc4c526433410fcd536c.jpg,1,0,0,1,0.01
PET-1985_jpg.rf.605d24fc7f9ab012aaf3246e8fd5ba7e.jpg,1,0,0,1,0.01
PET-1986_jpg.rf.5bd4fe83020022fb6df64e3236e30221.jpg,1,0,0,1,0.01
PET-1987_jpg.rf.af267c3453ba23024900c24b70cace3e.jpg,1,0,0,1,0.01
PET-1988_jpg.rf.4767d413812223f75ced3c8105aa51ec.jpg,0,0,1,1,0.01
PET-1989_jpg.rf.b4b3ae6da5746069765a627106925dac.jpg,1,0,0,1,0.01
PET-198_jpg.rf.3d00ff4a139b86cc9c40fa9ed5128bdc.jpg,0,0,1,1,0.01
PET-1990_jpg.rf.1976a544946f557ca058440ee67f1afd.jpg,0,0,1,1,0.01
PET-1991_jpg.rf.0a9a81b6233734ca70db2d946f72cac8.jpg,1,0,0,1,0.01
PET-1992_jpg.rf.1cac6a98f0661689bf4d9d6953e8fa39.jpg,0,0,1,1,0.01
PET-1993_jpg.rf.aba0aec55a3eb79656d850a950d79ac5.jpg,1,0,0,1,0.01
PET-1994_jpg.rf.4bedbd0f3826ce8e4ee57164bbc7a534.jpg,0,1,0,1,0.01
PET-1995_jpg.rf.2a48212efefef09457bf205a2aa28d2f.jpg,0,1,0,1,0.01
PET-1996_jpg.rf.547a063459650f689b4140b729841451.jpg,1,0,0,1,0.01
PET-1997_jpg.rf.a2e1a188e00ba4e188c9a8f7ed5f3309.jpg,1,0,0,1,0.01
PET-1998_jpg.rf.5e1a7bec9e931595b3805a054e6be9ef.jpg,0,1,0,1,0.01
PET-1999_jpg.rf.e9f38a0b8156aebbba4ebb657d61d5a9.jpg,1,0,0,1,0.01
PET-199_jpg.rf.521ad6a839b6138ad65bf9f7b7d1cc63.jpg,1,0,0,1,0.01
PET-19_jpg.rf.68a8054211504fdf89c0cd63ed7ec1be.jpg,1,0,0,1,0.01
PET-1_jpg.rf.09bd311e9706f15da9403bda3760e131.jpg,1,0,0,1,0.01
PET-1_jpg.rf.848624fe746c3dc7eddf838858419be5.jpg,1,0,0,1,0.01
PET-2000_jpg.rf.f26acd9ac11d135c4b10879a64bc1773.jpg,0,1,0,1,0.01
PET-2001_jpg.rf.80ec5cf91a98e1ed471e5f7ac3c02b4a.jpg,1,0,0,1,0.01
PET-2002_jpg.rf.3e8b0dab06c763e19527203ddf21439c.jpg,1,0,0,1,0.01
PET-2003_jpg.rf.55e37438be986dbfe3e92202479ab40e.jpg,1,0,0,1,0.01
PET-2004_jpg.rf.ea17bfff41359fe790352cb0367399e6.jpg,1,0,0,1,0.01
PET-2005_jpg.rf.c9c98b964df24e53c5c6b06b532a2c64.jpg,0,0,1,1,0.01
PET-2006_jpg.rf.bed7276a2fc49d70905c2190315d43f0.jpg,1,0,0,1,0.01
PET-2007_jpg.rf.3d67b24f31ddbe815886cea21d43f81f.jpg,1,0,0,1,0.01
PET-2008_jpg.rf.3173ecec4954c3707c75a4f36ee19383.jpg,0,0,1,1,0.01
PET-2009_jpg.rf.8e6822f2f44f626f4c84e29243ad4b5d.jpg,0,0,1,1,0.01
PET-200_jpg.rf.24ea6d66430853a8caa2f14553923105.jpg,0,0,1,1,0.01
PET-2010_jpg.rf.b6ae76b831fe13250cd53a16c6830978.jpg,1,0,0,1,0.01
PET-2011_jpg.rf.3fec050bacfe38f6dcac041ef3dc6665.jpg,1,0,0,1,0.01
PET-2012_jpg.rf.a34519d6dbe5d67de183b38c25c4d5c3.jpg,1,0,0,1,0.01
PET-2013_jpg.rf.7f6c5f2a0a8ea13d360a07f1809265d9.jpg,1,0,0,1,0.01
PET-2014_jpg.rf.ecceb1aeb84ea66dae038887d6fa10c9.jpg,1,0,0,1,0.01
PET-2015_jpg.rf.5024641b0841ee62790b852baab31666.jpg,1,0,0,1,0.01
PET-2016_jpg.rf.ebfa7f7e343c753aac152b1384e480f8.jpg,1,0,0,1,0.01
PET-2017_jpg.rf.c7a9ad07e9d63d4070cca309129bc6dd.jpg,0,1,0,1,0.01
PET-2018_jpg.rf.d09d314c8a5d193c344bffa0517ab0b1.jpg,1,0,0,1,0.01
PET-2019_jpg.rf.b0d804067845fb15d1a87914f05bd8cc.jpg,0,0,1,1,0.01
PET-201_jpg.rf.a3b65c52e11b9771a3a7d2aa8bc977e3.jpg,0,1,0,1,0.01
PET-2020_jpg.rf.7cf65ebe69047f397aa002a9f04cb7cd.jpg,1,0,0,1,0.01
PET-2021_jpg.rf.bec380fc173b76032e9f0fdd20039e4e.jpg,1,0,0,1,0.01
PET-2022_jpg.rf.037abae1a526477b9c0806fd928264d2.jpg,1,0,0,1,0.01
PET-2023_jpg.rf.775b026e5b7f224cf9e8d6dca7182c60.jpg,1,0,0,1,0.01
PET-2024_jpg.rf.f0411eb0d36244dbb8445d0fdb16a1e3.jpg,1,0,0,1,0.01
PET-2025_jpg.rf.fabdd395b4440b663ebed6afa35c9321.jpg,1,0,0,1,0.01
PET-2026_jpg.rf.794f028bc5e9dea43606afdbe7b16d60.jpg,0,1,0,1,0.01
PET-2027_jpg.rf.bbcb4e7abafaf69b0a1ae64a0f3eadb2.jpg,1,0,0,1,0.01
PET-2028_jpg.rf.1358d9fb96ca6fcf4baab1ba4599664a.jpg,1,0,0,1,0.01
PET-2029_jpg.rf.bbcb40177ad88c3e03abb91fbe1ad493.jpg,0,0,1,1,0.01
PET-202_jpg.rf.0f03556eb2274a3bdb42548372a3bd0e.jpg,1,0,0,1,0.01
PET-2030_jpg.rf.7bf989f3e33035dc365b5e5941c3058c.jpg,1,0,0,1,0.01
PET-2031_jpg.rf.8b1247cc257930adbbb211bbc7b763d2.jpg,1,0,0,1,0.01
PET-2032_jpg.rf.f3db1f0c4d01408082c4473b41130b30.jpg,1,0,0,1,0.01
PET-2033_jpg.rf.3b855154bb09fbaeb515a9f87f34c8e1.jpg,0,0,1,1,0.01
PET-2034_jpg.rf.4e66be66e4198b3ff42cf7c43fe591bb.jpg,0,1,0,1,0.01
PET-2035_jpg.rf.b3d147007a4dadeb3c416c9c59d097ba.jpg,1,0,0,1,0.01
PET-2036_jpg.rf.377033ffb23017b75a4b395a197a0005.jpg,1,0,0,1,0.01
PET-2037_jpg.rf.3f15c59d6f98f523b52a1cf4b96ddd8c.jpg,1,0,0,1,0.01
PET-2038_jpg.rf.5c8aa28f704b6d47bef909b69006bc75.jpg,0,1,0,1,0.01
PET-2039_jpg.rf.e6a5e5d102e75d435f709e5c4701222a.jpg,1,0,0,1,0.01
PET-2040_jpg.rf.7453cb93526cbbabe3b299b7962f10a4.jpg,1,0,0,1,0.01
PET-2041_jpg.rf.622b547964300f7ee3ddcd09cbfd3e94.jpg,1,0,0,1,0.01
PET-2042_jpg.rf.9d027753a92a9880dd07a65b5ac42603.jpg,1,0,0,1,0.01
PET-2043_jpg.rf.c99c118d5e7072007421b3bddd090f76.jpg,0,0,1,1,0.01
PET-2044_jpg.rf.0490f96bedf6f17c10dab7955bc2e532.jpg,0,0,1,1,0.01
PET-2045_jpg.rf.d4c95198ac00583c71a63da5eac57809.jpg,1,0,0,1,0.01
PET-2046_jpg.rf.a9ef01ec64e01fd4403b9ebffe4d3b53.jpg,1,0,0,1,0.01
PET-2047_jpg.rf.c5732ff34365221273e1fd318d9a2eda.jpg,0,1,0,1,0.01
PET-2048_jpg.rf.b1120ba1d6428ed21d551862614f38a8.jpg,0,0,1,1,0.01
PET-2049_jpg.rf.4668fb32a7b1a009dd324f0ca6246263.jpg,1,0,0,1,0.01
PET-204_jpg.rf.c2261d077075166b8d085410bc1cf36b.jpg,1,0,0,1,0.01
PET-2050_jpg.rf.130ac9f9f49faaf19981834690f08832.jpg,1,0,0,1,0.01
PET-2051_jpg.rf.865f4d1772a0dc2c62c541f695a200c3.jpg,1,0,0,1,0.01
PET-2052_jpg.rf.86cea671219fe56be3c82dfca2f338fc.jpg,0,0,1,1,0.01
PET-2053_jpg.rf.e96c1fb114ce43dacd6907ef005bbb19.jpg,0,0,1,1,0.01
PET-2054_jpg.rf.5c828baec6e40471e0a49946e6f3cbb3.jpg,1,0,0,1,0.01
PET-2055_jpg.rf.1183c0079d652daf91159b1f4926af4a.jpg,1,0,0,1,0.01
PET-2056_jpg.rf.1af165683232ce06c02b0cfe32488685.jpg,1,0,0,1,0.01
PET-2057_jpg.rf.8b3823ad29215d60efc6b4463dd355c6.jpg,0,0,1,1,0.01
PET-2058_jpg.rf.4fe570fb547fb7d6d0adb2eb9df6a89b.jpg,0,1,0,1,0.01
PET-2059_jpg.rf.3f0bd9e25b3db7a341b80352dda21390.jpg,1,0,0,1,0.01
PET-205_jpg.rf.22c62ac0096cff5024e3ab91d5316c80.jpg,1,0,0,1,0.01
PET-2060_jpg.rf.31344c1c3b317c3474616b22fbf2dfee.jpg,1,0,0,1,0.01
PET-2061_jpg.rf.68961908d5bc0fcf080d72c4424160e0.jpg,1,0,0,1,0.01
PET-2062_jpg.rf.d61b7bf40d2c4ad9c9b32de31ea82ae3.jpg,1,0,0,1,0.01
PET-2063_jpg.rf.84837d28474aa6d04f3e8a40a3050279.jpg,1,0,0,1,0.01
PET-2064_jpg.rf.6470fd48219355536c4ec6c1435ff082.jpg,0,0,1,1,0.01
PET-2065_jpg.rf.00a8d9887465d16fc16b7714b1a7785f.jpg,1,0,0,1,0.01
PET-2066_jpg.rf.c9dfd492ace8d6ac13bc4675ddfdb638.jpg,0,1,0,1,0.01
PET-2067_jpg.rf.4ece9c925947782c1fe8f417794526b4.jpg,0,0,1,1,0.01
PET-2068_jpg.rf.adca7550dc0c3c669a3d8b4b24b9097e.jpg,1,0,0,1,0.01
PET-2069_jpg.rf.31147e0f3d24f7bcd83cc779014f5318.jpg,0,1,0,1,0.01
PET-206_jpg.rf.1f4f9a443a323476801449ce27228226.jpg,1,0,0,1,0.01
PET-2070_jpg.rf.786823bc9abc736bcbd74d8ed03ffa07.jpg,0,0,1,1,0.01
PET-2071_jpg.rf.52ec9eabd2372ac47d60fa4ce0fae8c2.jpg,1,0,0,1,0.01
PET-2072_jpg.rf.ff9f73906fdb2bf1f3f12f0c5f0d9edf.jpg,1,0,0,1,0.01
PET-2073_jpg.rf.c25ba757db822abbbda6e898c0e892f7.jpg,0,0,1,1,0.01
PET-2074_jpg.rf.dc59f531efb9c7bf6f1ddc22d541c7e6.jpg,1,0,0,1,0.01
PET-2075_jpg.rf.efe6642a725d5180ae492d36536fa489.jpg,0,0,1,1,0.01
PET-2076_jpg.rf.74efa5b4b06b0c6926774aede9c87c15.jpg,1,0,0,1,0.01
PET-2077_jpg.rf.c2dd374c37b17b1b85560e9267940886.jpg,1,0,0,1,0.01
PET-2078_jpg.rf.f442004ca16b2c09f2bb3dd97936c2dc.jpg,1,0,0,1,0.01
PET-2079_jpg.rf.09a3fbf8b759f93f00f352667610ba0c.jpg,1,0,0,1,0.01
PET-207_jpg.rf.564ecb54ac376d1d5b55134fb75c9554.jpg,1,0,0,1,0.01
PET-2080_jpg.rf.03195de97aeaa964093fa3192c7cdf31.jpg,0,0,1,1,0.01
PET-2081_jpg.rf.ba9c43271642207f7e13b8b73c96ac0c.jpg,1,0,0,1,0.01
PET-2082_jpg.rf.29452b8bc6f5524f7ad82ce49bcb82e1.jpg,1,0,0,1,0.01
PET-2083_jpg.rf.96b5ea66b22473d8e219c0cf41ca0306.jpg,1,0,0,1,0.01
PET-2084_jpg.rf.87a710634e111e00aab7fb0d03d3048b.jpg,1,0,0,1,0.01
PET-2085_jpg.rf.679ca172f0670929a4c4695592f472a6.jpg,1,0,0,1,0.01
PET-2086_jpg.rf.98e7cc8751f9e4ca2c5a3e62d5ab6133.jpg,1,0,0,1,0.01
PET-2087_jpg.rf.8febaa5c1729ed05fb99de6f332ae0ee.jpg,1,0,0,1,0.01
PET-2088_jpg.rf.600f35838b65b0ee0ee834243174bf8d.jpg,1,0,0,1,0.01
PET-2089_jpg.rf.b781d06272ca2ed4d3c986c0396774ed.jpg,1,0,0,1,0.01
PET-208_jpg.rf.b44a7276905b43cabbd093ac2b438658.jpg,1,0,0,1,0.01
PET-2090_jpg.rf.e555bc884201dacf703a0266b9bd5ea3.jpg,1,0,0,1,0.01
PET-2091_jpg.rf.6d7512e16c6b13ec85cee2de6236bf13.jpg,0,0,1,1,0.01
PET-2092_jpg.rf.da722bb67fa6e26f4cf0dc0551b9b323.jpg,1,0,0,1,0.01
PET-2093_jpg.rf.b20d9c3d77f5f01e7efe3cbf5c077737.jpg,0,0,1,1,0.01
PET-2094_jpg.rf.98c0a194ddbf98684670d8e5f1c709e1.jpg,1,0,0,1,0.01
PET-2095_jpg.rf.5ddf3ae120bc9f2d17c04d068031d78f.jpg,1,0,0,1,0.01
PET-2096_jpg.rf.27b548eaffbc7a199cd2614fad7c703a.jpg,0,0,1,1,0.01
PET-2097_jpg.rf.1d7be92331439b7b7e769edb0f037cdd.jpg,1,0,0,1,0.01
PET-2098_jpg.rf.a1c9b46952ee3a9ed1dd38e2253a2451.jpg,1,0,0,1,0.01
PET-2099_jpg.rf.3c5a778ed57a7054b5cd06873e53fb55.jpg,1,0,0,1,0.01
PET-209_jpg.rf.baec8a2261e280c91991498b53f50c87.jpg,1,0,0,1,0.01
PET-20_jpg.rf.a9efe7d7d806da3db99caca2373e26cc.jpg,1,0,0,1,0.01
PET-2100_jpg.rf.ab4a53fd1c06484047710346cb2fa1ad.jpg,1,0,0,1,0.01
PET-2101_jpg.rf.2c230eb2dc1c6b47d0045bcc47d7ce39.jpg,1,0,0,1,0.01
PET-2102_jpg.rf.e240a1a17ed01507f5a011d5ed757534.jpg,1,0,0,1,0.01
PET-2103_jpg.rf.68c3f6a95a643278aeda80674cb97581.jpg,0,0,1,1,0.01
PET-2104_jpg.rf.29ac7f6162160a377465e73bdd3378c0.jpg,1,0,0,1,0.01
PET-2105_jpg.rf.de8297c563bf795bc303e196cb3eb1d9.jpg,0,1,0,1,0.01
PET-2106_jpg.rf.7ae88c347d1d151d970f6a940ff64a2d.jpg,1,0,0,1,0.01
PET-2107_jpg.rf.e83c016c74dfaf3ebbdb03477acd85be.jpg,0,1,0,1,0.01
PET-2108_jpg.rf.4c0de0768eff7a701ec43660f990e6cc.jpg,1,0,0,1,0.01
PET-2109_jpg.rf.402c90d472ccf73a104015dd02c17c99.jpg,1,0,0,1,0.01
PET-210_jpg.rf.77a67aa4a9b1d9a11bd388ed35cdca3f.jpg,1,0,0,1,0.01
PET-2110_jpg.rf.d223657d52b19ce3a9d6de28a734ba0e.jpg,1,0,0,1,0.01
PET-2111_jpg.rf.6fdc66d282ec1609873657a3f38f1e0b.jpg,1,0,0,1,0.01
PET-2112_jpg.rf.96d70c2227d52b81a7cdf8e1aad16fde.jpg,0,1,0,1,0.01
PET-2113_jpg.rf.2ea4f43fa7c175ed0f027ea845e86bb6.jpg,1,0,0,1,0.01
PET-2114_jpg.rf.cc2d984aeb2414c20bb3c95a71ea09cb.jpg,1,0,0,1,0.01
PET-2115_jpg.rf.247e9192d63cb79fbc85e973f691dd74.jpg,1,0,0,1,0.01
PET-2116_jpg.rf.d138b931c29cbb87415ea17c76c9d424.jpg,1,0,0,1,0.01
PET-2117_jpg.rf.02c8c73286b66b719086faa8ad5ee8fc.jpg,1,0,0,1,0.01
PET-2118_jpg.rf.7fc4cbe12fbb39878ff6be6752895246.jpg,1,0,0,1,0.01
PET-2119_jpg.rf.d18e63266174591be32c60cb1387d232.jpg,0,0,1,1,0.01
PET-211_jpg.rf.7faed96b0d6ac3f987fb0cf2558a20bc.jpg,1,0,0,1,0.01
PET-2120_jpg.rf.81cac3ea70f09289c5aea9f9073b5d84.jpg,0,0,1,1,0.01
PET-2121_jpg.rf.0ba05d53fb165551b9f910e3b4611acc.jpg,1,0,0,1,0.01
PET-2122_jpg.rf.df160c7c5f8b02cbc0c99c6c3969a730.jpg,1,0,0,1,0.01
PET-2123_jpg.rf.3d62c434f8d6ebe4d97ffd47bb803bd6.jpg,1,0,0,1,0.01
PET-2124_jpg.rf.6af409425b04e17188e433d177dd9600.jpg,1,0,0,1,0.01
PET-2125_jpg.rf.20835c8490089322a0ad696ebeb2b2ae.jpg,0,0,1,1,0.01
PET-2126_jpg.rf.32a5975c4bf37fdbd11bcb7e70f1843a.jpg,1,0,0,1,0.01
PET-2127_jpg.rf.41edfc9780415d51e06246a4972afe96.jpg,1,0,0,1,0.01
PET-2128_jpg.rf.90d12fa6b76a90c31244278e18f3abec.jpg,1,0,0,1,0.01
PET-2129_jpg.rf.aa938188c03d66c7b2865b07d1e2887a.jpg,1,0,0,1,0.01
PET-212_jpg.rf.8e6ca9dfa826cc6af91b919bdafabac1.jpg,1,0,0,1,0.01
PET-2130_jpg.rf.7988d0db4a71a47542edf834fe986e26.jpg,0,1,0,1,0.01
PET-2131_jpg.rf.bdea0aeff4e3631fed007c0629efc005.jpg,1,0,0,1,0.01
PET-2132_jpg.rf.fea7355069fbe8216260f2464f12b690.jpg,0,0,1,1,0.01
PET-2133_jpg.rf.e537bdfe28d1111e2ee9b505ad7fcb84.jpg,1,0,0,1,0.01
PET-2134_jpg.rf.13b725fcab4bb5e4832fa38c38a76ead.jpg,1,0,0,1,0.01
PET-2135_jpg.rf.fb01d04119d6489da03b3e5c968b0a4a.jpg,1,0,0,1,0.01
PET-2136_jpg.rf.bf59c328af3d772d0b62619b1fbdeeed.jpg,0,0,1,1,0.01
PET-2137_jpg.rf.103d54ac8462d313f1c131323e0b10ee.jpg,1,0,0,1,0.01
PET-2138_jpg.rf.00a64fae3975e255d0ff8571a612c020.jpg,1,0,0,1,0.01
PET-2139_jpg.rf.cf393345d0791a935d1a2b2c904d1072.jpg,0,1,0,1,0.01
PET-2140_jpg.rf.36956c170c2189632b65441f0a4bb543.jpg,0,0,1,1,0.01
PET-2141_jpg.rf.67d5ef5d254d6726691e56cdc17a0c62.jpg,1,0,0,1,0.01
PET-2142_jpg.rf.4726657b0e731bbb469b2d89c25c98de.jpg,0,1,0,1,0.01
PET-2143_jpg.rf.3cbc82b530906fe48d4ba34ce11afd25.jpg,1,0,0,1,0.01
PET-2144_jpg.rf.e4b495e9fd3b9467c61f82f5625f5292.jpg,0,0,1,1,0.01
PET-2145_jpg.rf.95e132df49b59a786c716e4ba5bc5298.jpg,0,0,1,1,0.01
PET-2146_jpg.rf.bba56f011d4a6f3fd8dfb0aaf9a6fb1b.jpg,1,0,0,1,0.01
PET-2147_jpg.rf.771cffe2aa40e76532fc59cb2ec16db3.jpg,0,0,1,1,0.01
PET-2148_jpg.rf.edc0936e98de5c1b22f215ca817397ee.jpg,0,0,1,1,0.01
PET-2149_jpg.rf.efd83d106645692f6cdf53cecde6d631.jpg,1,0,0,1,0.01
PET-214_jpg.rf.ea072e9c047b2f2b29de2339f53cb92a.jpg,1,0,0,1,0.01
PET-2150_jpg.rf.25ca08ee445fd8fab1437b3d37c83c2e.jpg,1,0,0,1,0.01
PET-2151_jpg.rf.58478aa27441051751cb9524ce01daa8.jpg,1,0,0,1,0.01
PET-2152_jpg.rf.f451693df6ba4b0d5eedc00c5156ebc0.jpg,1,0,0,1,0.01
PET-2153_jpg.rf.0744858806bd724232e91a5a5dbdc9d6.jpg,1,0,0,1,0.01
PET-2154_jpg.rf.883a3c2706099f408395ed620c1378ce.jpg,0,1,0,1,0.01
PET-2155_jpg.rf.0720839a8dd1495a1d48333314cc180a.jpg,1,0,0,1,0.01
PET-2156_jpg.rf.c7536a3e11ba777fd308b90c3fba6803.jpg,1,0,0,1,0.01
PET-2157_jpg.rf.aa68230444b192fac7aad130a12fa2dd.jpg,1,0,0,1,0.01
PET-2158_jpg.rf.3c9fdd0dc26b8736230a30196d4afbf3.jpg,1,0,0,1,0.01
PET-2159_jpg.rf.5ac080a8517daa0815e36558ba6100eb.jpg,1,0,0,1,0.01
PET-215_jpg.rf.be44eb29d5cd76f888004f77a8f61467.jpg,0,1,0,1,0.01
PET-2160_jpg.rf.cd759768a287bab62f570d31217c6b6c.jpg,1,0,0,1,0.01
PET-2161_jpg.rf.85783c1d6c12fa7886fcf8b9e7ff88cd.jpg,1,0,0,1,0.01
PET-2162_jpg.rf.b0f6985c0afd5e6b7ed7ad825afcbf37.jpg,1,0,0,1,0.01
PET-2163_jpg.rf.f51fd143d5401325c7edf046bc45c503.jpg,1,0,0,1,0.01
PET-2164_jpg.rf.b51c2999fe22e41832d5acdb15324b14.jpg,1,0,0,1,0.01
PET-2165_jpg.rf.69df276b30f95c6e836166bf035eb06f.jpg,0,1,0,1,0.01
PET-2166_jpg.rf.b5210f64a43e9397bf7306dad531c3ba.jpg,1,0,0,1,0.01
PET-2167_jpg.rf.5d37c6f3d5f583c5d4c299c52d8f4498.jpg,1,0,0,1,0.01
PET-2168_jpg.rf.d3e5e8954cc2619c849874a6b19fecbb.jpg,0,0,1,1,0.01
PET-2169_jpg.rf.348a81c0515690c49f62eb6c515fcc9c.jpg,1,0,0,1,0.01
PET-216_jpg.rf.729bc0569b67ffc75c326d143433d222.jpg,1,0,0,1,0.01
PET-2170_jpg.rf.eac6558e97ceba0e0093f9f311192f5f.jpg,1,0,0,1,0.01
PET-2171_jpg.rf.9420b5f6c2334fa7d4ff125728bab0dc.jpg,1,0,0,1,0.01
PET-2172_jpg.rf.a729378c6946720bd1a20dc20ee824a9.jpg,0,0,1,1,0.01
PET-2173_jpg.rf.a7d09fe1d0cfc9fcdbe758343342985a.jpg,1,0,0,1,0.01
PET-2174_jpg.rf.5e60216d9126215c6a1c62dc4a34c64c.jpg,1,0,0,1,0.01
PET-2175_jpg.rf.38dd4723f840a7d98d902e3b91a53833.jpg,1,0,0,1,0.01
PET-2176_jpg.rf.dcd55b7648be0ee5c4e61b403f6d829b.jpg,1,0,0,1,0.01
PET-2177_jpg.rf.01454714b375092f811e620b1d7ffa2f.jpg,0,1,0,1,0.01
PET-2178_jpg.rf.01370a5f25d2605cf17194bbe658f842.jpg,0,1,0,1,0.01
PET-2179_jpg.rf.8b2de48fc0b89a765a852b7ed1c4bdef.jpg,0,0,1,1,0.01
PET-217_jpg.rf.00609b491f7e71692bfe343cd8df99df.jpg,1,0,0,1,0.01
PET-2180_jpg.rf.239ffa8d878f4522cea5a41b530281b7.jpg,1,0,0,1,0.01
PET-2181_jpg.rf.75c23b2387e6e9add1d692aa94b7038a.jpg,1,0,0,1,0.01
PET-2182_jpg.rf.c069b2eb981c7483910adec0a3a730f1.jpg,1,0,0,1,0.01
PET-2183_jpg.rf.0378a4d2ee311cab8f0c753ecdb48eed.jpg,0,0,1,1,0.01
PET-2184_jpg.rf.05019e765e28cd0334e00cda4afd8c11.jpg,1,0,0,1,0.01
PET-2185_jpg.rf.e19d4893631effd310301558ec5ff8a5.jpg,0,0,1,1,0.01
PET-2186_jpg.rf.30f8bde97a6421b72eecb428f20d8dcb.jpg,1,0,0,1,0.01
PET-2187_jpg.rf.68391bb932da82b3e6e7634c9a4b5e79.jpg,0,0,1,1,0.01
PET-2188_jpg.rf.a1e79e1bb517e532880be3cca8bddfb8.jpg,1,0,0,1,0.01
PET-2189_jpg.rf.20ee39b88e72b5e9e6af8352ecc7263c.jpg,0,1,0,1,0.01
PET-2190_jpg.rf.f2e0f137a63d04aed0b316d07094c94a.jpg,1,0,0,1,0.01
PET-2191_jpg.rf.6c59d6db14ae84c512c32743ec55579d.jpg,1,0,0,1,0.01
PET-2192_jpg.rf.d6933b25d48e32eee7ff24ebae048096.jpg,1,0,0,1,0.01
PET-2193_jpg.rf.6c160b8446033503ccc3d3296cd6a872.jpg,1,0,0,1,0.01
PET-2194_jpg.rf.d29ffbdad972e6616213d7835f4f16a9.jpg,1,0,0,1,0.01
PET-2195_jpg.rf.94f9741f93a83a51be6f8fb2403659a6.jpg,1,0,0,1,0.01
PET-2196_jpg.rf.03533204b865eebfceb745ab4b751e9a.jpg,0,1,0,1,0.01
PET-2197_jpg.rf.42c01de290e827c53c4320d4945cae80.jpg,1,0,0,1,0.01
PET-2198_jpg.rf.126ca547404036af9200214b258bf0d8.jpg,0,1,0,1,0.01
PET-2199_jpg.rf.048c77702fe7d79280885ff994be3565.jpg,1,0,0,1,0.01
PET-219_jpg.rf.7960a8a95afcdd728e1d8ad77e7548c6.jpg,1,0,0,1,0.01
PET-2200_jpg.rf.65d1c6c6fc3bc560bfb00dbdb9b3d2f9.jpg,1,0,0,1,0.01
PET-2201_jpg.rf.b1cffb3ea7c8a9dd340e57ec287bf1c3.jpg,1,0,0,1,0.01
PET-2202_jpg.rf.550302f78fd7a1bc196ade559c92a618.jpg,1,0,0,1,0.01
PET-2203_jpg.rf.52954d63a0da6451371c1ec6d9110cbd.jpg,0,0,1,1,0.01
PET-2204_jpg.rf.93bbf27d169abace3b1dfad0c3e24ab4.jpg,0,0,1,1,0.01
PET-2205_jpg.rf.8f3ba7b89c0f75b5d3be4ea777cb2b8d.jpg,1,0,0,1,0.01
PET-2206_jpg.rf.c497c7206ec3acdd7306e2b2754335ca.jpg,0,1,0,1,0.01
PET-2207_jpg.rf.2770e29a734e1de9957ae677fc5e9b3a.jpg,0,0,1,1,0.01
PET-2208_jpg.rf.0253ccde640aebdcef8b52657bc521f3.jpg,1,0,0,1,0.01
PET-2209_jpg.rf.974d5929744ba53213234e4d7ff0c6ff.jpg,0,1,0,1,0.01
PET-220_jpg.rf.99c3d7e08d43691b9066c3a936920b19.jpg,1,0,0,1,0.01
PET-2210_jpg.rf.cbd64ea1d3ec2abc158ac1f465ad1211.jpg,0,1,0,1,0.01
PET-2211_jpg.rf.a3837fb8bf04bac9fe874d8b471491fa.jpg,0,0,1,1,0.01
PET-2212_jpg.rf.7664745355373464eb2d9edd3c4a4e19.jpg,0,1,0,1,0.01
PET-2213_jpg.rf.791056764d81aeb9cc1d2ee07fe20e1e.jpg,0,1,0,1,0.01
PET-2214_jpg.rf.c16b70a7b972f6454463bf0d3a793afa.jpg,0,0,1,1,0.01
PET-2215_jpg.rf.ebe0cc9d469ed93f4351047cb98ac253.jpg,1,0,0,1,0.01
PET-2216_jpg.rf.aa29c857cc0537c99bd856961335c89f.jpg,1,0,0,1,0.01
PET-2217_jpg.rf.8942d61a48a6df9a35956a77cb3fa49b.jpg,1,0,0,1,0.01
PET-2218_jpg.rf.b1af4cf678e75723c98d090c9ce0617d.jpg,1,0,0,1,0.01
PET-2219_jpg.rf.ed2eab104436553a16240fc0ea2e9d93.jpg,1,0,0,1,0.01
PET-221_jpg.rf.d538b7d3321bad313c2452d53d141f00.jpg,1,0,0,1,0.01
PET-2220_jpg.rf.40bbf5163507d8ac2116b2add14ba36a.jpg,1,0,0,1,0.01
PET-2221_jpg.rf.382a1afeb43b958ef8cf6580a93e3721.jpg,1,0,0,1,0.01
PET-2222_jpg.rf.78daf1c8cc7a06fd62a7265ab049f755.jpg,0,0,1,1,0.01
PET-2223_jpg.rf.325d1c089a91fb9a963eab58baa5c5d6.jpg,1,0,0,1,0.01
PET-2224_jpg.rf.f91334aa640eabd08d57894189617eb6.jpg,1,0,0,1,0.01
PET-2225_jpg.rf.7da69195bb68cc202a663fc58dd75d17.jpg,1,0,0,1,0.01
PET-2226_jpg.rf.6e11f653d5b557c45e494f3d75dd7666.jpg,1,0,0,1,0.01
PET-2227_jpg.rf.3ee3959bc9c5918e5dff98e758f3f2e8.jpg,1,0,0,1,0.01
PET-2228_jpg.rf.8f254bee3a905249098dc704e6f93ff0.jpg,0,0,1,1,0.01
PET-2229_jpg.rf.a9ac700dfb7b6724caf8971397580c1d.jpg,0,0,1,1,0.01
PET-222_jpg.rf.b68272b766ef99d8bccae2006b885059.jpg,1,0,0,1,0.01
PET-2230_jpg.rf.9a7d1310d3d7c7a88876510cec259f50.jpg,1,0,0,1,0.01
PET-2231_jpg.rf.c0525a2231eb4dbf7e19e557cbd37dc1.jpg,0,0,1,1,0.01
PET-2232_jpg.rf.7ad26510c45bc708d3105bfa5c8a1e1e.jpg,1,0,0,1,0.01
PET-2233_jpg.rf.f6d6ad0c22e33fb9633ed6b4504601c8.jpg,0,1,0,1,0.01
PET-2234_jpg.rf.859e220b84b708c5daef265018a223ed.jpg,1,0,0,1,0.01
PET-2235_jpg.rf.989d22b687f5e7514559b5883a8ce936.jpg,0,0,1,1,0.01
PET-2236_jpg.rf.e142970ebdf70126e6b6b3113b0a767c.jpg,0,0,1,1,0.01
PET-2237_jpg.rf.62e50df477d77dd5c19a9f9b521d9dca.jpg,1,0,0,1,0.01
PET-2238_jpg.rf.3127dcb12ec179b0b110d572d3e6086d.jpg,1,0,0,1,0.01
PET-2239_jpg.rf.45fda77bad223a7e24138b2133771293.jpg,1,0,0,1,0.01
PET-2240_jpg.rf.bbb39a583ee19de50d33386b6817d97f.jpg,1,0,0,1,0.01
PET-2241_jpg.rf.3b3ebf7a93320f032de65f3dc97fed84.jpg,1,0,0,1,0.01
PET-2242_jpg.rf.4af72b3186cff9ab9ef97d41a62b60f3.jpg,1,0,0,1,0.01
PET-2243_jpg.rf.f609f8e2152f83f0182a4528273a58af.jpg,1,0,0,1,0.01
PET-2244_jpg.rf.49555facc4797572b2d565f7d402c9d1.jpg,0,0,1,1,0.01
PET-2245_jpg.rf.b23017ade973188747f6bbc5e3cbf41b.jpg,0,0,1,1,0.01
PET-2246_jpg.rf.6030f2e2a3c6f95580ad8215919e752e.jpg,1,0,0,1,0.01
PET-2247_jpg.rf.558bca842621d88bdd0de08608fdb375.jpg,0,0,1,1,0.01
PET-2248_jpg.rf.c797110001ac2c7dead0fcdfce7597fd.jpg,1,0,0,1,0.01
PET-2249_jpg.rf.289a91350ce8cc3cbdf8f12a15e008b4.jpg,1,0,0,1,0.01
PET-224_jpg.rf.22667a1db3fd96f51367dc17b931374e.jpg,1,0,0,1,0.01
PET-2250_jpg.rf.6b75f8af12b141eca0c8a635c56c38bb.jpg,1,0,0,1,0.01
PET-2251_jpg.rf.516e1d4e62e3966921ea62104e6d6fc4.jpg,1,0,0,1,0.01
PET-2252_jpg.rf.52c9ed21995d2aaa5fd1fc4d04f6db1f.jpg,1,0,0,1,0.01
PET-2253_jpg.rf.197b8b6be66b4eae156d0ddf00c1f08b.jpg,1,0,0,1,0.01
PET-2254_jpg.rf.cb8af331f5d94c152b8800b1f570d156.jpg,1,0,0,1,0.01
PET-2255_jpg.rf.601abaee95cdf0f25166eb1788b254eb.jpg,1,0,0,1,0.01
PET-2256_jpg.rf.294cb919e7b6ebc15f30893843512cf7.jpg,0,0,1,1,0.01
PET-2257_jpg.rf.ad81630d90d20f77be9586f5d6b94447.jpg,0,0,1,1,0.01
PET-2258_jpg.rf.533d0e9196c9a90b541a4654269c4661.jpg,0,0,1,1,0.01
PET-2259_jpg.rf.64b6de841eb247a05d3d93608acb7476.jpg,1,0,0,1,0.01
PET-225_jpg.rf.c05c603cdc441d3dd8c4a77a462ef3db.jpg,1,0,0,1,0.01
PET-2260_jpg.rf.74535394b53a14f45a877764c686689d.jpg,1,0,0,1,0.01
PET-2261_jpg.rf.50679f2f3fd1d4d6d29b64cfa25bb685.jpg,1,0,0,1,0.01
PET-2262_jpg.rf.67d2bd558cc1d9ebe60a4ba2ccbfb774.jpg,1,0,0,1,0.01
PET-2263_jpg.rf.bcf3c7eb2b3ab1ead326ba3ccb6b99cd.jpg,1,0,0,1,0.01
PET-2264_jpg.rf.3e24b72a1a9484250d31d722187f0a12.jpg,0,0,1,1,0.01
PET-2265_jpg.rf.e6fbf084073c532cea9a052af9ab42ca.jpg,1,0,0,1,0.01
PET-2266_jpg.rf.37d8e590df8c64dcb0be898eadaa160b.jpg,1,0,0,1,0.01
PET-2267_jpg.rf.49bf56995a812c65b92f1b00a997fedc.jpg,0,1,0,1,0.01
PET-2268_jpg.rf.f8705b082d46232844db7d15341a053c.jpg,1,0,0,1,0.01
PET-2269_jpg.rf.ea99a28495b79b567c8ba747603d3787.jpg,0,0,1,1,0.01
PET-2270_jpg.rf.7103f7d8ec8e56023010d3e5471316e7.jpg,0,1,0,1,0.01
PET-2271_jpg.rf.fbf647b3bdc5255a210b6e2b5cf8a9be.jpg,1,0,0,1,0.01
PET-2272_jpg.rf.8ea23f637f60793e1e886c53c19e6180.jpg,1,0,0,1,0.01
PET-2273_jpg.rf.1def4c7ed2f548c544cf71f1ad452303.jpg,1,0,0,1,0.01
PET-2274_jpg.rf.25e47e7e7a06f04d5123929f39b2d025.jpg,1,0,0,1,0.01
PET-2275_jpg.rf.eb1f1eb1fc3b3527a1b005aff0931262.jpg,0,0,1,1,0.01
PET-2276_jpg.rf.410ecdffdce0002cea4dec9fc569339e.jpg,1,0,0,1,0.01
PET-2277_jpg.rf.aa5417cd5e4248ae0ad5fc800a4aa26c.jpg,0,0,1,1,0.01
PET-2278_jpg.rf.946a44233c00807f97ce964abe199b48.jpg,0,0,1,1,0.01
PET-2279_jpg.rf.918601c08dbd7437d446d87dce936f69.jpg,1,0,0,1,0.01
PET-227_jpg.rf.22c626806249657c8b719474b6807c2b.jpg,1,0,0,1,0.01
PET-2280_jpg.rf.7bde09cc776b8248fba0ca37f9a9ba78.jpg,1,0,0,1,0.01
PET-2281_jpg.rf.fc03fe65c13cba4e523887c5b5e98568.jpg,0,0,1,1,0.01
PET-2282_jpg.rf.f802144b96e11067bafc5e0ca2fd5788.jpg,0,0,1,1,0.01
PET-2283_jpg.rf.f401e7d6115a147dff18d132e065fb95.jpg,0,1,0,1,0.01
PET-2284_jpg.rf.1c5b64a04c8c8d14dc9499245da97380.jpg,1,0,0,1,0.01
PET-2285_jpg.rf.76aec5ba5443a70ed64f3dac18d5b03f.jpg,1,0,0,1,0.01
PET-2286_jpg.rf.c3f51eb165d9de38f81782ffd0aca827.jpg,1,0,0,1,0.01
PET-2287_jpg.rf.3aeee79774367957667747d7d0db1f02.jpg,1,0,0,1,0.01
PET-2288_jpg.rf.62086f50de83410859215eb2fdb5bc3e.jpg,1,0,0,1,0.01
PET-2289_jpg.rf.42061a7f5f67b4bdf31f814824c56a4f.jpg,1,0,0,1,0.01
PET-228_jpg.rf.6a67e5f6cbc9ae70e00ecff4c3000434.jpg,0,1,0,1,0.01
PET-2290_jpg.rf.210e52b943bb2b275e219c85ffe1803b.jpg,1,0,0,1,0.01
PET-2291_jpg.rf.12841bda4e62e484f5addd9538eaf714.jpg,1,0,0,1,0.01
PET-2292_jpg.rf.3fe164f3fe15b8a461388d1d0335d289.jpg,1,0,0,1,0.01
PET-2293_jpg.rf.05ca95ac20850ea90b83ad2ec9627008.jpg,0,0,1,1,0.01
PET-2294_jpg.rf.71d4afa22c02d94375dc52be7ea114c9.jpg,1,0,0,1,0.01
PET-2295_jpg.rf.8c1c5260c599b06ffb8d592c4ef424be.jpg,0,0,1,1,0.01
PET-2296_jpg.rf.d83f2c03862b6dae96e100c53b832206.jpg,1,0,0,1,0.01
PET-2297_jpg.rf.8889e86a838250d755ad2b906f3f137e.jpg,1,0,0,1,0.01
PET-2298_jpg.rf.7bffdd6e2cafba05a34c71763dcf4a95.jpg,1,0,0,1,0.01
PET-2299_jpg.rf.be8b989a8a8f43a7ca192eb94e2eb3d1.jpg,1,0,0,1,0.01
PET-22_jpg.rf.53cf97cc019fa6b62e21212aaaa750ea.jpg,1,0,0,1,0.01
PET-2300_jpg.rf.2d4296d1da076835944359982abbf57d.jpg,1,0,0,1,0.01
PET-2301_jpg.rf.154982b6cbba47caf44ab1f7398d37a2.jpg,1,0,0,1,0.01
PET-2302_jpg.rf.a373d91c97f8ae4ac9aaa49b7a1e2857.jpg,1,0,0,1,0.01
PET-2303_jpg.rf.25ccfd02257bb64c1a938fc625c678d9.jpg,0,1,0,1,0.01
PET-2304_jpg.rf.5d999264b74b21b635b9df9346fa828c.jpg,1,0,0,1,0.01
PET-2305_jpg.rf.ad66ba3c3a9e4f6ebf1693ff63dff423.jpg,0,0,1,1,0.01
PET-2306_jpg.rf.173c824c65613b6e64a4aec099d86b7c.jpg,1,0,0,1,0.01
PET-2307_jpg.rf.9120c357bac6beaf98079daa733873a9.jpg,1,0,0,1,0.01
PET-2308_jpg.rf.d9389bbae9bb26eb11c630e450f48d2b.jpg,0,0,1,1,0.01
PET-2309_jpg.rf.66541b1b719d25661728bac88d5759cc.jpg,1,0,0,1,0.01
PET-230_jpg.rf.8a40607869679f14fed70ba38b32ff3f.jpg,1,0,0,1,0.01
PET-2310_jpg.rf.3be7edd6793adb09efd73a04d5b5c61a.jpg,1,0,0,1,0.01
PET-2311_jpg.rf.f66a3bbb7092db0a637678819c3628e5.jpg,0,0,1,1,0.01
PET-2312_jpg.rf.291f3a0155c069217800ddb2333174d9.jpg,1,0,0,1,0.01
PET-2313_jpg.rf.e738bfabaa73c0b86a7acfc3ae834e08.jpg,1,0,0,1,0.01
PET-2314_jpg.rf.528849094bb85c5138e20dcc72e6829b.jpg,1,0,0,1,0.01
PET-2315_jpg.rf.9a7a43243f909263aa92a837f1198fd1.jpg,1,0,0,1,0.01
PET-2316_jpg.rf.46816022c398fe16a675781ce83c7b81.jpg,1,0,0,1,0.01
PET-2317_jpg.rf.b78f7487813b7ee5716c2417bd1d482d.jpg,1,0,0,1,0.01
PET-2318_jpg.rf.1524339d15ab8ba45c73de17685317e4.jpg,1,0,0,1,0.01
PET-2319_jpg.rf.aa1d8f18bff4d5866421e96558e32f6a.jpg,1,0,0,1,0.01
PET-231_jpg.rf.e7e797b5773fb11b683b024f710c53be.jpg,1,0,0,1,0.01
PET-2320_jpg.rf.9965fe58b4662ecaeb05eee5621333b8.jpg,1,0,0,1,0.01
PET-2321_jpg.rf.dbc993583c445bfb40d4a8e171bea5e8.jpg,1,0,0,1,0.01
PET-2322_jpg.rf.934fe87bd857bcfd6e47e8c9c461750e.jpg,0,0,1,1,0.01
PET-2323_jpg.rf.ffbecd9b0e3945004215827c3dc3724b.jpg,1,0,0,1,0.01
PET-2324_jpg.rf.c0aec9461dd3ae6fe83b1101ec3cdece.jpg,1,0,0,1,0.01
PET-2325_jpg.rf.2a13f328370605e77bbd838112055ab3.jpg,1,0,0,1,0.01
PET-2326_jpg.rf.803e0072e5621d00df3983c0e5dab874.jpg,1,0,0,1,0.01
PET-2327_jpg.rf.057975e163df3a548add2d03be9f0fc1.jpg,0,0,1,1,0.01
PET-2328_jpg.rf.5b02b30369331cf876c49968cf6c434b.jpg,0,0,1,1,0.01
PET-2329_jpg.rf.cb89fc057441bbf898416d4f456bbc0f.jpg,1,0,0,1,0.01
PET-232_jpg.rf.6ca16db4dc073ca63c736a5d60d6d82d.jpg,1,0,0,1,0.01
PET-2330_jpg.rf.65498ce9f895ef52e86e70e0f7f997d4.jpg,1,0,0,1,0.01
PET-2331_jpg.rf.f367b51bb97977e0e4114fad3c7b3eed.jpg,1,0,0,1,0.01
PET-2332_jpg.rf.17afe58bfc132896840000af95c6fb0e.jpg,1,0,0,1,0.01
PET-2333_jpg.rf.e95ceb6e14073b46e48373486333c5c3.jpg,1,0,0,1,0.01
PET-2334_jpg.rf.9db367c0db94a1a0ddec94d22db43d76.jpg,0,0,1,1,0.01
PET-2335_jpg.rf.ba4bb36159bf06e4dc882a15fd638106.jpg,1,0,0,1,0.01
PET-2336_jpg.rf.bb8797d299b46d6aa1183938b45ff8b8.jpg,1,0,0,1,0.01
PET-2337_jpg.rf.247561397013037df2a3a34b9a50a567.jpg,1,0,0,1,0.01
PET-2338_jpg.rf.31ccb56b8be2d3f6adef91fa32014a74.jpg,1,0,0,1,0.01
PET-2339_jpg.rf.c957d5208cfe4e5269493b8b1e60474f.jpg,1,0,0,1,0.01
PET-233_jpg.rf.055b541f017a5c5019866d24f019cef2.jpg,0,0,1,1,0.01
PET-2340_jpg.rf.247eaed67c9afc253a5d383924a6e6e9.jpg,1,0,0,1,0.01
PET-2341_jpg.rf.bc75cbf5bacb9319e89367db8a7c8168.jpg,0,1,0,1,0.01
PET-2342_jpg.rf.2410910d47c1cffee96df781235841a4.jpg,1,0,0,1,0.01
PET-2343_jpg.rf.3d2ef1b5842e965b0eb383e5eee01f28.jpg,1,0,0,1,0.01
PET-2344_jpg.rf.6f26b138ebd6e722fc4af041575ddb21.jpg,1,0,0,1,0.01
PET-2345_jpg.rf.0582f5d70cff62903f14154f46603f8f.jpg,0,0,1,1,0.01
PET-2346_jpg.rf.c064dd8f065ae17b784480c3f2cee38c.jpg,1,0,0,1,0.01
PET-2347_jpg.rf.9fa2849e43273d095b290b566e2099e9.jpg,1,0,0,1,0.01
PET-2348_jpg.rf.c7f2554d36738d50cb33b2d0b0e8ae64.jpg,1,0,0,1,0.01
PET-2349_jpg.rf.de48dd7524a84e1fc2b535c6556c1664.jpg,1,0,0,1,0.01
PET-234_jpg.rf.8292c01c17bf8860962820fe6ca85021.jpg,1,0,0,1,0.01
PET-2350_jpg.rf.60041ea7dcd3c7c494333d10146074d0.jpg,1,0,0,1,0.01
PET-2351_jpg.rf.785196ecaf51066ec80cbee14e63232c.jpg,1,0,0,1,0.01
PET-2352_jpg.rf.05d795f4037c8a1ca4c48337b0bcac1d.jpg,1,0,0,1,0.01
PET-2353_jpg.rf.5267b4a210bc0e97af160106866e88d7.jpg,1,0,0,1,0.01
PET-2354_jpg.rf.6ab81f0baa6481c2e2ba98cc7408fb63.jpg,0,0,1,1,0.01
PET-2355_jpg.rf.25b84a0cbd1bae1adf2d4d522e0b1dc1.jpg,1,0,0,1,0.01
PET-2356_jpg.rf.cb5dac3bb3b3f5eee792b45add9c31e4.jpg,0,1,0,1,0.01
PET-2357_jpg.rf.caed5d76b51d734cce5da5ee59f8d45d.jpg,1,0,0,1,0.01
PET-2358_jpg.rf.8b868be30d835ccc801b235064186544.jpg,1,0,0,1,0.01
PET-2359_jpg.rf.9cf80bc5fa5d5559db65006de90b82f3.jpg,0,1,0,1,0.01
PET-235_jpg.rf.59440183a2fe8d01177ec677f177a0af.jpg,0,0,1,1,0.01
PET-2360_jpg.rf.857f52e27bb48bec60e0fae0e8ace0f9.jpg,1,0,0,1,0.01
PET-2361_jpg.rf.c2c55acdc808ca835753ef200b863093.jpg,0,0,1,1,0.01
PET-2362_jpg.rf.bf6a53bff9d873c1c7eaab76ebe03038.jpg,1,0,0,1,0.01
PET-2363_jpg.rf.b332823004601322257884d2a377de33.jpg,0,1,0,1,0.01
PET-2364_jpg.rf.189e4e8b98d57a6fa2e090d50400a44f.jpg,1,0,0,1,0.01
PET-2365_jpg.rf.8ef08a76babc699956b52797b1f37398.jpg,1,0,0,1,0.01
PET-2366_jpg.rf.fe03c58ced20b2feea4c0c91c243d1b6.jpg,0,0,1,1,0.01
PET-2367_jpg.rf.c4e88cad2510c9e6f2fb89f4b57e7c20.jpg,1,0,0,1,0.01
PET-2368_jpg.rf.4aa82165c4a149a95d1f524a126ae645.jpg,1,0,0,1,0.01
PET-2369_jpg.rf.46b6e334145f49503755efd18b48af21.jpg,1,0,0,1,0.01
PET-236_jpg.rf.4ee636772104fd03979cf1bb9b2b9bc3.jpg,1,0,0,1,0.01
PET-2370_jpg.rf.a9a27466ef6a8460a4cbe979d541f03b.jpg,0,1,0,1,0.01
PET-2371_jpg.rf.cf68889a78be6f99f397df53a9bd6035.jpg,1,0,0,1,0.01
PET-2372_jpg.rf.4cf3acac58153bc37020efa77291c014.jpg,1,0,0,1,0.01
PET-2373_jpg.rf.cca9da8dfda1b6f2c13db49c17ee91ce.jpg,1,0,0,1,0.01
PET-2374_jpg.rf.adebb3cf1d665c4238ccac1b539a05ec.jpg,1,0,0,1,0.01
PET-2375_jpg.rf.39e9484d4ee47a5add9079121ce72598.jpg,1,0,0,1,0.01
PET-2376_jpg.rf.eb5b32ae634f9e6d67564525a9c5a9a3.jpg,0,0,1,1,0.01
PET-2377_jpg.rf.db762a0a5c21f366dee49418d6ba2dde.jpg,1,0,0,1,0.01
PET-2378_jpg.rf.b081e8e212f166eeadc9c0f0576fcab0.jpg,1,0,0,1,0.01
PET-2379_jpg.rf.9a2e1431ea4ae5ef69a68a812c82c19b.jpg,1,0,0,1,0.01
PET-237_jpg.rf.19fc7d6f2c650a4bf1a17f1ddec75718.jpg,1,0,0,1,0.01
PET-2380_jpg.rf.ce1ab443b74c43d49f7af80c682fee5d.jpg,0,0,1,1,0.01
PET-2381_jpg.rf.9ee080d558aae7d25175d19e080471ae.jpg,1,0,0,1,0.01
PET-2382_jpg.rf.05a5da1171377508c42f36e7ca708d21.jpg,1,0,0,1,0.01
PET-2383_jpg.rf.fecab47462ecdb394c94ff34d6b8e09c.jpg,0,0,1,1,0.01
PET-2384_jpg.rf.842c1665223d6eaf4491d7c0dd9c2a0c.jpg,1,0,0,1,0.01
PET-2385_jpg.rf.4b8adffd6fd8b37a5464d8cb731b6268.jpg,1,0,0,1,0.01
PET-2386_jpg.rf.965be80968d95b110a9037f1c87e8fa3.jpg,1,0,0,1,0.01
PET-2387_jpg.rf.3f8ce045bcbec073e4bac89496b24d0c.jpg,1,0,0,1,0.01
PET-2388_jpg.rf.037a5d451386d54d29ccb0c6dd8d5752.jpg,1,0,0,1,0.01
PET-2389_jpg.rf.d9bb19486a130efd5661839af3fbe944.jpg,0,0,1,1,0.01
PET-238_jpg.rf.095a222af1e79fd5dfb04017020900a5.jpg,1,0,0,1,0.01
PET-2390_jpg.rf.28162fcc377d061100c45ca29140dd08.jpg,1,0,0,1,0.01
PET-2391_jpg.rf.9fa17c499dda597be80ee38521c0faa7.jpg,0,1,0,1,0.01
PET-2392_jpg.rf.c9deed90423793a90cc7846670d95d7c.jpg,0,0,1,1,0.01
PET-2393_jpg.rf.24ba0f36d96b0f32018745c676538d9e.jpg,0,1,0,1,0.01
PET-2394_jpg.rf.a8c2c73f9eaafb7e9446a44dc3e843ee.jpg,1,0,0,1,0.01
PET-2395_jpg.rf.9ed6a1046a78cce4572e33b4a7c5964b.jpg,0,0,1,1,0.01
PET-2396_jpg.rf.f42ada824c8464436ebdf6d309a41d9a.jpg,1,0,0,1,0.01
PET-2397_jpg.rf.5b39ee00c89890c11081b1463d7f6cfa.jpg,1,0,0,1,0.01
PET-2398_jpg.rf.1468fb80877258ca5d434c2ad49c6dfa.jpg,1,0,0,1,0.01
PET-2399_jpg.rf.81f0d67461c699b23ca0a805f124dab5.jpg,1,0,0,1,0.01
PET-239_jpg.rf.55ccae9f8c7f17875f83c1e1ef0786de.jpg,1,0,0,1,0.01
PET-23_jpg.rf.b40abba1f565cb885e3ccc8ddb722b46.jpg,1,0,0,1,0.01
PET-2400_jpg.rf.d65184609e5e33bf3918d01dd939db17.jpg,1,0,0,1,0.01
PET-2401_jpg.rf.8c6695335af45ebc9979f6f2a9607ca6.jpg,1,0,0,1,0.01
PET-2402_jpg.rf.8492d9636bbfb815addcd01a5c58c717.jpg,0,0,1,1,0.01
PET-2403_jpg.rf.0d3ca106794a9e31b79f32e9628ba5d1.jpg,0,0,1,1,0.01
PET-2404_jpg.rf.9ca7bec8ab4634f489752febcd7c73c2.jpg,1,0,0,1,0.01
PET-2405_jpg.rf.2c5cf6673fa345dcfe22cdb98f63d8bf.jpg,1,0,0,1,0.01
PET-2406_jpg.rf.f533cc87e426cabd390339f792b1f4b5.jpg,0,0,1,1,0.01
PET-2407_jpg.rf.6f9607def34b6eb4d3d5efb51d86d2b6.jpg,1,0,0,1,0.01
PET-2408_jpg.rf.5e679dbe4f2374938add9bd5c2de0b91.jpg,1,0,0,1,0.01
PET-2409_jpg.rf.2677b9a4f3875949edbf310d13ea67c0.jpg,1,0,0,1,0.01
PET-240_jpg.rf.4687bd1f89988dc3d3e3e731618b8f6b.jpg,1,0,0,1,0.01
PET-2410_jpg.rf.29ac715c3b364c5cd9ba9dbbd48194dc.jpg,1,0,0,1,0.01
PET-2411_jpg.rf.5ed3a15050e0fcf1a8b9b97c756beb65.jpg,1,0,0,1,0.01
PET-2412_jpg.rf.d6f55e749c4d6e29304282e95c1b1658.jpg,0,0,1,1,0.01
PET-2413_jpg.rf.2fafa64845d1d58b944acba426ad8d16.jpg,1,0,0,1,0.01
PET-2414_jpg.rf.d1e4bb695c45467461851ffec8b01ecc.jpg,1,0,0,1,0.01
PET-2415_jpg.rf.496a5f87dacb5ba634dd4973c3da8de3.jpg,1,0,0,1,0.01
PET-2416_jpg.rf.9466b65cb534c4e94aadff2471f27f28.jpg,1,0,0,1,0.01
PET-2417_jpg.rf.4b9839d19ac5a8ca903ad61d500d2d77.jpg,1,0,0,1,0.01
PET-2418_jpg.rf.879cc41cd721dd4679cfc4bc88e03f69.jpg,0,0,1,1,0.01
PET-2419_jpg.rf.78edfe34eb06ea1fffb63a86312f3f96.jpg,0,0,1,1,0.01
PET-2420_jpg.rf.fc0d6df752cbe7ed00a114ea5697689a.jpg,1,0,0,1,0.01
PET-2421_jpg.rf.3a8a3fee470a5675c4c69fcc5268c7f2.jpg,1,0,0,1,0.01
PET-2422_jpg.rf.60f3e7bacc25af195046ec8ea5847d71.jpg,1,0,0,1,0.01
PET-2423_jpg.rf.36aacc0b488f7d9d33de3e8a4895bf32.jpg,1,0,0,1,0.01
PET-2424_jpg.rf.4e613b5145a7ca78c309aba842313e52.jpg,0,0,1,1,0.01
PET-2425_jpg.rf.287e23d54c1aa97e66e8db277fe5457b.jpg,1,0,0,1,0.01
PET-2426_jpg.rf.784b8bb53bd428b4975704915cadf5df.jpg,1,0,0,1,0.01
PET-2427_jpg.rf.ca20f44204ccb107bffb20937a189581.jpg,0,0,1,1,0.01
PET-2428_jpg.rf.f65184d67745ade0dbe793f3d9be6de8.jpg,1,0,0,1,0.01
PET-2429_jpg.rf.6142e64c8a1734cd31fc11e33551577b.jpg,1,0,0,1,0.01
PET-242_jpg.rf.4599a7626301177840d120787567374f.jpg,1,0,0,1,0.01
PET-2430_jpg.rf.11c93d84ac1080a23e5b6ca359a968ee.jpg,0,0,1,1,0.01
PET-2431_jpg.rf.40fd6170c42191dc7f6a6a5e82a1977a.jpg,0,1,0,1,0.01
PET-2432_jpg.rf.cba0ce97f3f7e62c142c57aa0589db8c.jpg,1,0,0,1,0.01
PET-2433_jpg.rf.2ea84ae62420dc0e2d48a60aa6bb2730.jpg,1,0,0,1,0.01
PET-2434_jpg.rf.a45db17a70a3c2305686f67ee11ee790.jpg,0,1,0,1,0.01
PET-2435_jpg.rf.71faafa30223976180e53b6783bc94f8.jpg,0,0,1,1,0.01
PET-2436_jpg.rf.be79e8c747222a5e6b71e194ee926b53.jpg,1,0,0,1,0.01
PET-2437_jpg.rf.220e785d5d76afbf91397459f05572a6.jpg,1,0,0,1,0.01
PET-2438_jpg.rf.ff10e8a102554616c5b36b2e02818415.jpg,1,0,0,1,0.01
PET-2439_jpg.rf.3bcef09d893162b3e44270bb924ffc4f.jpg,0,1,0,1,0.01
PET-243_jpg.rf.d85f7949e8875e1f742c7007713b6813.jpg,1,0,0,1,0.01
PET-2440_jpg.rf.a3295a0301dc4a1f4294476964d0d211.jpg,0,1,0,1,0.01
PET-2441_jpg.rf.d9571305d99844e974637a2459deb391.jpg,0,1,0,1,0.01
PET-2442_jpg.rf.a2dbea0888a981312fac3829d57deb83.jpg,0,1,0,1,0.01
PET-2443_jpg.rf.3e774cfe0134f11373ab4d0bceae4b94.jpg,1,0,0,1,0.01
PET-2444_jpg.rf.e26d97d2f0085a39c9e1b456634be86c.jpg,0,0,1,1,0.01
PET-2445_jpg.rf.98d2308679a10a28115ff91d0e7b6263.jpg,1,0,0,1,0.01
PET-2446_jpg.rf.1f4543148091106153a1d575a91dffc4.jpg,0,0,1,1,0.01
PET-244_jpg.rf.08f7ab450f35c94e62cfc361d1d33f23.jpg,0,0,1,1,0.01
PET-245_jpg.rf.65e9ad6ab3c06828aa2e5de6ed0644fa.jpg,1,0,0,1,0.01
PET-247_jpg.rf.0d5c6ae3b96381a8ce420feec38819b9.jpg,1,0,0,1,0.01
PET-248_jpg.rf.dd937c349a79bbd62507864f4840bf73.jpg,1,0,0,1,0.01
PET-249_jpg.rf.ab23ba5f80e7763ef6581e1559ded8a4.jpg,1,0,0,1,0.01
PET-24_jpg.rf.0eef8ac6706bc240cea273e8fa7efd0a.jpg,1,0,0,1,0.01
PET-250_jpg.rf.9cea4ab2d53780be96a943ba8fdf14ef.jpg,0,0,1,1,0.01
PET-251_jpg.rf.056c5f5af4a5a18ae253147f31298da3.jpg,1,0,0,1,0.01
PET-252_jpg.rf.ab28dae4da67f7f06e55ea6e3302ec5f.jpg,1,0,0,1,0.01
PET-253_jpg.rf.966dd64b6dfd66ca34d91cb04258c843.jpg,0,0,1,1,0.01
PET-255_jpg.rf.971870074654c09d64712cd3691c9a80.jpg,1,0,0,1,0.01
PET-256_jpg.rf.9e3823078e2cea9692dc0f39151d51c1.jpg,1,0,0,1,0.01
PET-257_jpg.rf.50e77db032ad8fd4f520daedce9e548c.jpg,1,0,0,1,0.01
PET-259_jpg.rf.dcccd5f5d9412ad43a3fcf416c430a29.jpg,1,0,0,1,0.01
PET-25_jpg.rf.7331ed96ecd42dc42e9f876efd3eeb57.jpg,1,0,0,1,0.01
PET-261_jpg.rf.09d8e1e639f4c2cd4953a9857efc669d.jpg,1,0,0,1,0.01
PET-262_jpg.rf.f94165ec21d3134278a563a709d35a61.jpg,1,0,0,1,0.01
PET-264_jpg.rf.2877c417af770994425d81bcd0098aed.jpg,0,0,1,1,0.01
PET-265_jpg.rf.45227861aebdfcf4fa8f6f76efd50e26.jpg,0,0,1,1,0.01
PET-268_jpg.rf.2efd266c4f0df642981e2570e51b7e82.jpg,1,0,0,1,0.01
PET-269_jpg.rf.d2b0902d342bbea93eb2009d2fab7ca3.jpg,1,0,0,1,0.01
PET-26_jpg.rf.8ae590ae8c3323071c0e1c16a9e2d691.jpg,1,0,0,1,0.01
PET-270_jpg.rf.52b12900f0db81b233992e7514444db4.jpg,1,0,0,1,0.01
PET-271_jpg.rf.85bdf2ace63cd5a0babe4ad39c0d685a.jpg,0,0,1,1,0.01
PET-272_jpg.rf.b1865a6ce9760a1dede6cca274a2ecc6.jpg,1,0,0,1,0.01
PET-273_jpg.rf.1972fd23b00ce2c1089c498247512234.jpg,0,0,1,1,0.01
PET-274_jpg.rf.cfda9432020a873479c02c3f9409b12b.jpg,0,0,1,1,0.01
PET-275_jpg.rf.6456056a40248ad45e354086323185d4.jpg,1,0,0,1,0.01
PET-276_jpg.rf.eae77b8a2f22059535a53e4f04310970.jpg,1,0,0,1,0.01
PET-277_jpg.rf.e019c7829358001b67a30907cec4da04.jpg,1,0,0,1,0.01
PET-278_jpg.rf.3ba8b5b2bff1e40e278660a875f7e496.jpg,1,0,0,1,0.01
PET-279_jpg.rf.399e326cd630832d77b65af95db34f6b.jpg,1,0,0,1,0.01
PET-27_jpg.rf.1b5fe9bdcd8e825173ce3e7e92376c44.jpg,0,1,0,1,0.01
PET-280_jpg.rf.553773343b12e3b0f63435633e23c4c0.jpg,1,0,0,1,0.01
PET-281_jpg.rf.cf9085a441e2a395555934cf6e0dae43.jpg,1,0,0,1,0.01
PET-282_jpg.rf.477f26ba9a71c5d494a2817793186fe8.jpg,1,0,0,1,0.01
PET-283_jpg.rf.b837d4a540a12543f548efc932aff5c5.jpg,0,0,1,1,0.01
PET-284_jpg.rf.baaeb742131f86832b2ef7b9ce84a4e5.jpg,1,0,0,1,0.01
PET-285_jpg.rf.9caeb9b08f0231c8ae6b424654ed9572.jpg,0,0,1,1,0.01
PET-286_jpg.rf.d4209ad58c90a1583d70fd151fb5fe09.jpg,1,0,0,1,0.01
PET-287_jpg.rf.dcdd32bf6e443dd0e284a96c1b49499e.jpg,1,0,0,1,0.01
PET-288_jpg.rf.9fa0bdb4f69239a60057fa2146241894.jpg,1,0,0,1,0.01
PET-289_jpg.rf.3283b92c3688f8079106f799a455e30c.jpg,0,1,0,1,0.01
PET-29-_jpg.rf.8ee09f01055f40a8acdcd5376f103858.jpg,1,0,0,1,0.01
PET-290_jpg.rf.929b1c42a248ba7a267cd06fb47527bc.jpg,0,0,1,1,0.01
PET-291_jpg.rf.01c8e0323f006ec1cc06cbae7fa7b93e.jpg,1,0,0,1,0.01
PET-292_jpg.rf.f24ab446ec179459877fff9766c2e0a7.jpg,1,0,0,1,0.01
PET-293_jpg.rf.56ce95cd7295223c8a1bcf460f9cb441.jpg,0,0,1,1,0.01
PET-294_jpg.rf.86ad336c2f8ba64f0d92a06debe85ae8.jpg,1,0,0,1,0.01
PET-295_jpg.rf.bd16351c28d5dd2fb5a6d70db1febe63.jpg,0,0,1,1,0.01
PET-296_jpg.rf.213b985e0888917f3771916ca079935a.jpg,0,1,0,1,0.01
PET-297_jpg.rf.3ea670301f82d547674735e9bcd09af8.jpg,1,0,0,1,0.01
PET-298_jpg.rf.075da6c0a8cb501a0ee619c4f8a39fb7.jpg,0,1,0,1,0.01
PET-299_jpg.rf.f60d7e04dc8dc78b296c1b8b45fa7e0b.jpg,0,0,1,1,0.01
PET-29_jpg.rf.37f62d262d35cc85c6f61cddabc20179.jpg,1,0,0,1,0.01
PET-2_jpg.rf.250fcf5e1766091c7941da0a1383d1dd.jpg,1,0,0,1,0.01
PET-2_jpg.rf.fe2127a12f59f70a9bec2055596de955.jpg,1,0,0,1,0.01
PET-300_jpg.rf.4f0f842cfd41acd1525c29a606bf5646.jpg,1,0,0,1,0.01
PET-301_jpg.rf.e6e8cee9a6f2147e0cb8156a775b81f2.jpg,0,1,0,1,0.01
PET-303_jpg.rf.66512de2e5dd280dcf472c18a77c78bb.jpg,1,0,0,1,0.01
PET-304_jpg.rf.a1f48c1fad7c3bff591a6628f4f0423c.jpg,1,0,0,1,0.01
PET-305_jpg.rf.5e50e470b864b10f481c44d7812d694f.jpg,0,1,0,1,0.01
PET-306_jpg.rf.743e24ff55ae93ed9fd7f3ddf781de10.jpg,0,1,0,1,0.01
PET-307_jpg.rf.4c9ee7f92148e9f3505341f193bb5124.jpg,1,0,0,1,0.01
PET-309_jpg.rf.3dc58e991eda22de633c5fd7cbb0a994.jpg,1,0,0,1,0.01
PET-30_jpg.rf.061ae2f7070f2ff073c94a4382298b36.jpg,1,0,0,1,0.01
PET-31-_jpg.rf.f6bfccb0b43d9e20d8800f05ddee34bd.jpg,1,0,0,1,0.01
PET-310_jpg.rf.8df0678fedc899313d4cf6d566ef1b9f.jpg,1,0,0,1,0.01
PET-311_jpg.rf.4c618410324f09e3dd97e897736d9e04.jpg,0,1,0,1,0.01
PET-312_jpg.rf.8cf7a1ac841ad4541afb12e92f1bb8e0.jpg,1,0,0,1,0.01
PET-313_jpg.rf.5d458076ca147eb35254bdf6b616a454.jpg,1,0,0,1,0.01
PET-314_jpg.rf.6e5e6a67146cc8be1bb13ca194242cf8.jpg,1,0,0,1,0.01
PET-315_jpg.rf.ad035495bc22dc08d951e0cd747d79b4.jpg,1,0,0,1,0.01
PET-317_jpg.rf.0af769d9eb1bd5c6367b828e43322d33.jpg,1,0,0,1,0.01
PET-318_jpg.rf.c6e522158d757b74f884d81f067e4e5b.jpg,0,0,1,1,0.01
PET-31_jpg.rf.6e941ffeb663bb8b1df3675964a61e27.jpg,1,0,0,1,0.01
PET-320_jpg.rf.0c4b26ffca6d681a0943753b54d11f97.jpg,0,0,1,1,0.01
PET-321_jpg.rf.554cca0965209f7ef98f71b2be422a77.jpg,1,0,0,1,0.01
PET-322_jpg.rf.5d916b80e3103d251f0c26bc3de3adf8.jpg,0,0,1,1,0.01
PET-323_jpg.rf.d017f187dffb5cd39d894f23e8ca66fa.jpg,0,1,0,1,0.01
PET-324_jpg.rf.b69536113c7c0eadb096154a1dac574d.jpg,1,0,0,1,0.01
PET-325_jpg.rf.1aad731791edeffa218d47d47ee5301e.jpg,0,1,0,1,0.01
PET-327_jpg.rf.2e602eead991b2cc4480815d6defdb5b.jpg,0,0,1,1,0.01
PET-328_jpg.rf.c2016de6e5d0ae38ac76d8870b338c65.jpg,1,0,0,1,0.01
PET-329_jpg.rf.4a1790feb4a27d463050564d18f8df6b.jpg,1,0,0,1,0.01
PET-32_jpg.rf.c06ea3cace2855b70a2817a664e07a32.jpg,1,0,0,1,0.01
PET-331_jpg.rf.3b2cff23ec76f5daff9e8f5f5da34b00.jpg,1,0,0,1,0.01
PET-332_jpg.rf.e92a0468d716049ee1846920157a1164.jpg,1,0,0,1,0.01
PET-333_jpg.rf.766f4829f1654444be226bab6b6170a5.jpg,1,0,0,1,0.01
PET-334_jpg.rf.2752b817a12d81207de00ca9f712d97e.jpg,0,1,0,1,0.01
PET-335_jpg.rf.15fbe329ad034d7020f5842df47bd270.jpg,1,0,0,1,0.01
PET-336_jpg.rf.bd4c4a637e5878b31b2e16715d223ed3.jpg,0,0,1,1,0.01
PET-337_jpg.rf.0a5ebde22ba5f311cb71a3f3bb925a8f.jpg,0,0,1,1,0.01
PET-338_jpg.rf.108bb48e0148edcaadd661bfb223c119.jpg,1,0,0,1,0.01
PET-339_jpg.rf.a9ba9b7c13c48d3af59365f4c7314730.jpg,1,0,0,1,0.01
PET-33_jpg.rf.3ced82bd565cc60b518d5426fe20c0b3.jpg,1,0,0,1,0.01
PET-340_jpg.rf.f5b53fcfef9a1a79b4fbb3cd2fdcd296.jpg,1,0,0,1,0.01
PET-341_jpg.rf.087dbcbcaaa209c8b62a44d1a6d01054.jpg,1,0,0,1,0.01
PET-342_jpg.rf.833db2ab8a0e38b814e39414e91566d9.jpg,1,0,0,1,0.01
PET-343_jpg.rf.18da60155b6dbc14425a971f5d5e75cb.jpg,1,0,0,1,0.01
PET-344_jpg.rf.642b938e27074c439675d53f6f8d4031.jpg,0,0,1,1,0.01
PET-345_jpg.rf.401a1453b9f703bc51951bf4df70d5ff.jpg,0,0,1,1,0.01
PET-346_jpg.rf.aec9b7c14bfed4596c87f134094c16c0.jpg,1,0,0,1,0.01
PET-347_jpg.rf.5d98c81ff0eb8084a61c79c8fb28f7db.jpg,1,0,0,1,0.01
PET-348_jpg.rf.f3ccf23491009e823e23ad6530418d6e.jpg,0,0,1,1,0.01
PET-349_jpg.rf.6857eccfb47a205476e23029dc6069d3.jpg,1,0,0,1,0.01
PET-34_jpg.rf.34db65fd1cfd364ee86dda8ae7f53df2.jpg,0,0,1,1,0.01
PET-350_jpg.rf.4e59c4d60c8f70d596503abb164ec1ee.jpg,1,0,0,1,0.01
PET-351_jpg.rf.4871e7edd46ef3448d3fd769f59ca5cd.jpg,0,0,1,1,0.01
PET-353_jpg.rf.0df76000554b34225ccf29ded67dbfd4.jpg,1,0,0,1,0.01
PET-355_jpg.rf.fe127eb2a23037aa2d086048e4b70b70.jpg,1,0,0,1,0.01
PET-357_jpg.rf.3e0c58c1a8f31e2897630412c19e3678.jpg,1,0,0,1,0.01
PET-359_jpg.rf.7ab098833b872ae21cb5ce9e5cf4ca1c.jpg,0,1,0,1,0.01
PET-35_jpg.rf.42a9db20acdf826fca4b112e07f50c34.jpg,1,0,0,1,0.01
PET-361_jpg.rf.7e9f72b7724ced0e97d780846470d43e.jpg,1,0,0,1,0.01
PET-363_jpg.rf.0337a6c133af97a9809c9ebda9858774.jpg,1,0,0,1,0.01
PET-365_jpg.rf.6e6496ac3fd970b154a45c0237438e27.jpg,1,0,0,1,0.01
PET-367_jpg.rf.1d07ebd0343c57ad292a4c930f16454a.jpg,0,1,0,1,0.01
PET-369_jpg.rf.23e3019edc5db81ccc8491bd6200e62a.jpg,1,0,0,1,0.01
PET-371_jpg.rf.9e9662b609537d0ad0c0aa16c09c3b14.jpg,1,0,0,1,0.01
PET-373_jpg.rf.4aff4c3c2d0c9534bce090f11f7dafca.jpg,0,0,1,1,0.01
PET-375_jpg.rf.efa09aab45de1df030d012417fb7c135.jpg,1,0,0,1,0.01
PET-377_jpg.rf.2ab9b51441c0a570108f1f5b0f5d1bb6.jpg,0,0,1,1,0.01
PET-379_jpg.rf.954bb947331422725305603845981d51.jpg,0,0,1,1,0.01
PET-37_jpg.rf.0c7a761ed0fb9cd0b442ee03ce87ff87.jpg,0,0,1,1,0.01
PET-381_jpg.rf.b36db7a0500ef865e02cad6b4965d4a2.jpg,1,0,0,1,0.01
PET-383_jpg.rf.5fb3c5c0f619439fd0a2c5c5c0d73475.jpg,1,0,0,1,0.01
PET-385_jpg.rf.42546b0f440d083cc2fab2bc3d93f939.jpg,0,0,1,1,0.01
PET-387_jpg.rf.7b4b987de9a807080d6dfc81fade6164.jpg,1,0,0,1,0.01
PET-389_jpg.rf.b28d5673a0eda8da20d0b42313c1a49b.jpg,1,0,0,1,0.01
PET-38_jpg.rf.22a812d479ac8bca1d9584bcfbdf93ff.jpg,1,0,0,1,0.01
PET-391_jpg.rf.ace7b1804fd7daf642fcccb73c81823a.jpg,1,0,0,1,0.01
PET-393_jpg.rf.698d9d8498e659b6c24b16266e2fcf62.jpg,1,0,0,1,0.01
PET-395_jpg.rf.7b366c6bb8e16ea75d3cdceb1eb673ec.jpg,1,0,0,1,0.01
PET-397_jpg.rf.a46adee57d9a01653f1385da53b90979.jpg,1,0,0,1,0.01
PET-399_jpg.rf.7760b8f259976494a9ae6b37b831eb13.jpg,1,0,0,1,0.01
PET-39_jpg.rf.5acd14cf57481b00457dd35523bc7f55.jpg,1,0,0,1,0.01
PET-3_jpg.rf.4d539f83d584f158b7710962379d6bcc.jpg,1,0,0,1,0.01
PET-401_jpg.rf.154ad55b32eca3977adac09777b74965.jpg,1,0,0,1,0.01
PET-403_jpg.rf.1517186d3ecf8d4f601e4c709fe113af.jpg,0,0,1,1,0.01
PET-405_jpg.rf.b5b0d8fe30a4a7da9efa0a3b21f650aa.jpg,1,0,0,1,0.01
PET-407_jpg.rf.4594eb1b9097ea045e77b9826d96154f.jpg,1,0,0,1,0.01
PET-409_jpg.rf.aa67fe2692f027ef78674b057c7deb82.jpg,1,0,0,1,0.01
PET-40_jpg.rf.763dfa2be5430d39b76d42053fde792b.jpg,1,0,0,1,0.01
PET-411_jpg.rf.eb25d59cec9a71281b4a0da8789aa0a5.jpg,0,1,0,1,0.01
PET-413_jpg.rf.360313c2dfc1b0148ffd77f04dbbb96d.jpg,1,0,0,1,0.01
PET-415_jpg.rf.de463388cbf42b5217f5d31f56c5318d.jpg,1,0,0,1,0.01
PET-417_jpg.rf.1f064cf2ebeef9e8e7b1a552ce983cec.jpg,0,0,1,1,0.01
PET-419_jpg.rf.f6331bf813a182889785427b1cb0f8b2.jpg,1,0,0,1,0.01
PET-41_jpg.rf.d1ae5bb41cb7ffad8ad09a4459ca6a42.jpg,1,0,0,1,0.01
PET-421_jpg.rf.7c3c8028c63b51689a77bc3ba95fd57c.jpg,0,1,0,1,0.01
PET-423_jpg.rf.f9382a6fa848ca2adb6479824594544b.jpg,1,0,0,1,0.01
PET-425_jpg.rf.9b67509f6331e414de0fac9c3f693e9e.jpg,1,0,0,1,0.01
PET-427_jpg.rf.a5bd3c16f872820be89c8be19b371a7d.jpg,1,0,0,1,0.01
PET-429_jpg.rf.32069b634d2947b5ef4d2fc3859e94bd.jpg,1,0,0,1,0.01
PET-42_jpg.rf.1f29c1c081a7fac458f121a4410e0bf5.jpg,0,0,1,1,0.01
PET-431_jpg.rf.de3c01115db73b7c0beae48ed335ded1.jpg,1,0,0,1,0.01
PET-433_jpg.rf.c875b19e442c5aa820eebae53b0b2f25.jpg,0,0,1,1,0.01
PET-435_jpg.rf.441a3bd1b3fef15745f7b367ee8ed312.jpg,1,0,0,1,0.01
PET-437_jpg.rf.8a90dcecaada16fa00a824f3ad4e7ba8.jpg,1,0,0,1,0.01
PET-438_jpg.rf.e43d30459ad16044f25629d396a52705.jpg,0,0,1,1,0.01
PET-439_jpg.rf.5270355ee2cd1ce664afb5cabf4a8572.jpg,1,0,0,1,0.01
PET-440_jpg.rf.b49e89230e1b95c03c0b924696371e9b.jpg,0,1,0,1,0.01
PET-441_jpg.rf.b8103ee7fc94e211ed8fca1490e633be.jpg,1,0,0,1,0.01
PET-442_jpg.rf.fd18ea3d7cbc808f8269f5aa6fa5591d.jpg,1,0,0,1,0.01
PET-443_jpg.rf.e634c242fe2034fc6e969fda15f83f9b.jpg,1,0,0,1,0.01
PET-444_jpg.rf.1c67337f67ab07432f7f57b4122c74ca.jpg,1,0,0,1,0.01
PET-445_jpg.rf.ded3b97a0b52f1f6422eef2ea5cae36b.jpg,0,0,1,1,0.01
PET-446_jpg.rf.2bd83181357e93e0aaed812af1ce529d.jpg,1,0,0,1,0.01
PET-447_jpg.rf.581554a1a436ce36bcd7f1bcfe5b56ce.jpg,0,0,1,1,0.01
PET-448_jpg.rf.a54a177a554f73b68cd3142d15d7b263.jpg,1,0,0,1,0.01
PET-449_jpg.rf.43780884ce5ace1cad0ecd0d4b6b8833.jpg,1,0,0,1,0.01
PET-44_jpg.rf.723812e33325af07e557efa0a3c67b7d.jpg,1,0,0,1,0.01
PET-450_jpg.rf.2818c585c49f669cdaec29ca374b9e02.jpg,0,1,0,1,0.01
PET-451_jpg.rf.7d555181a155c9c2c0f3eeb46142577d.jpg,1,0,0,1,0.01
PET-452_jpg.rf.ea0ca6bbb04d5fcc14831262a51bd6e4.jpg,0,0,1,1,0.01
PET-453_jpg.rf.40e7978d3b673500b4404200c6846580.jpg,1,0,0,1,0.01
PET-454_jpg.rf.48e395d02dfc0f83672d44a4f3bff8e7.jpg,1,0,0,1,0.01
PET-455_jpg.rf.318bd54aec799a74151d8f9a08995aff.jpg,1,0,0,1,0.01
PET-456_jpg.rf.45824251bb5bf7507cd5414392289c34.jpg,0,1,0,1,0.01
PET-457_jpg.rf.c40fd3ddff3b253ef298f3a8da37fbc1.jpg,1,0,0,1,0.01
PET-458_jpg.rf.60b07b79eb0a80d032cfdee492b6c561.jpg,1,0,0,1,0.01
PET-459_jpg.rf.a73e1457e8ddbc19e46b373f10962387.jpg,1,0,0,1,0.01
PET-45_jpg.rf.41daab7d1d2ff5d666c1ff451ebe65c0.jpg,0,0,1,1,0.01
PET-460_jpg.rf.68706b23cf0b2675edd0ee6329e276de.jpg,0,0,1,1,0.01
PET-461_jpg.rf.b1ff6fd3bc5cf19b16f49ae39552ff27.jpg,1,0,0,1,0.01
PET-462_jpg.rf.3d4de1c50df2ff9a30999f8c4b425514.jpg,1,0,0,1,0.01
PET-463_jpg.rf.716ab23221053c9ba84e00d30bc762d1.jpg,1,0,0,1,0.01
PET-464_jpg.rf.1ff16425bed0f079fd1f6d4e25e1262e.jpg,1,0,0,1,0.01
PET-465_jpg.rf.e45a0d17ec49e607def0e5262dc33c8a.jpg,0,0,1,1,0.01
PET-466_jpg.rf.c3d1c95613555d5381e1bb1fccb6efc4.jpg,1,0,0,1,0.01
PET-467_jpg.rf.dd59ea9362d227359165d7c8a240cb09.jpg,1,0,0,1,0.01
PET-468_jpg.rf.e311ce107dc36713cebe31e3fa1c063d.jpg,1,0,0,1,0.01
PET-469_jpg.rf.7470cbc2957a87731c08d3fdf60084ca.jpg,0,0,1,1,0.01
PET-46_jpg.rf.e6f1e839e0ca1d51efda1375d63a25bc.jpg,0,1,0,1,0.01
PET-470_jpg.rf.10ad67eccb34bb36c5c7265c64ad1f4a.jpg,1,0,0,1,0.01
PET-471_jpg.rf.76e538260878dedb16ad4da4009c1e80.jpg,0,0,1,1,0.01
PET-472_jpg.rf.89083789d906cdabf831ecc5c21a8065.jpg,1,0,0,1,0.01
PET-473_jpg.rf.dbe5ff41ec2983a7c2ce0eabf3d8c996.jpg,1,0,0,1,0.01
PET-474_jpg.rf.ff7a16fc41d0076694404c3efb11f30b.jpg,1,0,0,1,0.01
PET-475_jpg.rf.c7ad3027b4f7f136ccdf6dc3c0875b79.jpg,0,1,0,1,0.01
PET-476_jpg.rf.2f475895a296a4dfb7ac6604707e3a76.jpg,0,0,1,1,0.01
PET-477_jpg.rf.05ad90775cb35df8db85470c613fd086.jpg,1,0,0,1,0.01
PET-478_jpg.rf.6ee0e68590b61ef157ce6208d37ffc11.jpg,1,0,0,1,0.01
PET-479_jpg.rf.82c50b044859a0b429efb1d79162fe7e.jpg,1,0,0,1,0.01
PET-47_jpg.rf.aa7d92ddf2c3e8ca16ffd6395e48cc94.jpg,0,0,1,1,0.01
PET-480_jpg.rf.632bc60902f03835d5009f989a5313c2.jpg,1,0,0,1,0.01
PET-481_jpg.rf.1770e067aa0d2e16db5bd3793a20576b.jpg,1,0,0,1,0.01
PET-482_jpg.rf.78dd7bd7c0d4314b8133915dc19b614c.jpg,1,0,0,1,0.01
PET-483_jpg.rf.149c5be6087150362a7f8aaa86bb5cfa.jpg,0,0,1,1,0.01
PET-484_jpg.rf.89523671dd6794390fea9fe937e7bd84.jpg,0,1,0,1,0.01
PET-485_jpg.rf.18f92679642bae3906445c6b54ef04f3.jpg,1,0,0,1,0.01
PET-486_jpg.rf.af4cf45343fd21d0714f697ee702a9b5.jpg,1,0,0,1,0.01
PET-487_jpg.rf.aa898f8b6274c4f607e16702515fe6f3.jpg,1,0,0,1,0.01
PET-488_jpg.rf.6b2592e80f2d4dac1a9e717b32d54562.jpg,1,0,0,1,0.01
PET-489_jpg.rf.67c09589359bd8267bcce9860e7ba8bb.jpg,0,0,1,1,0.01
PET-48_jpg.rf.2d3e860fba19d788cfca65ade4e975f1.jpg,1,0,0,1,0.01
PET-490_jpg.rf.c54dab3571475ef86dccd6047e118453.jpg,1,0,0,1,0.01
PET-491_jpg.rf.5cef779d43311d3ef0d5e6691eab9013.jpg,1,0,0,1,0.01
PET-492_jpg.rf.9aa0ede32c05c5b5846ec167d76ed88e.jpg,1,0,0,1,0.01
PET-493_jpg.rf.7be68858a18f738b6b7f6e94e94908c1.jpg,1,0,0,1,0.01
PET-494_jpg.rf.5ed8dabba780f2a4000ac2bb335ec06a.jpg,1,0,0,1,0.01
PET-495_jpg.rf.08a60bd58b1c24dd762fb750b5a3d57a.jpg,1,0,0,1,0.01
PET-496_jpg.rf.fd6fe6ed34c1415a0528e04b82035803.jpg,1,0,0,1,0.01
PET-497_jpg.rf.1eb0c3ef242656c2b1a90aff5db5cbc3.jpg,1,0,0,1,0.01
PET-498_jpg.rf.ef3944f6f5d36effea7c057a06014cc2.jpg,1,0,0,1,0.01
PET-499_jpg.rf.771717f04c4d47c027ff0d08ea84a864.jpg,1,0,0,1,0.01
PET-49_jpg.rf.fdc48a50827fdc1efe8a2bc8e56bb48a.jpg,0,1,0,1,0.01
PET-4_jpg.rf.15aec9486b02e350014f6fad49247517.jpg,1,0,0,1,0.01
PET-4_jpg.rf.76ea2594a94251fdda4f43aba05f2343.jpg,1,0,0,1,0.01
PET-500_jpg.rf.4520462da4318b5d6e5d66ceca0e6c2b.jpg,1,0,0,1,0.01
PET-501_jpg.rf.016209cd94ddd1537782ac7e2bdd4f05.jpg,1,0,0,1,0.01
PET-502_jpg.rf.ae96d5ac024bec6305e58581681b6e24.jpg,1,0,0,1,0.01
PET-503_jpg.rf.78ab037ea8cdb52a5fd7061885eabfbd.jpg,1,0,0,1,0.01
PET-504_jpg.rf.98ee51304bc3c1ede3b53c17be862bd2.jpg,1,0,0,1,0.01
PET-505_jpg.rf.60c9e947c4984ecb8f78a9627ea84e03.jpg,1,0,0,1,0.01
PET-506_jpg.rf.0a27f53748f9d55b1ef99afc00155d98.jpg,0,0,1,1,0.01
PET-507_jpg.rf.9d792366045eb2187d1f170c596b9e92.jpg,1,0,0,1,0.01
PET-508_jpg.rf.b75b906c0ba5828aa1cdf1f567fbbcee.jpg,1,0,0,1,0.01
PET-509_jpg.rf.790c5d8f645ed0f5677cc03e76a1aa48.jpg,1,0,0,1,0.01
PET-50_jpg.rf.8119e37dce8bf433224161a694ecbbf8.jpg,1,0,0,1,0.01
PET-510_jpg.rf.b9da23f049ae0679880b68fc70d930fa.jpg,1,0,0,1,0.01
PET-511_jpg.rf.27adbf471277b946aa70a1529d77c554.jpg,1,0,0,1,0.01
PET-512_jpg.rf.85b421d5a1120d26c298912fa1344179.jpg,1,0,0,1,0.01
PET-513_jpg.rf.a53a6e915650062805778675fa85e5ea.jpg,1,0,0,1,0.01
PET-514_jpg.rf.4b16e323bfc93d97189c9849f55a90b1.jpg,0,1,0,1,0.01
PET-515_jpg.rf.199562a6cfd0deefff92036f3d29f8ac.jpg,1,0,0,1,0.01
PET-516_jpg.rf.53ddb1274204bb73570758539a13da14.jpg,1,0,0,1,0.01
PET-517_jpg.rf.b0f26f40bd204d8bb1b3a649d2204390.jpg,1,0,0,1,0.01
PET-518_jpg.rf.011595b2ba98e094eb4d252b8ac38ede.jpg,1,0,0,1,0.01
PET-519_jpg.rf.fd323286a8c4b6071cccd4b85e59594a.jpg,0,0,1,1,0.01
PET-51_jpg.rf.9e13b4288085301cc0901a4c6487152d.jpg,1,0,0,1,0.01
PET-520_jpg.rf.b56a49eec694d95555d261859c62777d.jpg,1,0,0,1,0.01
PET-521_jpg.rf.43450b275c2fd58ea51d476a442ebae2.jpg,1,0,0,1,0.01
PET-522_jpg.rf.e4b7a57fa6e3ef4f56dc9ffb3f28e1d5.jpg,1,0,0,1,0.01
PET-523_jpg.rf.6f60a6d093d00999fe7d9a990cfa8c1b.jpg,1,0,0,1,0.01
PET-524_jpg.rf.4401bb66166143c31386db916b4e6e00.jpg,1,0,0,1,0.01
PET-525_jpg.rf.b50dffe2e024746d78970ea4fb438b1f.jpg,1,0,0,1,0.01
PET-526_jpg.rf.f2790ced0c030f76a59fcbe1ae8ccb4a.jpg,0,1,0,1,0.01
PET-527_jpg.rf.6c601929730f46d8805071b3aef3c7f2.jpg,1,0,0,1,0.01
PET-528_jpg.rf.8e47940f215709dae2f36d5a581b03ec.jpg,1,0,0,1,0.01
PET-529_jpg.rf.3aa63fa36699cd660df582b515f2a0ad.jpg,1,0,0,1,0.01
PET-52_jpg.rf.f2a07fa3ee936356b087712b11f23eb3.jpg,1,0,0,1,0.01
PET-530_jpg.rf.abf9f34f1dbd581e5c8554518d3c860e.jpg,1,0,0,1,0.01
PET-531_jpg.rf.a481f601799b1ef469a298dc1e15290f.jpg,0,0,1,1,0.01
PET-532_jpg.rf.51c4d9b6a612bd161d02d4a1bdd3f0d7.jpg,1,0,0,1,0.01
PET-533_jpg.rf.121496b7c55476c34a0dd5e73f5c4e2e.jpg,1,0,0,1,0.01
PET-534_jpg.rf.8f8b099bb7af3a04379cac702a896896.jpg,0,0,1,1,0.01
PET-535_jpg.rf.3a367b0f952cd6aad8e65c829e748c05.jpg,1,0,0,1,0.01
PET-536_jpg.rf.80ed7d988135592e2d5d7ab20958edf5.jpg,1,0,0,1,0.01
PET-537_jpg.rf.70d143d44a0ea29803e8e050a6e6fc21.jpg,1,0,0,1,0.01
PET-538_jpg.rf.a7791b5b1288fabe47bc45307b0aa555.jpg,0,0,1,1,0.01
PET-539_jpg.rf.35bc3e4d0c1e9ca61e692e3d8a59a158.jpg,1,0,0,1,0.01
PET-53_jpg.rf.eea769558d3c6040006828fafb67486d.jpg,1,0,0,1,0.01
PET-540_jpg.rf.6e6d8a9ad6497c41a82db7f6f20e26bd.jpg,0,0,1,1,0.01
PET-541_jpg.rf.efdd0812ac241953bb5ee0ca4ee48bef.jpg,0,0,1,1,0.01
PET-542_jpg.rf.3001dd835698b5c5393d21932509c08c.jpg,1,0,0,1,0.01
PET-543_jpg.rf.6713248b1d38597c29b90b1a9d112a9a.jpg,0,0,1,1,0.01
PET-544_jpg.rf.d0994a8321b0660bd696c60ec4d028e9.jpg,1,0,0,1,0.01
PET-545_jpg.rf.ff8e2b2e69e19897b93af54cceeeb5c0.jpg,0,1,0,1,0.01
PET-546_jpg.rf.f741be774f7a47c36c98c5cef7ffa7bb.jpg,0,0,1,1,0.01
PET-547_jpg.rf.f2a27d291230125c3fb874839b17373a.jpg,1,0,0,1,0.01
PET-548_jpg.rf.d1c5ec1831c016444ddc14be7020df56.jpg,1,0,0,1,0.01
PET-549_jpg.rf.1d530644b4a836e31fc420bfc2aad483.jpg,1,0,0,1,0.01
PET-54_jpg.rf.5deeb81a5c42c106ae4df56d4ea9a703.jpg,0,0,1,1,0.01
PET-550_jpg.rf.80db3238e5f694fc1264e5aba89fd719.jpg,1,0,0,1,0.01
PET-551_jpg.rf.a90d1b0b014c6ea8018ed81c9040607d.jpg,1,0,0,1,0.01
PET-552_jpg.rf.e7efec7c7a9d802825bcce4769b50195.jpg,1,0,0,1,0.01
PET-553_jpg.rf.a7f281603b41e5f22a5b13db1dc4e886.jpg,1,0,0,1,0.01
PET-554_jpg.rf.36c50ba77b64a388eef37ad7100b25a9.jpg,0,0,1,1,0.01
PET-555_jpg.rf.bc9dd62dd25fd0015c832a3ccee6a8e9.jpg,0,0,1,1,0.01
PET-556_jpg.rf.d8a7915898494c9f580528265be4db24.jpg,0,0,1,1,0.01
PET-557_jpg.rf.3481a80c4ca05b7f611afeac80812797.jpg,1,0,0,1,0.01
PET-558_jpg.rf.1016249698cdb3966036b7019372100a.jpg,1,0,0,1,0.01
PET-559_jpg.rf.42248eb35ac012bf0eebe833633e4bdf.jpg,1,0,0,1,0.01
PET-55_jpg.rf.98faac2b46d6d3ca367625bfcd4f2312.jpg,1,0,0,1,0.01
PET-560_jpg.rf.fa5a2ff74d3d2640f095f3cdbe8958a3.jpg,1,0,0,1,0.01
PET-561_jpg.rf.cf540c2dbd1809a35a5d16e83b2cec29.jpg,1,0,0,1,0.01
PET-562_jpg.rf.aeaffd56dd9774e71666bf9716d0e8ad.jpg,1,0,0,1,0.01
PET-563_jpg.rf.1f75e1f4135752a24468a81188d14baf.jpg,0,1,0,1,0.01
PET-564_jpg.rf.84250a8db47d642d7440ba07dd26f451.jpg,1,0,0,1,0.01
PET-565_jpg.rf.217b7d519b2bcdbba2f508ff8781136e.jpg,1,0,0,1,0.01
PET-566_jpg.rf.a448ea8a1921807363de6fad3847f703.jpg,1,0,0,1,0.01
PET-567_jpg.rf.8b7130ba12482e6fc9e95b0a01bfa06c.jpg,1,0,0,1,0.01
PET-568_jpg.rf.92183136cd89bef719c5c5844c96d794.jpg,0,0,1,1,0.01
PET-569_jpg.rf.a182a6a24e65b71746ff213422841436.jpg,1,0,0,1,0.01
PET-56_jpg.rf.41224bacad7cb6d5c74e103c67592edb.jpg,1,0,0,1,0.01
PET-570_jpg.rf.3b68cd7dcb4030c4e56ec4e1f5c3a428.jpg,0,0,1,1,0.01
PET-571_jpg.rf.2f9b9e3fc7304c8d8ce1761de4d6b98f.jpg,1,0,0,1,0.01
PET-572_jpg.rf.6a5cfae8946cc951b777a70e2ae9b762.jpg,1,0,0,1,0.01
PET-573_jpg.rf.6a183c881bb4bd7c0363a3d7d4fa870d.jpg,1,0,0,1,0.01
PET-574_jpg.rf.c58c27668823d45a1b74a7595a934429.jpg,1,0,0,1,0.01
PET-576_jpg.rf.8c1b7ab28a2f096ba6bb8cb7f89cc8d3.jpg,1,0,0,1,0.01
PET-578_jpg.rf.cf443056bc72de3a31fa16ca715cc0b8.jpg,0,0,1,1,0.01
PET-57_jpg.rf.a5202e63d060eb89dae39743875d6b01.jpg,0,0,1,1,0.01
PET-580_jpg.rf.73e25bd504aa8679bbdaa9a36e6e82c7.jpg,1,0,0,1,0.01
PET-582_jpg.rf.4e8b82553370f70f31d907b818baa178.jpg,1,0,0,1,0.01
PET-584_jpg.rf.7e8a601297b162273b2836b05dbb91c1.jpg,1,0,0,1,0.01
PET-586_jpg.rf.39c22ba7fddc0701d10f6f3af2db17d6.jpg,1,0,0,1,0.01
PET-588_jpg.rf.80812c1e0395c4d5e0a152bdcab6e072.jpg,1,0,0,1,0.01
PET-58_jpg.rf.097aef8df2693ba6b7b6d19d4a825bbc.jpg,1,0,0,1,0.01
PET-590_jpg.rf.6b7144ad37ad61427cf4caa0165e3f60.jpg,1,0,0,1,0.01
PET-592_jpg.rf.44326a76af779e93507b4b3497a4e5d3.jpg,1,0,0,1,0.01
PET-594_jpg.rf.4ecbd86cc906ccf6362ee9c951d3014a.jpg,1,0,0,1,0.01
PET-595_jpg.rf.3b8d8984e644fda0f35a7046d2c3eafd.jpg,1,0,0,1,0.01
PET-596_jpg.rf.d8064117ccc52adc5b1d80de5e8f5a11.jpg,1,0,0,1,0.01
PET-597_jpg.rf.8e626ebb30598d026052b8f9dce7c35c.jpg,1,0,0,1,0.01
PET-598_jpg.rf.646951fe56190d7644336d8b68d6c812.jpg,1,0,0,1,0.01
PET-599_jpg.rf.ba7841da300e6c715d1a299aa97969f0.jpg,0,0,1,1,0.01
PET-59_jpg.rf.2ca6490f619a51a5d876db7e1f2366a5.jpg,1,0,0,1,0.01
PET-5_jpg.rf.447d3ef1ac9c3024d91a52c9d5df4980.jpg,0,0,1,1,0.01
PET-5_jpg.rf.b70c1c1d205b5c54fb1b21c1942f2cb1.jpg,1,0,0,1,0.01
PET-600_jpg.rf.f4f84d9ca7d8706b6d8a3704852563e3.jpg,0,0,1,1,0.01
PET-601_jpg.rf.dfc33e60afbe395dae5703326ca62060.jpg,1,0,0,1,0.01
PET-602_jpg.rf.b4e7da4d5cd372d1de2bbd4b3373136d.jpg,1,0,0,1,0.01
PET-603_jpg.rf.710f6d95df0e1b7635b63e4c36ec37e5.jpg,1,0,0,1,0.01
PET-604_jpg.rf.b35cbc53a2d56f55e5a855349532c499.jpg,1,0,0,1,0.01
PET-605_jpg.rf.22681bfaf6249e1ded00e4c063fb4561.jpg,0,0,1,1,0.01
PET-606_jpg.rf.000e08a583743a887f0ef00a880bba84.jpg,1,0,0,1,0.01
PET-607_jpg.rf.e5eed707a8eaf155d95d2ff65261065b.jpg,1,0,0,1,0.01
PET-608_jpg.rf.0e479a06ac720a606fb4ce9f181b0787.jpg,1,0,0,1,0.01
PET-609_jpg.rf.ceec7c9c1231a7173bfbc0783d6d623f.jpg,1,0,0,1,0.01
PET-60_jpg.rf.7124be54560b61d00b6eba9d93264ff4.jpg,1,0,0,1,0.01
PET-610_jpg.rf.ef20bbdcb323dc78a2d5a9a484c2e033.jpg,1,0,0,1,0.01
PET-611_jpg.rf.07e1d5fbe6a546afa60c8a4ac4b630b3.jpg,1,0,0,1,0.01
PET-612_jpg.rf.43e92c280fa16f2a4e9b87f5339079c3.jpg,0,0,1,1,0.01
PET-613_jpg.rf.11776b6a3008f053af39ffa9ecf618a1.jpg,1,0,0,1,0.01
PET-614_jpg.rf.5a5805a08843b5a4fcd5eea9feeb4f65.jpg,1,0,0,1,0.01
PET-615_jpg.rf.906045837df7530a08a2d0fb3e27c2b2.jpg,0,0,1,1,0.01
PET-616_jpg.rf.2f4ec0c76e17209a146a98537554f79f.jpg,1,0,0,1,0.01
PET-617_jpg.rf.cf013e4c3bb6b3a815779924f8ac2046.jpg,1,0,0,1,0.01
PET-618_jpg.rf.b0f426bad9f6f29e6369c2f59d302b49.jpg,1,0,0,1,0.01
PET-619_jpg.rf.946a057b0140ad23cefd4ec89a78a837.jpg,0,0,1,1,0.01
PET-61_jpg.rf.8c3725309b1d930a8a1616317b45a48a.jpg,0,0,1,1,0.01
PET-620_jpg.rf.21df7cde17fde53b1d66cf09f874e141.jpg,1,0,0,1,0.01
PET-621_jpg.rf.deb232958475430d2b3bdd1a99a62af8.jpg,1,0,0,1,0.01
PET-622_jpg.rf.702e70036359a92e2ebe364b8fca628d.jpg,0,0,1,1,0.01
PET-623_jpg.rf.e274e2238eccd7ddcbc77add7646e494.jpg,1,0,0,1,0.01
PET-624_jpg.rf.eba15fca936d03701cabb9dfb02812ff.jpg,1,0,0,1,0.01
PET-625_jpg.rf.4c14135252073ff552c1431193470b44.jpg,0,1,0,1,0.01
PET-626_jpg.rf.281faed401e576bf5e9bdca1d73ddffa.jpg,0,0,1,1,0.01
PET-628_jpg.rf.edd1761286520162548c64f5b0a73107.jpg,1,0,0,1,0.01
PET-62_jpg.rf.73261e4c99717121f346981ded58eb47.jpg,0,0,1,1,0.01
PET-630_jpg.rf.39ab1f811acf0bf47882b02c0ed287be.jpg,1,0,0,1,0.01
PET-632_jpg.rf.6515e0b55f511bcd8b65049a95a53841.jpg,1,0,0,1,0.01
PET-634_jpg.rf.49732f86ccef68f517822e3933c2a699.jpg,0,1,0,1,0.01
PET-636_jpg.rf.8675f98ac717ff19488667394330c624.jpg,0,0,1,1,0.01
PET-638_jpg.rf.94630b3739b5bc2ca0c4fe095d8addda.jpg,1,0,0,1,0.01
PET-63_jpg.rf.c26bb43548b994287b77d2be83cf3c87.jpg,1,0,0,1,0.01
PET-640_jpg.rf.a79efd258ce99f8688aec2fb47679b38.jpg,0,1,0,1,0.01
PET-642_jpg.rf.42b12dfcfb95c169968f8c4981bcf1da.jpg,1,0,0,1,0.01
PET-644_jpg.rf.1c19a58f7dd7b4a2c1a0a4a8c5a9339c.jpg,0,1,0,1,0.01
PET-646_jpg.rf.78b45af72ca0f947ac9fd54bf74efaa3.jpg,1,0,0,1,0.01
PET-648_jpg.rf.eb8b1a2edfd00dbc861a0d67517c4a7a.jpg,0,0,1,1,0.01
PET-650_jpg.rf.ad22381d5d19e9142798ec8abda1136b.jpg,1,0,0,1,0.01
PET-653_jpg.rf.91a9acf725ab4f9d658f84bb3b677daf.jpg,0,0,1,1,0.01
PET-655_jpg.rf.88ae2bcf96e8347279e6734137e6f97e.jpg,0,0,1,1,0.01
PET-659_jpg.rf.2e94c5687959a73a401f182afdd7f924.jpg,1,0,0,1,0.01
PET-65_jpg.rf.2c0350a3401bd25ae83af4449b4e1c51.jpg,1,0,0,1,0.01
PET-661_jpg.rf.c6818d5eaba72df04043ec8ec5c24d7b.jpg,1,0,0,1,0.01
PET-663_jpg.rf.8bbe5d59bea9be2485c52050bcbae751.jpg,1,0,0,1,0.01
PET-665_jpg.rf.7728bc170f33d2c788136d6e8171fec6.jpg,1,0,0,1,0.01
PET-667_jpg.rf.500f8dbcbd11c1b86fdb1040ea635e53.jpg,1,0,0,1,0.01
PET-669_jpg.rf.342ac511482f1673cb6a14a922fc4306.jpg,1,0,0,1,0.01
PET-66_jpg.rf.1d6da123f86acfb978301d9858185c73.jpg,1,0,0,1,0.01
PET-67-_jpg.rf.40587b46d7b9861c3578fc71bced6a67.jpg,0,1,0,1,0.01
PET-671_jpg.rf.33e6f30c26effd8593692f737a847f38.jpg,0,1,0,1,0.01
PET-673_jpg.rf.915431905cca2ae010a8eeb6f1fd8fc3.jpg,0,0,1,1,0.01
PET-675_jpg.rf.089fd54c70b5065f7879ef8647ffa1c3.jpg,1,0,0,1,0.01
PET-677_jpg.rf.f0a9cedadc8c23eec8753a6d202c4293.jpg,0,1,0,1,0.01
PET-679_jpg.rf.ce45dcdfc1f6d038a5ba81151d5cf9e6.jpg,1,0,0,1,0.01
PET-67_jpg.rf.4342178721925493171c8d3ac79c15cd.jpg,1,0,0,1,0.01
PET-68-_jpg.rf.3b136be333a39181dbb0a1bd806d7815.jpg,1,0,0,1,0.01
PET-681_jpg.rf.9c190f489b9198418673e9b64466263b.jpg,0,1,0,1,0.01
PET-683_jpg.rf.6d93b16b7892001c29a2d95bbc0d9f70.jpg,1,0,0,1,0.01
PET-685_jpg.rf.a41e7007ffa07ff62df17eca44ba81be.jpg,1,0,0,1,0.01
PET-687_jpg.rf.a2aeaf8be95490ef2b12eea173e67a2c.jpg,0,0,1,1,0.01
PET-689_jpg.rf.214167ae5f7dd25ccdc20ff5234e1eea.jpg,1,0,0,1,0.01
PET-68_jpg.rf.3cbbd8ec9bd7130c79abbbf5f46a2809.jpg,1,0,0,1,0.01
PET-69-_jpg.rf.6ce5e526b94ed90363d311ff8fa34c9c.jpg,0,0,1,1,0.01
PET-691_jpg.rf.04c02c3caa51a8d3363ad39530738ed9.jpg,1,0,0,1,0.01
PET-693_jpg.rf.f1cbf444b5a6351caca1888910578c42.jpg,0,1,0,1,0.01
PET-695_jpg.rf.87383cf59afa1d63f43e51bef9942f60.jpg,1,0,0,1,0.01
PET-696_jpg.rf.b0af54e4d9557daf773da5a328b99e30.jpg,1,0,0,1,0.01
PET-698_jpg.rf.ec494ac4974a5e716b155595994c3c5d.jpg,1,0,0,1,0.01
PET-69_jpg.rf.272d0ccc185058358d62ccf5f2d1db98.jpg,0,1,0,1,0.01
PET-6_jpg.rf.a38a9bde07de5b7871da8181f1f9f8b1.jpg,1,0,0,1,0.01
PET-6_jpg.rf.e6c6b32578e593074ba061fcee0419a7.jpg,1,0,0,1,0.01
PET-70-_jpg.rf.51b46dc6ca84b556985685906ec4d78e.jpg,1,0,0,1,0.01
PET-700_jpg.rf.4d2e4a8a7f0f736362fdb82e89bae699.jpg,0,1,0,1,0.01
PET-702_jpg.rf.a3d70ba25ea217f1c2c89ebd46dc0782.jpg,1,0,0,1,0.01
PET-704_jpg.rf.dfc5c1f54d3d9310201ae88bab3b3885.jpg,1,0,0,1,0.01
PET-706_jpg.rf.683fb047109ce4d13171ca698113273e.jpg,1,0,0,1,0.01
PET-708_jpg.rf.bbd24de91776886607980470f877d02e.jpg,1,0,0,1,0.01
PET-70_jpg.rf.d616ac8079edcfed32c51c9d09151d7d.jpg,1,0,0,1,0.01
PET-710_jpg.rf.2e9b66f7a7e5f8a0168a04f7f7550b6a.jpg,1,0,0,1,0.01
PET-712_jpg.rf.3eae194aa5324f48f21b4f8d236b3723.jpg,1,0,0,1,0.01
PET-714_jpg.rf.9fe3d10a2dcd2cebb301ca9425d125f4.jpg,1,0,0,1,0.01
PET-716_jpg.rf.ef15e8ffec08042c473ca49ce504a97b.jpg,1,0,0,1,0.01
PET-718_jpg.rf.fdf6fa5493a68b2e0676807593facb53.jpg,1,0,0,1,0.01
PET-71_jpg.rf.c89e00999106bec8a34e3a701d2ee06e.jpg,1,0,0,1,0.01
PET-72-_jpg.rf.d8362f82fc9a6edc34a45652b1b2bc56.jpg,1,0,0,1,0.01
PET-720_jpg.rf.612ea1bf3fc325e321055fd3d27952de.jpg,0,1,0,1,0.01
PET-722_jpg.rf.e95096fbd37b250d34c16b1db9811cd5.jpg,1,0,0,1,0.01
PET-724_jpg.rf.db2f91eb0f872b08e2966ed9b90639d0.jpg,1,0,0,1,0.01
PET-726_jpg.rf.91809a58ebce28262a192588f3d4ecd8.jpg,1,0,0,1,0.01
PET-728_jpg.rf.5a7cf3189ee5b0189b0c8112e1d8126c.jpg,0,0,1,1,0.01
PET-72_jpg.rf.6fb391c01775cd5c9843a86832dac12f.jpg,1,0,0,1,0.01
PET-730_jpg.rf.5358338f2cca502bab6aba385013dfa3.jpg,1,0,0,1,0.01
PET-732_jpg.rf.e4a8c3f3007c802bec3b6dcc3c3dda15.jpg,1,0,0,1,0.01
PET-734_jpg.rf.788bb54b4c0cb82c337ee006b2db3fee.jpg,1,0,0,1,0.01
PET-736_jpg.rf.017df0008f0d792a795657d723295f05.jpg,0,0,1,1,0.01
PET-738_jpg.rf.3dd0cd8d0f0bf3c08ca6f2f60bd186d5.jpg,1,0,0,1,0.01
PET-73_jpg.rf.3fa0360074f2bd19858b4346f50a0ce4.jpg,1,0,0,1,0.01
PET-74-_jpg.rf.4bc178297cca1c3a9088236c9963d9f4.jpg,1,0,0,1,0.01
PET-740_jpg.rf.33928ce107c82f1bb188d66938faf21e.jpg,0,1,0,1,0.01
PET-742_jpg.rf.75821aa4f57a3d1e3eb964d3c01a4a0c.jpg,1,0,0,1,0.01
PET-744_jpg.rf.37db8a3a341c8a6fa9b5128a152e01c4.jpg,1,0,0,1,0.01
PET-746_jpg.rf.9a8b04596a3a0d46fc72c1d576f22789.jpg,1,0,0,1,0.01
PET-748_jpg.rf.c9103ac3eb9e4402fa7e072bc6afff0d.jpg,0,1,0,1,0.01
PET-74_jpg.rf.dca6c1b523dcd86faf3d08d96a08ddb7.jpg,0,1,0,1,0.01
PET-75-_jpg.rf.9cd19ac58d4b0f83cd205f28f72dc6e4.jpg,1,0,0,1,0.01
PET-750_jpg.rf.393cf6227418bc354b0c5d84ca434bee.jpg,1,0,0,1,0.01
PET-752_jpg.rf.bac3623360c893ae25e0fa5a0ee8ad29.jpg,1,0,0,1,0.01
PET-754_jpg.rf.b0b518a40481d6daa79c65a1c54bb1fb.jpg,1,0,0,1,0.01
PET-756_jpg.rf.53bebea669cc226385e8173df4a1f9cf.jpg,1,0,0,1,0.01
PET-758_jpg.rf.70bebed2685f0dd62d4e0ec6ee34cb84.jpg,1,0,0,1,0.01
PET-75_jpg.rf.9045a9478929635c964ac316ec454141.jpg,1,0,0,1,0.01
PET-76-_jpg.rf.44774007d81215fd236e1a7195da59d5.jpg,1,0,0,1,0.01
PET-760_jpg.rf.48902cbc34b87cd374ed4ca177378199.jpg,1,0,0,1,0.01
PET-762_jpg.rf.4fa22004f8832754ce3c1b89b36e5949.jpg,1,0,0,1,0.01
PET-764_jpg.rf.f572efddbd34d36bfea15cb99b9240fc.jpg,0,1,0,1,0.01
PET-766_jpg.rf.fcc5d35d3bbc9164d3aa6e5a64265a8e.jpg,1,0,0,1,0.01
PET-768_jpg.rf.5c7e9a25c14879943533afb13d8317ee.jpg,0,0,1,1,0.01
PET-76_jpg.rf.1070ed8c6ec0904167765d4cbb590c4d.jpg,1,0,0,1,0.01
PET-77-_jpg.rf.42e9c891a7296fca65b847ad4b59adc9.jpg,0,0,1,1,0.01
PET-770_jpg.rf.8a724bc3a95ddbf0b4da8474487fd19e.jpg,0,0,1,1,0.01
PET-772_jpg.rf.d73db011b151c7c02bcd4acf6e8cf917.jpg,0,0,1,1,0.01
PET-774_jpg.rf.9202ad9a56b29ded2abb0c963ee899e4.jpg,1,0,0,1,0.01
PET-776_jpg.rf.5965a770251ee1a0bf47e64867c96087.jpg,1,0,0,1,0.01
PET-778_jpg.rf.4f0df4304b907d542540632b05d88c90.jpg,1,0,0,1,0.01
PET-77_jpg.rf.6f8632a649f7f09a67c73933e0535428.jpg,0,1,0,1,0.01
PET-78-_jpg.rf.e82d089c43e08f34d07fd5c6e6c292f3.jpg,1,0,0,1,0.01
PET-780_jpg.rf.9cf8d03675b6c0991f4534bfa64e868e.jpg,1,0,0,1,0.01
PET-782_jpg.rf.e5543efa95e9d5ad39ebb8c45faee559.jpg,1,0,0,1,0.01
PET-784_jpg.rf.5ae78f8fa88c5993f99281a6bd1edae9.jpg,0,1,0,1,0.01
PET-786_jpg.rf.c9e4718017b055f2680e9088f552a7e0.jpg,1,0,0,1,0.01
PET-788_jpg.rf.685906eca7bfed0bb6fddee4b4e4aca8.jpg,1,0,0,1,0.01
PET-78_jpg.rf.dcaff65f89e7ddb68568d5c5a780c1b9.jpg,0,1,0,1,0.01
PET-79-_jpg.rf.e0b41349468619efcd2d5fbe7da3afaa.jpg,1,0,0,1,0.01
PET-790_jpg.rf.2e9e4fa2df2d0ced41fca992d2013aa9.jpg,1,0,0,1,0.01
PET-792_jpg.rf.94e99c7ad04d9ccd893587922b32554e.jpg,1,0,0,1,0.01
PET-794_jpg.rf.45149bd861d5084f379aaa6f7631998a.jpg,1,0,0,1,0.01
PET-796_jpg.rf.ba84489a5a36aebb7a787c32d411d128.jpg,1,0,0,1,0.01
PET-798_jpg.rf.c4bd5a39a2b84900770f25e79e080ea8.jpg,1,0,0,1,0.01
PET-79_jpg.rf.7b63d3734fb16a1fd8a00438a962c427.jpg,1,0,0,1,0.01
PET-7_jpg.rf.2587a5513cd9357075832b4010a1c724.jpg,1,0,0,1,0.01
PET-7_jpg.rf.60371bde5f557f2aff1b5d1a2758f6d0.jpg,1,0,0,1,0.01
PET-80-_jpg.rf.fd981b1f6132057bd0f97787a7c3e71a.jpg,1,0,0,1,0.01
PET-800_jpg.rf.45106ce499fd67f7db6edb0293f54c4e.jpg,1,0,0,1,0.01
PET-802_jpg.rf.ff319a4478f2f890b7d60f666b6d401c.jpg,1,0,0,1,0.01
PET-804_jpg.rf.c07067239b1f7d8fd65f74cdd6fc1611.jpg,1,0,0,1,0.01
PET-806_jpg.rf.177e19b29b14bc2a16db45397bf28b54.jpg,1,0,0,1,0.01
PET-808_jpg.rf.cebe9472db5b6572c5d3ba28f5ffa587.jpg,1,0,0,1,0.01
PET-80_jpg.rf.12cbb742a8c4101b8bf9941ab55a84bf.jpg,1,0,0,1,0.01
PET-81-_jpg.rf.a34461ba3b72f9dde6b425fd1afe3efb.jpg,1,0,0,1,0.01
PET-810_jpg.rf.7a3627d4f0188b8eee4ffd7a9d8482ef.jpg,1,0,0,1,0.01
PET-812_jpg.rf.b4f3b852e9042cf192c081c4abf645c6.jpg,1,0,0,1,0.01
PET-814_jpg.rf.89c6735896b02211f11c24382fe1e8b5.jpg,1,0,0,1,0.01
PET-816_jpg.rf.5b708bf92fa2ae834e486f7cca938f41.jpg,0,0,1,1,0.01
PET-818_jpg.rf.da40b1e602109986c9b6b0229f5f86b1.jpg,1,0,0,1,0.01
PET-81_jpg.rf.5ac3a8d274134e8ead2c1ff80318278a.jpg,1,0,0,1,0.01
PET-820_jpg.rf.59f60e431781dc48aeb17fcc98c23ea1.jpg,1,0,0,1,0.01
PET-822_jpg.rf.0c2cade1b017212aa7aee6319cce2368.jpg,1,0,0,1,0.01
PET-824_jpg.rf.89db9d461aad5ce5254917951d75ca1a.jpg,1,0,0,1,0.01
PET-826_jpg.rf.9f1ed3b83ff5f3a8ef6f419759b56247.jpg,1,0,0,1,0.01
PET-828_jpg.rf.9761ac529c61dbaf88ca130a3c8febc4.jpg,1,0,0,1,0.01
PET-82_jpg.rf.5c8fa8dc3ed4de0989a2f8aa7cb5af69.jpg,1,0,0,1,0.01
PET-83-_jpg.rf.3cf654e08f932df85f9913764be43469.jpg,1,0,0,1,0.01
PET-830_jpg.rf.148a541d994a3bac89b685f25645bbf1.jpg,1,0,0,1,0.01
PET-832_jpg.rf.5abcee44a9fc8c905eff32807bce456b.jpg,1,0,0,1,0.01
PET-834_jpg.rf.e6d79575c99f619c27bf9e42d4218a0f.jpg,1,0,0,1,0.01
PET-836_jpg.rf.da13c94010b9dbcab3cbf8233cc6c909.jpg,1,0,0,1,0.01
PET-838_jpg.rf.5c42a2d53059a97f3314735a52dea4fd.jpg,1,0,0,1,0.01
PET-84-_jpg.rf.24c75f77072c0562fc0a9673d870d502.jpg,1,0,0,1,0.01
PET-840_jpg.rf.a0fb51b35c255004911a29a058e7fb8a.jpg,0,1,0,1,0.01
PET-842_jpg.rf.0fcd6b74f2b5633f617d27fd0b09b8d2.jpg,0,0,1,1,0.01
PET-844_jpg.rf.ba010c11b144e607614ea11c7d108333.jpg,1,0,0,1,0.01
PET-846_jpg.rf.54feb7595a11d36fb44016e9cfd89a9d.jpg,1,0,0,1,0.01
PET-848_jpg.rf.4b6190924c505c8fd9daa4bdbdac2575.jpg,0,0,1,1,0.01
PET-84_jpg.rf.3b98d3116bf07ecc351381a9c0e7708b.jpg,1,0,0,1,0.01
PET-85-_jpg.rf.9bde69929e338eae8e651930aec0511a.jpg,0,1,0,1,0.01
PET-850_jpg.rf.d22c41809ad14d127e55515c91b05969.jpg,0,0,1,1,0.01
PET-852_jpg.rf.7e5cbb49609ed5dbe8a1eb76979d090a.jpg,1,0,0,1,0.01
PET-854_jpg.rf.e76bdf3a72130f7f5dc0236d656f5383.jpg,1,0,0,1,0.01
PET-856_jpg.rf.d44b22b5b2253241934b821937c075a6.jpg,1,0,0,1,0.01
PET-858_jpg.rf.f9b1226b72381c6379a0304d8d1afa30.jpg,1,0,0,1,0.01
PET-86-_jpg.rf.42a1efad157d4f330be088b61e9fd5d4.jpg,1,0,0,1,0.01
PET-860_jpg.rf.185f920e6b0b995242968cbae169a46a.jpg,1,0,0,1,0.01
PET-862_jpg.rf.7d509698557f85320dd2cad6669fcfb8.jpg,1,0,0,1,0.01
PET-863_jpg.rf.c1559e037c5e98dcc87070f79b42354e.jpg,0,0,1,1,0.01
PET-864_jpg.rf.7216f7e9f167c0b04961639c78ad3d0c.jpg,1,0,0,1,0.01
PET-865_jpg.rf.5e598d88de085ec7790978cb623f423d.jpg,1,0,0,1,0.01
PET-866_jpg.rf.04fde498fb06f24bdeea4c5141d5bb64.jpg,1,0,0,1,0.01
PET-867_jpg.rf.6f719381ac75b2768bee5b8fc9394668.jpg,1,0,0,1,0.01
PET-868_jpg.rf.9064f571c7c515cb2b0d0001ea259114.jpg,0,0,1,1,0.01
PET-869_jpg.rf.dc0c9b56bff5038f643c7af69b9e7fa9.jpg,1,0,0,1,0.01
PET-86_jpg.rf.b5390520b09bb812cf4a10779cb2aa29.jpg,1,0,0,1,0.01
PET-87-_jpg.rf.3e96c3c275fd5e9369df948cb8e26503.jpg,1,0,0,1,0.01
PET-870_jpg.rf.164c55bce4251fa733703f7d2cadbe52.jpg,1,0,0,1,0.01
PET-871_jpg.rf.a6d8e7c15dc3648f5b8a0a1ceabbd989.jpg,1,0,0,1,0.01
PET-872_jpg.rf.6b8367b904c2472301d72db7ef9cf9ea.jpg,1,0,0,1,0.01
PET-873_jpg.rf.b72b84dedbceb2eaeec6d72099d6e444.jpg,1,0,0,1,0.01
PET-874_jpg.rf.7317ee3d81254eba26af99630f0f49f8.jpg,0,0,1,1,0.01
PET-875_jpg.rf.9e2694bdf5f23424e38671f673e61c45.jpg,1,0,0,1,0.01
PET-876_jpg.rf.dfa4425eb6ecc6efc674f779b320d6b9.jpg,1,0,0,1,0.01
PET-877_jpg.rf.ab32518e0ccba0f188d695fac20af43a.jpg,1,0,0,1,0.01
PET-878_jpg.rf.a65f068ad5f2a7b09afc96b73897288b.jpg,0,1,0,1,0.01
PET-879_jpg.rf.f79ecc385bc1577922c66410fae3dc24.jpg,1,0,0,1,0.01
PET-87_jpg.rf.35b33f82b4b4f74f8cba3b888fa08098.jpg,1,0,0,1,0.01
PET-88-_jpg.rf.d9c03636037402c25da5f431b96432ec.jpg,1,0,0,1,0.01
PET-880_jpg.rf.be1f8118f4465d11097d79142450ef9a.jpg,1,0,0,1,0.01
PET-881_jpg.rf.2ebdf859c43a46011b14955591e5c52b.jpg,1,0,0,1,0.01
PET-882_jpg.rf.f845bba840bee58ad4fc2216c2d5477b.jpg,0,0,1,1,0.01
PET-883_jpg.rf.cbc3f58d2c516b42e6e86cfa269faf7c.jpg,1,0,0,1,0.01
PET-884_jpg.rf.7ee8015c11fb9f5ca6f81296bb136fae.jpg,0,1,0,1,0.01
PET-885_jpg.rf.429f13bbce3fa0e5e36b5fe73f06285e.jpg,1,0,0,1,0.01
PET-886_jpg.rf.8a02565709ccf1f9874e519adad80e98.jpg,1,0,0,1,0.01
PET-887_jpg.rf.579e870219b743edb2bdbdbc74083f92.jpg,1,0,0,1,0.01
PET-888_jpg.rf.d18c1a580fa90cafa7d1a5d3eac3e31b.jpg,0,0,1,1,0.01
PET-889_jpg.rf.b93f6f5ce22d2780e506c3b0acafa906.jpg,1,0,0,1,0.01
PET-890_jpg.rf.f1ece67bc9f4b125d99e7737cb16c595.jpg,1,0,0,1,0.01
PET-891_jpg.rf.45098abc5a79a9694c2ae9b23f4eaef0.jpg,1,0,0,1,0.01
PET-892_jpg.rf.05a8e91be82e694ca5766770c12c45c0.jpg,1,0,0,1,0.01
PET-893_jpg.rf.6a45dc50580d7db35f457eddbb6681c4.jpg,1,0,0,1,0.01
PET-894_jpg.rf.13bef4ea9115ea51499ffc082dbab381.jpg,1,0,0,1,0.01
PET-895_jpg.rf.75dee793de09d1756f11140252c7a95d.jpg,1,0,0,1,0.01
PET-896_jpg.rf.21e809a212feb44eec9862008c199c01.jpg,1,0,0,1,0.01
PET-897_jpg.rf.85b9b3562652fd0c4db666c00834d615.jpg,1,0,0,1,0.01
PET-898_jpg.rf.f7876e1a87c196b001cabb8ae9210a80.jpg,1,0,0,1,0.01
PET-899_jpg.rf.e614dfee782e725ef0393b5b7bb83e4a.jpg,1,0,0,1,0.01
PET-89_jpg.rf.69de120dd1482270b514abf554ed9772.jpg,1,0,0,1,0.01
PET-8_jpg.rf.387ae40f6c3270b81607c5d3cf4ca83d.jpg,1,0,0,1,0.01
PET-900_jpg.rf.4efd4bbb6faf67dca25662415e17a74f.jpg,1,0,0,1,0.01
PET-901_jpg.rf.d70462ada2699f84223a1026924a609f.jpg,0,0,1,1,0.01
PET-902_jpg.rf.fe78e0fa77cddc4ba5ff06aca23c7d36.jpg,1,0,0,1,0.01
PET-903_jpg.rf.da86f2986c4cc54511f33334d5fe78e1.jpg,1,0,0,1,0.01
PET-904_jpg.rf.d48ad3630f0dd8d613e672258643fd26.jpg,1,0,0,1,0.01
PET-905_jpg.rf.8ccac1762e0412e9956226bfd0b2b330.jpg,1,0,0,1,0.01
PET-906_jpg.rf.4aa69501cb941b3cf782d70e56d2d1d3.jpg,1,0,0,1,0.01
PET-907_jpg.rf.881487f48e552b8c3c34f3ed1172de8b.jpg,0,1,0,1,0.01
PET-908_jpg.rf.eb6a820a373c475bc93bac6517868c42.jpg,1,0,0,1,0.01
PET-909_jpg.rf.84724e3bd274dc366236899671f5a408.jpg,0,0,1,1,0.01
PET-90_jpg.rf.2219c8ff9ca73bed4ab744dfa24f71cd.jpg,0,1,0,1,0.01
PET-910_jpg.rf.ca3ee54bf908e90754d5a5631da727c6.jpg,0,0,1,1,0.01
PET-911_jpg.rf.b62692172cb20cc124dfa17d494ab0d0.jpg,1,0,0,1,0.01
PET-912_jpg.rf.0d6bd2b518ef8370aa895e0ac29ade9a.jpg,1,0,0,1,0.01
PET-913_jpg.rf.60624b05cdd035d457d284c242edf7bf.jpg,0,0,1,1,0.01
PET-914_jpg.rf.3e996855b1f89ab34ce9680487f7442e.jpg,1,0,0,1,0.01
PET-915_jpg.rf.1cc8d16c74b5242abdd2a14fe1b50995.jpg,0,1,0,1,0.01
PET-916_jpg.rf.44217e766da0ac4346e2fa1851c2a10d.jpg,1,0,0,1,0.01
PET-917_jpg.rf.5e74de07bc96d567ee977bf6a17d490f.jpg,1,0,0,1,0.01
PET-918_jpg.rf.30ed440096363c57ce548ad8df1c72a8.jpg,0,0,1,1,0.01
PET-919_jpg.rf.8cd84a0a082f5e164ecb3e20aded34d1.jpg,1,0,0,1,0.01
PET-92-_jpg.rf.fa4c7ae74aedb7c008b3bc5a071b5b16.jpg,1,0,0,1,0.01
PET-920_jpg.rf.e8449d923c2c3e78929c625d8097634e.jpg,0,1,0,1,0.01
PET-921_jpg.rf.64976634025a0aa11fb350f75f592e95.jpg,1,0,0,1,0.01
PET-922_jpg.rf.600db2f781fcdefcfa21966d050da708.jpg,1,0,0,1,0.01
PET-923_jpg.rf.53db1429866079b2c7e79b87de7b6ee4.jpg,0,1,0,1,0.01
PET-924_jpg.rf.06c4adb03fda2734edf711ce8eb6827e.jpg,0,1,0,1,0.01
PET-925_jpg.rf.c78b992523fe976fadfa344075d0c0e8.jpg,0,0,1,1,0.01
PET-926_jpg.rf.4ef89ccfb25a908b1df309a8bfe80af6.jpg,0,0,1,1,0.01
PET-927_jpg.rf.c8c674c5b834b11e25f8bde7212111a8.jpg,0,0,1,1,0.01
PET-928_jpg.rf.190d172d580231482c10046648ad5edf.jpg,0,0,1,1,0.01
PET-929_jpg.rf.46e6f783fd9e94ab9fd11d001b2e495f.jpg,0,0,1,1,0.01
PET-92_jpg.rf.70bb65bc72650ae8ea23d8c7160bb1bd.jpg,0,0,1,1,0.01
PET-93-_jpg.rf.cda9a71953c2d87c0ac8be27b29ec324.jpg,1,0,0,1,0.01
PET-930_jpg.rf.b401d78573bd9e50484e034c65f49605.jpg,1,0,0,1,0.01
PET-931_jpg.rf.e5c36cc5029a0f7971cb234205341bed.jpg,1,0,0,1,0.01
PET-932_jpg.rf.8cb97c2664b458c9aa138099738752e1.jpg,1,0,0,1,0.01
PET-933_jpg.rf.e43beadd5636c81ba8e8da9652c0b1f4.jpg,0,1,0,1,0.01
PET-934_jpg.rf.3b93fe691dda6a2660109ae63259adda.jpg,1,0,0,1,0.01
PET-935_jpg.rf.cfb7ef405b0197ee51781ff59c6585ae.jpg,1,0,0,1,0.01
PET-936_jpg.rf.218d541400b2a5d4fd3e97ee2998ba6b.jpg,1,0,0,1,0.01
PET-937_jpg.rf.fae49ee94a0d9230aa4014fc4e5262b7.jpg,1,0,0,1,0.01
PET-938_jpg.rf.bbf87dbff4f33b3ad6c9cc00a21ce5a9.jpg,1,0,0,1,0.01
PET-939_jpg.rf.1ab3427de0b729e364153bc7f11521fa.jpg,1,0,0,1,0.01
PET-93_jpg.rf.55559d4f3b8ad8644492ecf901eadc65.jpg,1,0,0,1,0.01
PET-940_jpg.rf.842de11b17dc685efe7eef026eba89c4.jpg,1,0,0,1,0.01
PET-941_jpg.rf.8930ff76f2d42dc2162809ce4153a023.jpg,0,0,1,1,0.01
PET-942_jpg.rf.19a19f8ffaa20f18ca869c09b5751795.jpg,1,0,0,1,0.01
PET-943_jpg.rf.d45f76d1e1d5223ebd98948548689251.jpg,1,0,0,1,0.01
PET-944_jpg.rf.d462a6356acb74fe9f27eff6d0b2d849.jpg,1,0,0,1,0.01
PET-945_jpg.rf.0ba9c79c970ef2ed7345e37d8e6a197e.jpg,1,0,0,1,0.01
PET-946_jpg.rf.3cf1b87cdecaa395cc960c90ee0a65fa.jpg,0,0,1,1,0.01
PET-947_jpg.rf.a9d6ef4f3da954be210a08b4d91c9aec.jpg,1,0,0,1,0.01
PET-948_jpg.rf.b93d1305ace1e1b8466f6f8ceca22846.jpg,0,0,1,1,0.01
PET-949_jpg.rf.16326702ceae648f015a1214bc3c1ea0.jpg,1,0,0,1,0.01
PET-94_jpg.rf.204b9c107425f5fa28f7efbb8ed73052.jpg,0,0,1,1,0.01
PET-95-_jpg.rf.33b5038a71e6074721f63038052e885b.jpg,1,0,0,1,0.01
PET-950_jpg.rf.b9df2f798e12eaa42fd44b6e1e154055.jpg,1,0,0,1,0.01
PET-951_jpg.rf.0e27879af89ae8596e5b269159dbe17f.jpg,1,0,0,1,0.01
PET-952_jpg.rf.df986b14b35feba8703845417e9f3fd9.jpg,1,0,0,1,0.01
PET-954_jpg.rf.fd70454b058c3dc9fbe9124eda587e76.jpg,1,0,0,1,0.01
PET-955_jpg.rf.2297c3228a4a95a23090502a64435b40.jpg,1,0,0,1,0.01
PET-956_jpg.rf.9639858469ebe468a82b658160480bd8.jpg,0,0,1,1,0.01
PET-957_jpg.rf.71bef6be7aca797efd10b5eea01026d8.jpg,1,0,0,1,0.01
PET-958_jpg.rf.2dc120dc15b0553a765bfc0b0f0b439e.jpg,0,0,1,1,0.01
PET-959_jpg.rf.c6b6e98267e01ca63eef669a9152e223.jpg,0,1,0,1,0.01
PET-96-_jpg.rf.2de98a861fe6e6b2b2883f9c6cfa14f6.jpg,0,0,1,1,0.01
PET-960_jpg.rf.2cfe6c1917a752243366f9e019c9fd5b.jpg,1,0,0,1,0.01
PET-961_jpg.rf.42e5e4138465b72571cc7a6aa9cfa14f.jpg,1,0,0,1,0.01
PET-962_jpg.rf.d448498103fc241a0be77e862eb16545.jpg,0,0,1,1,0.01
PET-963_jpg.rf.704acc64fc74179b3ddc4bb4ee3a4b4d.jpg,1,0,0,1,0.01
PET-964_jpg.rf.6b6d83331042e2faafe8845cf6e88e3a.jpg,1,0,0,1,0.01
PET-965_jpg.rf.2296be34f6b5097b224c496dde469d86.jpg,0,0,1,1,0.01
PET-966_jpg.rf.a3a7ee3d13f822f3dce2c52e0cb9fc9d.jpg,0,0,1,1,0.01
PET-967_jpg.rf.dd4d17ea3fca107d54e2d8e301ee3f85.jpg,1,0,0,1,0.01
PET-968_jpg.rf.ecd4cc3c6b249bbf8b8f7c977be6a352.jpg,1,0,0,1,0.01
PET-969_jpg.rf.8371d2915b7154aee0b5616846743299.jpg,0,0,1,1,0.01
PET-96_jpg.rf.a617cedb65b2e4798b93c7370b2f5445.jpg,1,0,0,1,0.01
PET-97-_jpg.rf.9995ac57d363651b68e9c5e672c54fc9.jpg,0,1,0,1,0.01
PET-970_jpg.rf.e4f027054c260eb1dea2e94aad0e6212.jpg,1,0,0,1,0.01
PET-971_jpg.rf.8495e872a9bf216ae2988557de7936b7.jpg,0,0,1,1,0.01
PET-972_jpg.rf.5235d8482ef3f692ddea46caac5ebcd7.jpg,0,0,1,1,0.01
PET-973_jpg.rf.61eb1b9f9239a6741e39ae413e5df506.jpg,1,0,0,1,0.01
PET-974_jpg.rf.9a53d49ce6dfeb51d920b74b8a38eb32.jpg,1,0,0,1,0.01
PET-975_jpg.rf.4b1af28b98a4b5bcbd09affc2d28cb27.jpg,1,0,0,1,0.01
PET-976_jpg.rf.ee9505c537e14547e81c8dd98f091421.jpg,1,0,0,1,0.01
PET-977_jpg.rf.699ff1975e4c14877b87f02142e57e3f.jpg,1,0,0,1,0.01
PET-978_jpg.rf.b5eacae591c09d9ee41278a0fe8666fc.jpg,0,1,0,1,0.01
PET-979_jpg.rf.e576458138dd8e125c8babd8fea92ab3.jpg,1,0,0,1,0.01
PET-980_jpg.rf.0e80be2e385eefffbea58a2934b61e62.jpg,1,0,0,1,0.01
PET-981_jpg.rf.d0a7b98aed324c8fc4a9456099d22ba5.jpg,1,0,0,1,0.01
PET-982_jpg.rf.840a7cc5687b7e1e3cb454b3f1c4bae7.jpg,1,0,0,1,0.01
PET-983_jpg.rf.023d8f833d9cb33c7e7faf3bcb874911.jpg,1,0,0,1,0.01
PET-984_jpg.rf.e51c3d5ca51522ae87140e1dd91d92df.jpg,1,0,0,1,0.01
PET-985_jpg.rf.ef6c58662d4bbb746d2675743fc03171.jpg,1,0,0,1,0.01
PET-986_jpg.rf.c547a6ca6ea4d8ee0e2714abe68f0909.jpg,1,0,0,1,0.01
PET-987_jpg.rf.c479ea94f9ac5755482e0e0f43dcd265.jpg,0,0,1,1,0.01
PET-988_jpg.rf.0fd830565a3bb6fb014cd07d4d0089eb.jpg,1,0,0,1,0.01
PET-989_jpg.rf.645dede38fb275a21827702b46666de5.jpg,0,0,1,1,0.01
PET-98_jpg.rf.0c5045a964c464488e11a11b68e081b0.jpg,1,0,0,1,0.01
PET-990_jpg.rf.931af915751638f960f16dcf8e15228d.jpg,1,0,0,1,0.01
PET-991_jpg.rf.8baced17950ce522be835eeb816d9bdf.jpg,1,0,0,1,0.01
PET-992_jpg.rf.80b2c10db506066358e6ba5a06126bc6.jpg,1,0,0,1,0.01
PET-993_jpg.rf.f18954c5158ffdebb5093b265de4686d.jpg,1,0,0,1,0.01
PET-994_jpg.rf.2efd352ed4ea3c23767093b5ac064b19.jpg,1,0,0,1,0.01
PET-995_jpg.rf.33920e868747ecc8cec7f81cf2c2aa7a.jpg,1,0,0,1,0.01
PET-996_jpg.rf.31ca91873ca418df98516cc07dac832b.jpg,0,1,0,1,0.01
PET-997_jpg.rf.c1f16c71ad615dbe2aefaba2c1c4674d.jpg,1,0,0,1,0.01
PET-998_jpg.rf.14910c5c06fe4125a7e075c6adf1bdb9.jpg,0,1,0,1,0.01
PET-999_jpg.rf.ce252dd539dac3a2d976357a9b13a927.jpg,0,0,1,1,0.01
PET-99_jpg.rf.9452652f6607b2a60daed2b613a388b9.jpg,1,0,0,1,0.01
PP-0_jpg.rf.7d4a068e7da8c8eded48c33e55b3c4bb.jpg,1,0,0,1,0.01
PP-0_jpg.rf.ca4ad8064937f5f021fe22dee0f1a0bd.jpg,1,0,0,1,0.01
PP-0_jpg.rf.d06af367987b572524cef19bae688183.jpg,1,0,0,1,0.01
PP-1-_JPG_jpg.rf.241bd347e0f0deac13cc5879862477cc.jpg,1,0,0,1,0.01
PP-100-_jpg.rf.a277b7c646b3126a30efcb32e2d2e305.jpg,1,0,0,1,0.01
PP-100_jpg.rf.382ac89989679326dcc557950f742517.jpg,1,0,0,1,0.01
PP-100_jpg.rf.3dff1efb094fd3750f96dca54c992fe8.jpg,0,0,1,1,0.01
PP-101-_jpg.rf.6a1dbe084a0715f0b23ea674ca8c754f.jpg,0,1,0,1,0.01
PP-101_jpg.rf.d9b7bc9993a7bba144cf17f4e5ba11dd.jpg,1,0,0,1,0.01
PP-102-_jpg.rf.60c765a1c2f5eab92f2155cd9cb05e55.jpg,1,0,0,1,0.01
PP-102_jpg.rf.e4c056402d54580b149826d2165d28dc.jpg,1,0,0,1,0.01
PP-103-_jpg.rf.6111c7a0d89289eb085483c16785a135.jpg,1,0,0,1,0.01
PP-103_jpg.rf.98bfd048c81a7e42e56a40517eb8b220.jpg,1,0,0,1,0.01
PP-104_jpg.rf.c345bd82e5a2164afb21a235ae172d0d.jpg,1,0,0,1,0.01
PP-105_jpg.rf.e5a1abf10a96ec662bcf3699fbb5b76a.jpg,1,0,0,1,0.01
PP-106_jpg.rf.bae80b1a3cdf7a116da62e4c26f5e4f9.jpg,0,1,0,1,0.01
PP-107_jpg.rf.ba94f5b0099199b0b2153b79c8eb9796.jpg,0,0,1,1,0.01
PP-108_jpg.rf.e4bb718ce7e068ee430ce3d4c4d40821.jpg,1,0,0,1,0.01
PP-109_jpg.rf.745b1c39d8098ea9bfc1d5707507e4e7.jpg,1,0,0,1,0.01
PP-10_jpg.rf.822b95f1b509c2c10dec5ca6fd1eaacb.jpg,1,0,0,1,0.01
PP-10_jpg.rf.84dfbc9d6ef5d0b720eeff6e0d45a287.jpg,1,0,0,1,0.01
PP-11-_jpg.rf.d95603917c7fbe74f518c270afbc7e84.jpg,1,0,0,1,0.01
PP-110_jpg.rf.0f3cbed905773b1f9079723a6538aa69.jpg,0,0,1,1,0.01
PP-111_jpg.rf.93e6fe96d60468abe060651477d0d122.jpg,1,0,0,1,0.01
PP-112_jpg.rf.1ea327fe21aebbcb588df5005b322cf5.jpg,1,0,0,1,0.01
PP-113_jpg.rf.8a4f6355aa58162e9d00e9864f50c840.jpg,0,0,1,1,0.01
PP-114_jpg.rf.c75cad9cbfa90ba09b9ca34356d93a37.jpg,1,0,0,1,0.01
PP-115_jpg.rf.c6e8d8fd568548ee1396bc7e6c2b6186.jpg,0,0,1,1,0.01
PP-116_jpg.rf.8866ba2765bf3606de70bfc12e805d55.jpg,1,0,0,1,0.01
PP-117_jpg.rf.7d4e1775fed448374c32af20c42e7e25.jpg,1,0,0,1,0.01
PP-118_jpg.rf.9ee17c824021deba2fac45161c2f29e8.jpg,0,1,0,1,0.01
PP-119_jpg.rf.9697c7ff3e3d537229d2ed7d00b1c819.jpg,0,0,1,1,0.01
PP-11_jpg.rf.79203c13d50bcc41c96382ff186583a5.jpg,1,0,0,1,0.01
PP-11_jpg.rf.c1840c9e4bad4a0a18b2db4ca35a03ff.jpg,1,0,0,1,0.01
PP-120_jpg.rf.423d052daae45893f8eb5d3c2e4a1682.jpg,0,0,1,1,0.01
PP-121_jpg.rf.d2c83276b8655c12b0f0a9de3eaddc3b.jpg,1,0,0,1,0.01
PP-122_jpg.rf.62b7c63b1e55c7c952579e68e6cf0c8b.jpg,0,0,1,1,0.01
PP-123_jpg.rf.8563e49c46121122448763c46862ddb9.jpg,1,0,0,1,0.01
PP-124_jpg.rf.2763dba46dc04c07018a8d0bd07a8e22.jpg,1,0,0,1,0.01
PP-125_jpg.rf.ba53c60d2439f212d352d19c0b8cef3e.jpg,1,0,0,1,0.01
PP-126_jpg.rf.97f21a772e47af371a1a3e75dd25451f.jpg,1,0,0,1,0.01
PP-127_jpg.rf.4baf82c8a4a57990124f28b4e75317f4.jpg,1,0,0,1,0.01
PP-128_jpg.rf.92b9ec8fec04e791dc6fdc6b9d79872b.jpg,1,0,0,1,0.01
PP-129_jpg.rf.4a789f9958ffcf8034b63b6fdb6f6a44.jpg,1,0,0,1,0.01
PP-12_jpg.rf.02acb5ba36c5e5febaabad3fa14cdb12.jpg,1,0,0,1,0.01
PP-12_jpg.rf.40c8ed7e9e11c9a298d3b71134fd6a1f.jpg,1,0,0,1,0.01
PP-13-_jpg.rf.d4a3a6031d79830bdbc167152f1ed5ee.jpg,1,0,0,1,0.01
PP-130_jpg.rf.fba850dcb25a516732bbc5a5036c4534.jpg,1,0,0,1,0.01
PP-131_jpg.rf.4cf522222d8a9439de1363791c5f42fe.jpg,1,0,0,1,0.01
PP-132_jpg.rf.23bc265e9ed0c330dcb381ea45244e76.jpg,1,0,0,1,0.01
PP-133_jpg.rf.fe4270a1db8a724a7851a62ec4dd3635.jpg,1,0,0,1,0.01
PP-134_jpg.rf.68a29ba466e7b3b8433b9aad55b7d931.jpg,0,1,0,1,0.01
PP-135_jpg.rf.bf64ca1fe02d810965d5ff7a43762884.jpg,1,0,0,1,0.01
PP-136_jpg.rf.4030c61ad1a085be0f72f0e800af4601.jpg,0,0,1,1,0.01
PP-137_jpg.rf.21824feaac1409b7812d29e0e58b0cda.jpg,0,0,1,1,0.01
PP-138_jpg.rf.2013b9039968443fce8d1dd640e885aa.jpg,1,0,0,1,0.01
PP-139_jpg.rf.d3995fde350eafd6ca7c5326d0c631db.jpg,0,0,1,1,0.01
PP-13_jpg.rf.19bd4acd75b39822c06213ac66b61cbc.jpg,1,0,0,1,0.01
PP-13_jpg.rf.9941d89a3b0f731a9e05b73ffae9d981.jpg,0,0,1,1,0.01
PP-140_jpg.rf.92bcf3ebdbe57e801169d39d196f6523.jpg,1,0,0,1,0.01
PP-141_jpg.rf.95d2691454e83a418e2942e25f4ce2c6.jpg,0,0,1,1,0.01
PP-142_jpg.rf.4ddb80c46ea010fd60fd96831595ce78.jpg,0,0,1,1,0.01
PP-143_jpg.rf.54b549c7a45476c25f45203079416864.jpg,1,0,0,1,0.01
PP-144_jpg.rf.587b0c3c7b233452a64180d22967bfd1.jpg,1,0,0,1,0.01
PP-145_jpg.rf.0aebf27715cc87df9ac4a0231d6fa9b6.jpg,0,0,1,1,0.01
PP-146_jpg.rf.cc61a9ed879ec41dd565b06b814f004f.jpg,0,1,0,1,0.01
PP-147_jpg.rf.78a5c7a5e88c4b54b740cc6e2eb3d4c2.jpg,0,0,1,1,0.01
PP-148_jpg.rf.abc9dbbdb38699b36e349c061840f01a.jpg,1,0,0,1,0.01
PP-149_jpg.rf.c204d7d2a945e9bb123e9d63aa3c25c9.jpg,1,0,0,1,0.01
PP-14_jpg.rf.3f99b8abdca63bfd14e6824bcaaafbdb.jpg,1,0,0,1,0.01
PP-14_jpg.rf.ad41ac5b39eb44377c3ca15b7a86b809.jpg,1,0,0,1,0.01
PP-15-_jpg.rf.74aa226fe2502ba1b65e3280c5b2d2cf.jpg,1,0,0,1,0.01
PP-150_jpg.rf.a62c39c22afc599b67b145c1e82b8318.jpg,1,0,0,1,0.01
PP-151_jpg.rf.fb41958f2006f98c96e040666f42e320.jpg,1,0,0,1,0.01
PP-152_jpg.rf.cccb9991a4c2dfc3f7b3ac6249fee336.jpg,0,0,1,1,0.01
PP-153_jpg.rf.005e1d67ee07776b1e2cd5f9a732c91c.jpg,1,0,0,1,0.01
PP-154_jpg.rf.24e2e1c86a2df4a94b569402a5dc7d12.jpg,1,0,0,1,0.01
PP-155_jpg.rf.37b3c3ca97ee84ab4d2f70cfaf284619.jpg,0,1,0,1,0.01
PP-156_jpg.rf.376473ffb8875167d15a81b5c08fc525.jpg,1,0,0,1,0.01
PP-157_jpg.rf.dd081a2b27c41ff274fd38cce6b5a1f7.jpg,0,0,1,1,0.01
PP-158_jpg.rf.f1d0869b57bc52f91201f0e00ecd38ca.jpg,1,0,0,1,0.01
PP-159_jpg.rf.a5b415d19cbffa4790a64906851707ae.jpg,1,0,0,1,0.01
PP-15_jpg.rf.3e5460a3a6870cec660e103b8a26d662.jpg,1,0,0,1,0.01
PP-15_jpg.rf.e7b2805064adf3c7c550cc56a5789c00.jpg,1,0,0,1,0.01
PP-160_jpg.rf.74ae081f5ade0a19183f11f6c73cfbcf.jpg,1,0,0,1,0.01
PP-161_jpg.rf.8455caa676448587e2906ceaddabfb04.jpg,0,1,0,1,0.01
PP-162_jpg.rf.d9eeb7a4f21d6244aef5ca6a74dcbfd7.jpg,0,0,1,1,0.01
PP-163_jpg.rf.18d60b1ee6f095aed23191382359a772.jpg,1,0,0,1,0.01
PP-164_jpg.rf.579ad9e8863c648482db69eab570bf7c.jpg,1,0,0,1,0.01
PP-165_jpg.rf.6023f76b3fe24bc55f12058af5b31228.jpg,1,0,0,1,0.01
PP-166_jpg.rf.2cf44b851a654a215b7de2d283eb3ed5.jpg,1,0,0,1,0.01
PP-167_jpg.rf.b2b7379d3d16caa3fd6eedef91558906.jpg,1,0,0,1,0.01
PP-168_jpg.rf.055f5c81e0e15f51db6088eb0ce1b145.jpg,1,0,0,1,0.01
PP-169_jpg.rf.9b1a7c956baafbe254c1667456e5a522.jpg,1,0,0,1,0.01
PP-16_jpg.rf.232dedb82cbabc97396fb17da882184f.jpg,0,1,0,1,0.01
PP-16_jpg.rf.eced71ef65dd5e9afe12d2aa852b7ef7.jpg,0,0,1,1,0.01
PP-17-_jpg.rf.175e5a070f28fdcaa92ea6448d7a26d3.jpg,0,0,1,1,0.01
PP-170_jpg.rf.15d5fbd6da45b90b27835a2cb61ffe60.jpg,1,0,0,1,0.01
PP-171_jpg.rf.c9d70206d324b5768903b1cedb4781aa.jpg,1,0,0,1,0.01
PP-172_jpg.rf.511b2019d6edcf1a2958eda68e26cb01.jpg,0,1,0,1,0.01
PP-173_jpg.rf.35af91df79ff0494e37c47991f63a500.jpg,1,0,0,1,0.01
PP-174_jpg.rf.95979ba603527e56ea45fc664b8690a1.jpg,1,0,0,1,0.01
PP-175_jpg.rf.627c943afb4b787b14c2807263f920ed.jpg,0,0,1,1,0.01
PP-176_jpg.rf.3e67df52288c1f675ac389d68d8902e5.jpg,1,0,0,1,0.01
PP-177_jpg.rf.f81f2de7b100a3c3e90a2a9c1549c4d9.jpg,0,0,1,1,0.01
PP-178_jpg.rf.96b48d16860efea7b87e41a487a81b08.jpg,0,1,0,1,0.01
PP-179_jpg.rf.b7d9f259ccedc8bbe24e276b46c0954f.jpg,1,0,0,1,0.01
PP-17_jpg.rf.5dcb3f98a02070eb394659d9342f5319.jpg,0,1,0,1,0.01
PP-17_jpg.rf.c9e165849bdc7a0394d6483298d95478.jpg,1,0,0,1,0.01
PP-180_jpg.rf.a300d0deb2ff6cc6f369fc6327b775e3.jpg,1,0,0,1,0.01
PP-181_jpg.rf.205049a1bfc598725c514bab042dbd49.jpg,1,0,0,1,0.01
PP-182_jpg.rf.1390eecc15755213b65c114673627183.jpg,1,0,0,1,0.01
PP-183_jpg.rf.4ea33e147ca2800a745e10e8d667ec7d.jpg,1,0,0,1,0.01
PP-184_jpg.rf.3da18f9da6f987b92dabd961a27e0e40.jpg,1,0,0,1,0.01
PP-185_jpg.rf.b6846affd8eefef86cc9fc455366bc6d.jpg,1,0,0,1,0.01
PP-186_jpg.rf.de62a95b1b6058db1a268f94d79bb882.jpg,1,0,0,1,0.01
PP-187_jpg.rf.9ddcf7f12d9d4c0705a3ea98f8c6c291.jpg,1,0,0,1,0.01
PP-188_jpg.rf.f9d0c2a1c66031281d0fd0d15ab2bb31.jpg,1,0,0,1,0.01
PP-189_jpg.rf.6e3142d45d9b7a74652c1f42e3ebf41d.jpg,1,0,0,1,0.01
PP-18_jpg.rf.3289ea6a071e3d760155f1d018b56792.jpg,1,0,0,1,0.01
PP-18_jpg.rf.ac8fc114f8880b6ec5f1a740ac255066.jpg,0,1,0,1,0.01
PP-19-_jpg.rf.6421383ecdbeeef837d159efd6f5b141.jpg,1,0,0,1,0.01
PP-190_jpg.rf.89401d3a4e47d46d59edc1053b13d6aa.jpg,0,1,0,1,0.01
PP-191_jpg.rf.46fd91456e1fadcc18c8ca8942e839bc.jpg,1,0,0,1,0.01
PP-192_jpg.rf.7fec80abb62861ed8afaab668bb527c0.jpg,1,0,0,1,0.01
PP-193_jpg.rf.7f4c4e2229f67c2102a2c70dcc6e3de3.jpg,1,0,0,1,0.01
PP-194_jpg.rf.dca906912b5cd7ea3d10b41be1cdb4d8.jpg,1,0,0,1,0.01
PP-195_jpg.rf.17dff13ee0ac867fc20012d1d24c0f20.jpg,1,0,0,1,0.01
PP-196_jpg.rf.705ac7be7215ad29bbddddd85c8cbdbe.jpg,1,0,0,1,0.01
PP-197_jpg.rf.a978d7966ddf18ab3d737c18c3041be0.jpg,1,0,0,1,0.01
PP-198_jpg.rf.614b487354d157b04d240d4f9a7906e7.jpg,0,0,1,1,0.01
PP-199_jpg.rf.4dc09297616bdc81197d0e785aa8ebc9.jpg,1,0,0,1,0.01
PP-19_jpg.rf.2b46c0b2b66b69dc402d8759c16ec1c9.jpg,1,0,0,1,0.01
PP-19_jpg.rf.d66ca5e4d20f1c19579a5ebb5cfc8a8b.jpg,0,1,0,1,0.01
PP-1_jpg.rf.3e996637ae6a2478f9642f32f655ba36.jpg,0,0,1,1,0.01
PP-1_jpg.rf.5d99b174370ecda493668f850f3e19bb.jpg,0,0,1,1,0.01
PP-1_jpg.rf.ba8f1c1d45ad98f77dc0054ffb08b949.jpg,1,0,0,1,0.01
PP-2-_JPG_jpg.rf.c45dc616f9038aaef2d40947b8134519.jpg,1,0,0,1,0.01
PP-20-_jpg.rf.31030512ccfeab6c95c5655be02b7583.jpg,0,0,1,1,0.01
PP-200_jpg.rf.15c569ba6d31474c8c637cd2a289a95a.jpg,1,0,0,1,0.01
PP-201_jpg.rf.6caa91cbf57dbfbfca70310c0b6683b1.jpg,1,0,0,1,0.01
PP-202_jpg.rf.2de1d01ed89c7df3fcab136708020639.jpg,1,0,0,1,0.01
PP-203_jpg.rf.5fd8332321242bd0e64d9739ada5e63b.jpg,0,0,1,1,0.01
PP-204_jpg.rf.48fba25c0589b8de1da0fb9d0a1fc82e.jpg,1,0,0,1,0.01
PP-205_jpg.rf.8e65b03c62261e6342d4b2edd7e6f445.jpg,1,0,0,1,0.01
PP-206_jpg.rf.3f64ba73523f65ef3e33a228ff1ca5e1.jpg,1,0,0,1,0.01
PP-207_jpg.rf.31bbec94d4f80c294151c4c8eb239c43.jpg,1,0,0,1,0.01
PP-208_jpg.rf.666e12bef4f1ac030eb0d5033f06505e.jpg,1,0,0,1,0.01
PP-209_jpg.rf.4eaf0c888178e1538058dcf0c8f1beb2.jpg,0,1,0,1,0.01
PP-20_jpg.rf.954770322ded16b62c9b723a1ba4bb50.jpg,1,0,0,1,0.01
PP-20_jpg.rf.e57002b3e385688015de54d9ac340f41.jpg,1,0,0,1,0.01
PP-21-_jpg.rf.5a78bf41968dfa7dfb0925395355148c.jpg,0,1,0,1,0.01
PP-210_jpg.rf.46d8d320aac2aba3b615f409fd2b11b3.jpg,1,0,0,1,0.01
PP-211_jpg.rf.8aaadc3a783a10112a732fd2a2c12e62.jpg,0,0,1,1,0.01
PP-212_jpg.rf.9459977bccf8134ebdac453336fd5e1a.jpg,1,0,0,1,0.01
PP-213_jpg.rf.bf9bd09c37971f69ca934d488afe0ec3.jpg,0,1,0,1,0.01
PP-214_jpg.rf.dafbb94be09b654b47cbc681e7b105d8.jpg,1,0,0,1,0.01
PP-215_jpg.rf.8f629f9fcc82851e4116944c91d90868.jpg,0,0,1,1,0.01
PP-216_jpg.rf.fb56be8ad2681a6fea23355136a120aa.jpg,1,0,0,1,0.01
PP-217_jpg.rf.2f8d458f0d6f956a107ddf8a4d4ca71e.jpg,1,0,0,1,0.01
PP-218_jpg.rf.be06f1ee3baa01ab1c51e27611e50b2e.jpg,1,0,0,1,0.01
PP-219_jpg.rf.042ef934fff3b7887692538291677a93.jpg,1,0,0,1,0.01
PP-21_jpg.rf.d65b0157d01bbcb1d14b415d09b3a4a8.jpg,0,1,0,1,0.01
PP-21_jpg.rf.f73063ac6e8ee56289fba3298436e602.jpg,1,0,0,1,0.01
PP-220_jpg.rf.288fec65aa71d587fe8f248b6105805f.jpg,0,0,1,1,0.01
PP-221_jpg.rf.b39e484977e4a9ed833e14f82652cbaa.jpg,1,0,0,1,0.01
PP-222_jpg.rf.34497760a40b71537e44f5ec66a99472.jpg,0,0,1,1,0.01
PP-223_jpg.rf.f8c68d8f783af2790e0dbb61b3ac9031.jpg,1,0,0,1,0.01
PP-224_jpg.rf.bc8a15e8b82d341890d5aa466defc8d0.jpg,1,0,0,1,0.01
PP-225_jpg.rf.aa9515e091d1061f470498fd53a7a4e8.jpg,1,0,0,1,0.01
PP-227_jpg.rf.24ac971877e85b710c8607b34c66ecfc.jpg,1,0,0,1,0.01
PP-228_jpg.rf.5c2bc7fef94fd0565b07b27548394c24.jpg,1,0,0,1,0.01
PP-229_jpg.rf.d30af87a0367e9107840d4928a2c3108.jpg,1,0,0,1,0.01
PP-22_jpg.rf.2d619682eac8f736460734c592e70c36.jpg,1,0,0,1,0.01
PP-22_jpg.rf.cf2eaa401cda77bcef3b534147814e8a.jpg,1,0,0,1,0.01
PP-23-_jpg.rf.712a889d05af6ec1fab743e1f4b43390.jpg,1,0,0,1,0.01
PP-230_jpg.rf.5a2ce5b460e8e41ccebec2e522da954e.jpg,0,0,1,1,0.01
PP-232_jpg.rf.29f055f8dab79f85c0c519b74b3968ce.jpg,1,0,0,1,0.01
PP-235_jpg.rf.a0f69319dc415166af261f492a48be71.jpg,1,0,0,1,0.01
PP-236_jpg.rf.13b1fd2889cb3849966671cf714d4d26.jpg,1,0,0,1,0.01
PP-237_jpg.rf.8dd4a6b067369c5b3e1db04711853f4f.jpg,0,0,1,1,0.01
PP-23_jpg.rf.498d4e52ac5f2a224274b24d61199044.jpg,1,0,0,1,0.01
PP-23_jpg.rf.e64d51fd09a075b73cf3705f916ad0b4.jpg,1,0,0,1,0.01
PP-240_jpg.rf.2b2a8d8dadb8e267dee24926cb867ac3.jpg,1,0,0,1,0.01
PP-241_jpg.rf.06b6ba60e71ad4be4096ed4951cc36bf.jpg,0,1,0,1,0.01
PP-242_jpg.rf.7f0d8637bb6b67bce3c8cf318a8c5d63.jpg,1,0,0,1,0.01
PP-244_jpg.rf.c02fd4945161e6f9fb1625404e210993.jpg,1,0,0,1,0.01
PP-245_jpg.rf.d99abe02f21a8a15bfb55c39ba558436.jpg,1,0,0,1,0.01
PP-246_jpg.rf.3c03a3089fb125faa6f168b4c48e771d.jpg,0,1,0,1,0.01
PP-247_jpg.rf.af354e89972030239cd6b6c9420c1fb2.jpg,0,1,0,1,0.01
PP-248_jpg.rf.530a0e98aeb847df3a334dd2fce82556.jpg,1,0,0,1,0.01
PP-249_jpg.rf.d08b010ad692bfd0d66c89e6189139fe.jpg,1,0,0,1,0.01
PP-24_jpg.rf.a9a5e09a96f0d3cc5dcb2907ada603c2.jpg,1,0,0,1,0.01
PP-24_jpg.rf.d3bd1fd629e4a2ffc5e37e1d2f9fc9df.jpg,1,0,0,1,0.01
PP-250_jpg.rf.550350d5b8360ffcd3fe90f795d84aa4.jpg,1,0,0,1,0.01
PP-251_jpg.rf.2afcb8bd3ff697462960f49b6aff514a.jpg,0,0,1,1,0.01
PP-252_jpg.rf.bee5dae2020f334faf9b98d0a4b7c9ec.jpg,0,0,1,1,0.01
PP-253_jpg.rf.9d470a3b7b1434ac941100fa7e480d1b.jpg,0,0,1,1,0.01
PP-254_jpg.rf.be4415cd8c866112635b11fa8821e40e.jpg,1,0,0,1,0.01
PP-255_jpg.rf.cf5bb2e9eef075a4a278d2197000cb3e.jpg,0,0,1,1,0.01
PP-258_jpg.rf.590e10de3fdc530826220b675e3283cc.jpg,1,0,0,1,0.01
PP-259_jpg.rf.5607bd5f9860e848fffd07842d5244e1.jpg,1,0,0,1,0.01
PP-25_jpg.rf.4690b839a9d52c4dae2f1d969e7a47c9.jpg,1,0,0,1,0.01
PP-25_jpg.rf.df1ea390afc6015022b2ca21b2d19bb2.jpg,0,0,1,1,0.01
PP-26-_jpg.rf.648db435cd6752e62be6b735eabf22ad.jpg,0,1,0,1,0.01
PP-260_jpg.rf.ed1cef0e0a457beb992f864b1eb3c766.jpg,0,1,0,1,0.01
PP-261_jpg.rf.165cc8030c0512c4ad28058a7d46cf12.jpg,1,0,0,1,0.01
PP-263_jpg.rf.657144645f4f14fad6374f50ee845e02.jpg,1,0,0,1,0.01
PP-264_jpg.rf.ab4d943ac16a346e812e76018f4390f8.jpg,1,0,0,1,0.01
PP-265_jpg.rf.94789511de2374f23b86c78749110a99.jpg,1,0,0,1,0.01
PP-266_jpg.rf.3185a744d4324b151e5dc42f4ad9815f.jpg,0,1,0,1,0.01
PP-267_jpg.rf.3ea84e2b3f2e588fbb91796d96eff0de.jpg,0,1,0,1,0.01
PP-268_jpg.rf.36891df24c1a09fe1f3f18927f4e7ae5.jpg,1,0,0,1,0.01
PP-269_jpg.rf.89e6caf75c17cf6a83ed82734f47cd1b.jpg,1,0,0,1,0.01
PP-26_jpg.rf.82e382dd189f1cdec9f76f39cf11541e.jpg,1,0,0,1,0.01
PP-26_jpg.rf.ebeb897ca110d8c199c66cfefe043eec.jpg,1,0,0,1,0.01
PP-270_jpg.rf.d39878a02d0003602a92ee7bd48497e6.jpg,1,0,0,1,0.01
PP-272_jpg.rf.d5b13608c909878ff4245c71d3cd6152.jpg,1,0,0,1,0.01
PP-274_jpg.rf.5fcc6077de1b5c15c9182ddff10a4809.jpg,1,0,0,1,0.01
PP-276_jpg.rf.cc269948bbbe7ace2f486b6fe5e28f8b.jpg,0,0,1,1,0.01
PP-277_jpg.rf.2ee776057f844e4dec12d7249fd63150.jpg,1,0,0,1,0.01
PP-278_jpg.rf.a11710e8aa7bdb8de3b0f43ff211fb08.jpg,1,0,0,1,0.01
PP-279_jpg.rf.dd6e56d34ceccbf18e700e1502ff9dfd.jpg,1,0,0,1,0.01
PP-27_jpg.rf.3e95c55c8997c696f1d4c6e279603969.jpg,1,0,0,1,0.01
PP-27_jpg.rf.d77f09f376e6d926305e94bcbda0c944.jpg,1,0,0,1,0.01
PP-28-_jpg.rf.0b48f340387a4a956474674fa45a89d9.jpg,0,0,1,1,0.01
PP-280_jpg.rf.9408301e728420b8d59fb31404b55418.jpg,0,0,1,1,0.01
PP-281_jpg.rf.f76238455790f1cfb5341e5fbda7b30a.jpg,1,0,0,1,0.01
PP-282_jpg.rf.2f6b53a6a1e157539df159cde5867bee.jpg,1,0,0,1,0.01
PP-285_jpg.rf.9def5939f35bd33f9e113c1304fce248.jpg,1,0,0,1,0.01
PP-286_jpg.rf.a8e9c16e5ece66414710dac436f180e3.jpg,1,0,0,1,0.01
PP-287_jpg.rf.b460a371739104d8efb68136da965dfe.jpg,1,0,0,1,0.01
PP-288_jpg.rf.11010f27e40b8d0534a60ebf27ac4501.jpg,0,0,1,1,0.01
PP-289_jpg.rf.4bf03b9e1424291e93cd2f77def79670.jpg,1,0,0,1,0.01
PP-28_jpg.rf.33f0d58975129e0b9dea7bf7a0f35621.jpg,1,0,0,1,0.01
PP-28_jpg.rf.466e659610b8b97feaed43d01bd36006.jpg,1,0,0,1,0.01
PP-290_jpg.rf.a51c18560d2714b9a9d721db8cfd1ff4.jpg,1,0,0,1,0.01
PP-292_jpg.rf.60b562f78c335a4d290565a1e4448ca3.jpg,0,1,0,1,0.01
PP-293_jpg.rf.13327f8b03b6396034821129e959c727.jpg,0,1,0,1,0.01
PP-294_jpg.rf.34bf1a08a12253a12ccacac9a302f1af.jpg,0,0,1,1,0.01
PP-296_jpg.rf.80c8b35e065aa347567da4c3605dcb19.jpg,0,0,1,1,0.01
PP-298_jpg.rf.ad4c5702de8231611a354761f4352a9d.jpg,1,0,0,1,0.01
PP-299_jpg.rf.62d062179508ced87f0506ee18765df6.jpg,1,0,0,1,0.01
PP-29_jpg.rf.22e15854b60affd3ded45d3c5c8b21bd.jpg,1,0,0,1,0.01
PP-29_jpg.rf.a97f571f404c08e99bb6542145ddf278.jpg,0,0,1,1,0.01
PP-2_jpg.rf.31bbc6550a68df0d57437ea5b7e31d4a.jpg,1,0,0,1,0.01
PP-2_jpg.rf.5507da38a6729061090dc4d54bea2eb0.jpg,1,0,0,1,0.01
PP-2_jpg.rf.fab21830fd5ac956ef2c8cb3595b9c0a.jpg,0,0,1,1,0.01
PP-3-_JPG_jpg.rf.fee678a2dd9a723146bd6def286613c5.jpg,0,1,0,1,0.01
PP-300_jpg.rf.0c4d72f4a3d9de1278858ee0e974dc36.jpg,0,0,1,1,0.01
PP-301_jpg.rf.be61ecd9523bbeeaa0f8cf824d483403.jpg,1,0,0,1,0.01
PP-303_jpg.rf.b66c623d08c5487e8e8c45be11b62b2b.jpg,1,0,0,1,0.01
PP-304_jpg.rf.0f325e527131844d231132496d33e08d.jpg,1,0,0,1,0.01
PP-305_jpg.rf.04a4ea09c4b9b394deaa019371df3462.jpg,1,0,0,1,0.01
PP-306_jpg.rf.08a92c467fccbf0b7267a084153f0e85.jpg,1,0,0,1,0.01
PP-307_jpg.rf.d91f8472fbfd66d08c100cbf120df74e.jpg,1,0,0,1,0.01
PP-308_jpg.rf.f8758df4d8187264a1fda128f0ffe5e2.jpg,0,1,0,1,0.01
PP-30_jpg.rf.2d4386351c4d6e51810f6fa15d6252ab.jpg,1,0,0,1,0.01
PP-30_jpg.rf.d295d344f9162b363bc8de98d3df4d37.jpg,1,0,0,1,0.01
PP-31-_jpg.rf.179ea022b4ebf05a85689c2ba1fddb17.jpg,1,0,0,1,0.01
PP-310_jpg.rf.a770b1bccaa52c651471fc99e18c98ee.jpg,1,0,0,1,0.01
PP-311_jpg.rf.bec92c768a7d8d720b321eb5d784ab9c.jpg,1,0,0,1,0.01
PP-312_jpg.rf.3d1f8e894d0d415bc63d009c808ad20b.jpg,1,0,0,1,0.01
PP-313_jpg.rf.30531e67a4be7f565e1616c1c2b1bf9a.jpg,1,0,0,1,0.01
PP-315_jpg.rf.a115527c1e8dc155bddef009f84d3b72.jpg,1,0,0,1,0.01
PP-316_jpg.rf.4166626f0a21bc7d92459eba914f5186.jpg,1,0,0,1,0.01
PP-317_jpg.rf.c30abac66d47df20908aa633d7d71909.jpg,1,0,0,1,0.01
PP-318_jpg.rf.139e8d813ae3e3d8f0bbd713d7c4824a.jpg,1,0,0,1,0.01
PP-31_jpg.rf.0cf7d19f6bf81386655de0004efab89f.jpg,1,0,0,1,0.01
PP-31_jpg.rf.35116a90ed235c455d2ad5b0272b7835.jpg,1,0,0,1,0.01
PP-32-_jpg.rf.06ca4525cff025c8ed682678f5b82133.jpg,1,0,0,1,0.01
PP-320_jpg.rf.03115736d9922bf5e108eecdc57e82b5.jpg,1,0,0,1,0.01
PP-321_jpg.rf.3491638e898380eace6ea3d0041a6e20.jpg,1,0,0,1,0.01
PP-322_jpg.rf.9d532aba453a2fffc6c79127ec6bd22b.jpg,1,0,0,1,0.01
PP-323_jpg.rf.8754f4d4a7a63071541cc1200033cb1d.jpg,1,0,0,1,0.01
PP-324_jpg.rf.775c16ed0751082249fc85dc954a0068.jpg,1,0,0,1,0.01
PP-325_jpg.rf.3825f9a2b8cb8b1e2bc707117aeed918.jpg,1,0,0,1,0.01
PP-326_jpg.rf.1772c62fcc6626cdae29f17d1f622c75.jpg,1,0,0,1,0.01
PP-327_jpg.rf.c64b59614eca15efeaeb26e775955ec1.jpg,1,0,0,1,0.01
PP-328_jpg.rf.a3a5a9cc7dd60b84137dfdd3508d4ed6.jpg,1,0,0,1,0.01
PP-329_jpg.rf.c5cf3a2e55222a34f97de50ff5599df8.jpg,0,0,1,1,0.01
PP-32_jpg.rf.0973bcb1dc00d0c1915178752c1fadae.jpg,1,0,0,1,0.01
PP-32_jpg.rf.428c6c6a400d582658d5cce5bc9e138d.jpg,1,0,0,1,0.01
PP-33-_jpg.rf.c4ba378e1ee1f69b26c344b509a74cf8.jpg,1,0,0,1,0.01
PP-330_jpg.rf.7b14a42dbbb58f5213ca23991c748bf7.jpg,1,0,0,1,0.01
PP-331_jpg.rf.84b7705377c33fa663b62876fa5b0fa5.jpg,1,0,0,1,0.01
PP-332_jpg.rf.97b7f111ad9506cf3c8281c0a94a6002.jpg,1,0,0,1,0.01
PP-333_jpg.rf.ad1b47296b2ee0d29dcebca87b57b858.jpg,0,0,1,1,0.01
PP-334_jpg.rf.4fd0ecdbe4cd78660c53d428689ef286.jpg,1,0,0,1,0.01
PP-335_jpg.rf.eedcc0cca802126ac8353c8d7faabffb.jpg,1,0,0,1,0.01
PP-336_jpg.rf.9cdca638339c07d934f8106a75638b24.jpg,1,0,0,1,0.01
PP-337_jpg.rf.3cf199f0a49f57073f42405abf824279.jpg,1,0,0,1,0.01
PP-338_jpg.rf.00178fab4d5101fd89cd525b19060cd1.jpg,1,0,0,1,0.01
PP-33_jpg.rf.11cdd0cca055d1664610cdd875718138.jpg,1,0,0,1,0.01
PP-33_jpg.rf.5a2a458132dcb49413e8ee5a70b212bd.jpg,1,0,0,1,0.01
PP-34-_jpg.rf.0f6ff59ff69917983eefbb754e097cf5.jpg,1,0,0,1,0.01
PP-341_jpg.rf.b95961c2baa964f7c975672f50c2df48.jpg,1,0,0,1,0.01
PP-342_jpg.rf.8619de5b114dce93b4f1a98febf83ccb.jpg,1,0,0,1,0.01
PP-343_jpg.rf.c5e0b4a027cbe22caafc8589cb32b24c.jpg,1,0,0,1,0.01
PP-344_jpg.rf.f7f78963a771d1cb5f0cece33c54208a.jpg,0,0,1,1,0.01
PP-345_jpg.rf.c9bd5b42d0b79b86cce4a43b240b19e7.jpg,1,0,0,1,0.01
PP-349_jpg.rf.ea3ff82986c6ebd54787ba050b72441f.jpg,1,0,0,1,0.01
PP-34_jpg.rf.0e909c1c71ee5267a86c3f48192734c3.jpg,1,0,0,1,0.01
PP-34_jpg.rf.92303902bb38b2940753a9b5096ff181.jpg,1,0,0,1,0.01
PP-35-_jpg.rf.a308f38079105cde9bd0ccfd8c51a120.jpg,1,0,0,1,0.01
PP-350_jpg.rf.35ef8b6e0398e4a0233d9302dc9e17e7.jpg,1,0,0,1,0.01
PP-351_jpg.rf.64b4780cc4d4ea102ccd41d9f18a0ca9.jpg,1,0,0,1,0.01
PP-352_jpg.rf.adfba5cff5e40f2cfd856804740a5ac9.jpg,1,0,0,1,0.01
PP-353_jpg.rf.80c99aa12c69996ec562f28d98a55e26.jpg,1,0,0,1,0.01
PP-355_jpg.rf.455916e211d1ee91b92b4eb36f49559a.jpg,0,0,1,1,0.01
PP-356_jpg.rf.81298323dbd06111636288fb59921de6.jpg,0,1,0,1,0.01
PP-357_jpg.rf.3b816ee306461821ebd14d3d12a1c9ab.jpg,0,0,1,1,0.01
PP-358_jpg.rf.1d2b1b588e82abedab72eb0e5f6f5c35.jpg,1,0,0,1,0.01
PP-35_jpg.rf.8b4433d7da71dab4def5eeca8ebc29d4.jpg,0,0,1,1,0.01
PP-35_jpg.rf.cf0db9612c5b7d558bbea68bacdaddc8.jpg,1,0,0,1,0.01
PP-36-_jpg.rf.dd97f8b14957f91f0fddf2c9e5b7e9f1.jpg,1,0,0,1,0.01
PP-361_jpg.rf.a0ee0f0d2f2f81c96fe2f9b623847fcc.jpg,0,1,0,1,0.01
PP-362_jpg.rf.80ea23ce5b6f2893c123111b0d1b5e13.jpg,1,0,0,1,0.01
PP-363_jpg.rf.940e27da31d031a150c6606f88939c91.jpg,0,0,1,1,0.01
PP-364_jpg.rf.6da1d9c6cadff0d9d55df47ac72c3333.jpg,1,0,0,1,0.01
PP-366_jpg.rf.5df56f68815a7d24da874a76c3796f04.jpg,0,1,0,1,0.01
PP-367_jpg.rf.e5684f3c4c0b887fe8b9ed59c4a9d32e.jpg,0,0,1,1,0.01
PP-368_jpg.rf.cc776a0ce81236b7c9ff89404a2819dd.jpg,0,0,1,1,0.01
PP-369_jpg.rf.bb044a83b8afa3e5c7bfcbfdf1af119a.jpg,1,0,0,1,0.01
PP-36_jpg.rf.70998edb613c51fb1b5adc6bdcd37205.jpg,1,0,0,1,0.01
PP-36_jpg.rf.af2c27ea49b1c7a24355140dde54a7f6.jpg,1,0,0,1,0.01
PP-370_jpg.rf.d62e51ff37b346e2624efb1f27652279.jpg,0,0,1,1,0.01
PP-371_jpg.rf.ade14ca5526cbf53b558746d48f69545.jpg,0,0,1,1,0.01
PP-372_jpg.rf.17add574d8933edf4346696e619df3b4.jpg,1,0,0,1,0.01
PP-373_jpg.rf.35f615fb281eb97ba91e5c3ebc684bca.jpg,0,0,1,1,0.01
PP-374_jpg.rf.36cc5024b34f84138f6a67a7f28266e9.jpg,0,0,1,1,0.01
PP-376_jpg.rf.2b00c88b147463547b6af6b40d50de4a.jpg,1,0,0,1,0.01
PP-377_jpg.rf.71b6bcb3e86e70efd8c7020a9373e0e6.jpg,0,0,1,1,0.01
PP-378_jpg.rf.470594701748035058724cfd08fd69a2.jpg,1,0,0,1,0.01
PP-37_jpg.rf.173c898526d3c7783bace509d5fe65c7.jpg,0,1,0,1,0.01
PP-37_jpg.rf.f93d9a33abf17fa0c1913e8be8c95aa4.jpg,1,0,0,1,0.01
PP-38-_jpg.rf.b54e6f9ed6dac616b6e49f4ba56af224.jpg,1,0,0,1,0.01
PP-380_jpg.rf.fef5af962bd2192b1427b36ae8c0367e.jpg,1,0,0,1,0.01
PP-381_jpg.rf.0d1595ce71e959ce0ee7f0a1676a1b5b.jpg,1,0,0,1,0.01
PP-382_jpg.rf.51df112f4d6ef30aa313186acc631569.jpg,0,0,1,1,0.01
PP-383_jpg.rf.d756c2dbb928404af2c4d7faefe6f3b5.jpg,0,0,1,1,0.01
PP-384_jpg.rf.4f9cd79e9d41cfd6f1f253babeb39c94.jpg,0,1,0,1,0.01
PP-387_jpg.rf.cc51332536fa8eafa373d90bb451ef50.jpg,0,1,0,1,0.01
PP-388_jpg.rf.c2daa90d1b5d7898024d2408a491d4b4.jpg,0,1,0,1,0.01
PP-389_jpg.rf.66fb742e13c99474aed037a284e512ed.jpg,0,0,1,1,0.01
PP-38_jpg.rf.29b16bd36f3736179f9f1dca8d367f2f.jpg,1,0,0,1,0.01
PP-38_jpg.rf.fa60e751036c06d8e7bfa65349af64a0.jpg,1,0,0,1,0.01
PP-391_jpg.rf.07b126c5534fdaade329160d690cf014.jpg,1,0,0,1,0.01
PP-393_jpg.rf.a2b55a9e10e28d53a8ae653fa6096084.jpg,1,0,0,1,0.01
PP-394_jpg.rf.2a8083e596ab476f356294e729e68eea.jpg,1,0,0,1,0.01
PP-395_jpg.rf.4d574561f67ebe609edca4713f203cb9.jpg,1,0,0,1,0.01
PP-396_jpg.rf.0280cfe576ebeb0ac0f528337aacb607.jpg,0,0,1,1,0.01
PP-397_jpg.rf.5b25735f1fa0ac5957290ff3e536e2cf.jpg,1,0,0,1,0.01
PP-398_jpg.rf.365ccbcf88fec74380b89dd7616c9cbc.jpg,1,0,0,1,0.01
PP-399_jpg.rf.a1a7645798972521eb02fa0a2dff92f4.jpg,0,0,1,1,0.01
PP-39_jpg.rf.85fb4f32524b22f180cd7f429813ac64.jpg,1,0,0,1,0.01
PP-39_jpg.rf.95c271c7961d7f5295cb2933d7c2a234.jpg,1,0,0,1,0.01
PP-3_jpg.rf.9ca56bb931f7704acd72e6ba3cd65ffa.jpg,1,0,0,1,0.01
PP-3_jpg.rf.bc91247a748c2e019610ac996a3726ae.jpg,0,0,1,1,0.01
PP-3_jpg.rf.c3595bacf1f24aa117019f2c39ce39a1.jpg,1,0,0,1,0.01
PP-4-_jpg.rf.51b373f3c8b220fc84e4c9cfe0b35304.jpg,0,0,1,1,0.01
PP-40-_jpg.rf.ec8012ba78f37d388724e8e562b35833.jpg,0,0,1,1,0.01
PP-401_jpg.rf.93d456c5ee2656d14129defceb1cf737.jpg,1,0,0,1,0.01
PP-402_jpg.rf.65f4d626716fc0224d12857e33f80c13.jpg,1,0,0,1,0.01
PP-403_jpg.rf.dd0e4cba126c12c91ca98f1e23fc2063.jpg,1,0,0,1,0.01
PP-405_jpg.rf.f8be3f5fc715ee97d9184160425a3920.jpg,1,0,0,1,0.01
PP-407_jpg.rf.5b49b0c5f3e37f748981ee009c2e95cf.jpg,1,0,0,1,0.01
PP-408_jpg.rf.4bd73fe8c820dc31ea746cbcd2070ff8.jpg,1,0,0,1,0.01
PP-409_jpg.rf.37b6d56aafa78818365c68af5e2377db.jpg,1,0,0,1,0.01
PP-40_jpg.rf.7a5ee4d6926b7030a083f600739369e2.jpg,1,0,0,1,0.01
PP-40_jpg.rf.93d9d6ba1cb287a400ac8acd0fa6bb31.jpg,0,0,1,1,0.01
PP-410_jpg.rf.4c06224bbf6eacd28f35140461e2f09f.jpg,1,0,0,1,0.01
PP-411_jpg.rf.bf8204e502b16799824802dddb54db1e.jpg,0,0,1,1,0.01
PP-412_jpg.rf.b5107d64941f69a1567a032bc933e3fe.jpg,1,0,0,1,0.01
PP-413_jpg.rf.6401c1f843a7d95f1220c01d6559cbec.jpg,0,0,1,1,0.01
PP-414_jpg.rf.9a8489f087bd4085ed3da76b91a9dde6.jpg,0,0,1,1,0.01
PP-415_jpg.rf.8b75f764aafae5fe8f15f68ee5a0aaeb.jpg,1,0,0,1,0.01
PP-416_jpg.rf.dcb48367d0ab84db6308e04f6d40433c.jpg,0,1,0,1,0.01
PP-417_jpg.rf.c509617e39a3ffd7e5f16a25969c2a6a.jpg,1,0,0,1,0.01
PP-419_jpg.rf.c37fb6dd02d45a73703abc0364b075c5.jpg,1,0,0,1,0.01
PP-41_jpg.rf.bd5b2f146c3be96c4711f08012077f0c.jpg,1,0,0,1,0.01
PP-41_jpg.rf.ead0ed21d58fa4b6212ed6be0f8b7352.jpg,1,0,0,1,0.01
PP-420_jpg.rf.4b6bc875f285957a3583c9a320ae0316.jpg,1,0,0,1,0.01
PP-421_jpg.rf.ecab5c10a08e21496e3a9f5c0f0850c5.jpg,1,0,0,1,0.01
PP-422_jpg.rf.e7ac5eaa89aecb40f7a98873cc62ab7a.jpg,1,0,0,1,0.01
PP-425_jpg.rf.b305c461b67fd6eb394e5cbd1c35109d.jpg,0,0,1,1,0.01
PP-426_jpg.rf.90128ae64f2b668818f08141c0710c0e.jpg,1,0,0,1,0.01
PP-427_jpg.rf.a28f7cdd3429d34e32243dbb760e7709.jpg,0,0,1,1,0.01
PP-428_jpg.rf.2a4f0487c93bcc37174a529ffbb1863f.jpg,0,0,1,1,0.01
PP-429_jpg.rf.f9f3b0925f0398009c0ecbb2c3aa9ea9.jpg,1,0,0,1,0.01
PP-42_jpg.rf.77df25e0069f3c859849c01495d50544.jpg,1,0,0,1,0.01
PP-42_jpg.rf.9822ac65c35b6d68f04a5331221c6b3c.jpg,0,0,1,1,0.01
PP-43-_jpg.rf.88341e89f3ac239178674fb07d9ef89d.jpg,1,0,0,1,0.01
PP-430_jpg.rf.125bc297ae6ecbf759047cc3ddfa144d.jpg,1,0,0,1,0.01
PP-431_jpg.rf.7722d7d7765f6c1345fc375f7609ca7d.jpg,0,0,1,1,0.01
PP-432_jpg.rf.530103cda35ec1d4616df113990599d9.jpg,0,0,1,1,0.01
PP-434_jpg.rf.2465a6510c6588d9eb165d03b8d300e9.jpg,1,0,0,1,0.01
PP-435_jpg.rf.e35f1d885a2428fc6c69b8c79c40a547.jpg,0,0,1,1,0.01
PP-436_jpg.rf.7513eca9480cd6f05b6c541360ccc61d.jpg,1,0,0,1,0.01
PP-437_jpg.rf.1f5327eea9feec09966c46c737a980e8.jpg,1,0,0,1,0.01
PP-438_jpg.rf.70b7368a001bf27d9c5720794182fbe7.jpg,1,0,0,1,0.01
PP-439_jpg.rf.25ae552c3be1bcacb2a07acf3a257413.jpg,1,0,0,1,0.01
PP-43_jpg.rf.106b7aaff7e441a1acc30503db480e85.jpg,1,0,0,1,0.01
PP-43_jpg.rf.5fcb6057412ae136b96a8eef5901fb84.jpg,0,1,0,1,0.01
PP-44-_jpg.rf.418f344ee380805fa9abbb177cfb7bf6.jpg,1,0,0,1,0.01
PP-440_jpg.rf.5fdaa86b8f643132475db6ebf3a2c6fa.jpg,1,0,0,1,0.01
PP-441_jpg.rf.a0634c31fb1ac18155f3d1f3c6e201ee.jpg,1,0,0,1,0.01
PP-444_jpg.rf.4410335539579072def93c6ab451fd0e.jpg,1,0,0,1,0.01
PP-446_jpg.rf.eb1d10400475f0178562521d6146d313.jpg,1,0,0,1,0.01
PP-447_jpg.rf.818efd073352833b2188d1f0b14b6953.jpg,1,0,0,1,0.01
PP-448_jpg.rf.453f0cd052a472b59ab51d9007b743a2.jpg,1,0,0,1,0.01
PP-449_jpg.rf.23ddc28ff109334b2936092906309211.jpg,1,0,0,1,0.01
PP-44_jpg.rf.4586e0ee9bd088f347f704c570ed4357.jpg,1,0,0,1,0.01
PP-44_jpg.rf.5fdf1ea6a9f925ac48d58f72d3265e0d.jpg,1,0,0,1,0.01
PP-450_jpg.rf.758e94498c164582a4529391c8db51f4.jpg,0,0,1,1,0.01
PP-451_jpg.rf.b2ee10b33fe98b41a1cb97dbe15746a8.jpg,1,0,0,1,0.01
PP-452_jpg.rf.1c068b58b1a0654b22176b8f3d938c78.jpg,1,0,0,1,0.01
PP-453_jpg.rf.dbe8c6f035866178dce7d850a444f314.jpg,1,0,0,1,0.01
PP-454_jpg.rf.2774f6d97fcf769c00f92040931d56e0.jpg,0,0,1,1,0.01
PP-455_jpg.rf.8b0232c04dba506e81791146106f3bed.jpg,1,0,0,1,0.01
PP-456_jpg.rf.ae5b22943201ba2537e11691b69bae22.jpg,1,0,0,1,0.01
PP-457_jpg.rf.49340605a42834e91b469ebfa86d7059.jpg,1,0,0,1,0.01
PP-458_jpg.rf.ab53c57bbd91b5fb4e1cbed823f9af15.jpg,1,0,0,1,0.01
PP-459_jpg.rf.567e419532e5e3e8a15c1abcc27bc718.jpg,1,0,0,1,0.01
PP-45_jpg.rf.3b48082f8aebfecdd65cb28bb6d133d0.jpg,1,0,0,1,0.01
PP-45_jpg.rf.e736745f236de0adf4f35c9f7a5b2caf.jpg,1,0,0,1,0.01
PP-460_jpg.rf.bf3712d785477beaf26c28cd469c7b19.jpg,1,0,0,1,0.01
PP-461_jpg.rf.350e9a857e1dfeebf826cb180f8e8eb1.jpg,1,0,0,1,0.01
PP-462_jpg.rf.da22d76e41876708273bb7ec71647659.jpg,0,0,1,1,0.01
PP-463_jpg.rf.b9dac2c898145e8ce1bffd080f90e51d.jpg,1,0,0,1,0.01
PP-464_jpg.rf.f12138136ed88682e24712f5f64857c9.jpg,1,0,0,1,0.01
PP-465_jpg.rf.64ea288e468053625d40a972813d56e8.jpg,1,0,0,1,0.01
PP-466_jpg.rf.a1556479fe590bb2788fa818a3dbca4c.jpg,1,0,0,1,0.01
PP-467_jpg.rf.50a1ecc338783f01549e010f556d4a65.jpg,0,0,1,1,0.01
PP-468_jpg.rf.7a44783510bd8829c4d9505ec43dbc2b.jpg,1,0,0,1,0.01
PP-469_jpg.rf.ff84059020c297b7f9a12824206cf56a.jpg,1,0,0,1,0.01
PP-46_jpg.rf.87f4736752c216ef05b2647df93a2a19.jpg,1,0,0,1,0.01
PP-46_jpg.rf.f190bb64074a665a909888889145d7fa.jpg,0,0,1,1,0.01
PP-470_jpg.rf.8b0dadb1911e2d168328c6daa511bf64.jpg,1,0,0,1,0.01
PP-471_jpg.rf.cc15e2718f65b99ee07f8a3b32e14df0.jpg,1,0,0,1,0.01
PP-472_jpg.rf.a20f1f025a3bf01a8812899965f1a478.jpg,1,0,0,1,0.01
PP-473_jpg.rf.265a1cf9af84f616fa406cee48e3e0db.jpg,0,0,1,1,0.01
PP-474_jpg.rf.57f6c3146d97ec009061ec2a86b5679f.jpg,1,0,0,1,0.01
PP-475_jpg.rf.8c9a60f935897dc0f64a92b4ea9e1774.jpg,1,0,0,1,0.01
PP-476_jpg.rf.3dfcc8caad4b91f03f64d8432ed9fc71.jpg,0,0,1,1,0.01
PP-477_jpg.rf.1cf2833e807dd888f2b8420f5a192018.jpg,0,0,1,1,0.01
PP-478_jpg.rf.b4fc7ae81d64e2dc337ce253c67624a6.jpg,0,0,1,1,0.01
PP-479_jpg.rf.92f4144de30e14c9685ff72093cd1dbb.jpg,0,1,0,1,0.01
PP-47_jpg.rf.67d6a3d9d68cdf4cc025a43c33249300.jpg,0,0,1,1,0.01
PP-47_jpg.rf.f35985d82d2422fd4ed0ba9b01f00844.jpg,1,0,0,1,0.01
PP-48-_jpg.rf.978634365b60196d0dd32441919c9301.jpg,0,1,0,1,0.01
PP-480_jpg.rf.dfbfe12ab86ebf969d74192a11213588.jpg,1,0,0,1,0.01
PP-481_jpg.rf.5fad57d81bf3d17a950a8c9cfa630f92.jpg,1,0,0,1,0.01
PP-482_jpg.rf.3698108459f487326c5b99b0e4d430a3.jpg,1,0,0,1,0.01
PP-483_jpg.rf.c01af6b72ec0e3e939f68bf9e6a52869.jpg,1,0,0,1,0.01
PP-484_jpg.rf.73a02d35ae855d9193a9d939d7507654.jpg,1,0,0,1,0.01
PP-485_jpg.rf.451b5e7f8e3fa98a7533cc06070ee8e8.jpg,1,0,0,1,0.01
PP-486_jpg.rf.87a06e7eb4e94a7d53d9fa279c99537e.jpg,1,0,0,1,0.01
PP-48_jpg.rf.17f96a774be2b09f3e4fb82f876710b5.jpg,0,0,1,1,0.01
PP-48_jpg.rf.44b58b0a3044bdc707438dda85cbdc94.jpg,1,0,0,1,0.01
PP-491_jpg.rf.983e023b1c75c34b4467041e2c9e0a25.jpg,1,0,0,1,0.01
PP-492_jpg.rf.f3e51eba613b29e50286771cfe905962.jpg,0,1,0,1,0.01
PP-493_jpg.rf.3b16911c3013a56124cb77a44d1605af.jpg,1,0,0,1,0.01
PP-494_jpg.rf.c0d74afa48ead142fdf2c7a3db25538f.jpg,0,0,1,1,0.01
PP-495_jpg.rf.52bd68e88ec8c049b3adde363c334cdb.jpg,1,0,0,1,0.01
PP-496_jpg.rf.0bb8f902c8ee9d8048084648aded64ba.jpg,1,0,0,1,0.01
PP-497_jpg.rf.1c749726cc9e86f85232b56996d255e5.jpg,0,0,1,1,0.01
PP-498_jpg.rf.3fe084a259808e6fea387d4e8498ec53.jpg,1,0,0,1,0.01
PP-499_jpg.rf.4c8632f7d75362c628338d5598f62fbc.jpg,1,0,0,1,0.01
PP-49_jpg.rf.8cb5138f8b9f8b26ccd41237487b4b8b.jpg,1,0,0,1,0.01
PP-49_jpg.rf.9a67eefbf1791e12ce075693cd53eb4e.jpg,1,0,0,1,0.01
PP-4_jpg.rf.344646928a4d9d47562dd233d7d030e2.jpg,0,1,0,1,0.01
PP-4_jpg.rf.5403b02326b1bbc9fd094dcdd13f7ecc.jpg,1,0,0,1,0.01
PP-4_jpg.rf.fd4c13c64aa327b26b4fe5622b712b40.jpg,0,0,1,1,0.01
PP-5-_jpg.rf.eff3af1424e46e53c40bb2427a283377.jpg,1,0,0,1,0.01
PP-50-_jpg.rf.21ee439251da0e504793c029721dd209.jpg,1,0,0,1,0.01
PP-500_jpg.rf.d853fccfdfe01af554926115e6bbfcbb.jpg,1,0,0,1,0.01
PP-501_jpg.rf.b879491e790074075f141fa2b7e2ef32.jpg,1,0,0,1,0.01
PP-502_jpg.rf.62bad6e30d766499cd955a24e53aa6b6.jpg,0,1,0,1,0.01
PP-503_jpg.rf.32e5563decc62308eb4771dc951b073b.jpg,1,0,0,1,0.01
PP-504_jpg.rf.2da4c0f53a11f39e5cf08fd6cc1e7634.jpg,0,0,1,1,0.01
PP-505_jpg.rf.4509f2efeca140427c61b3fe0cb1ed67.jpg,1,0,0,1,0.01
PP-506_jpg.rf.b003effa70935e374bbc5d3a53edc524.jpg,0,1,0,1,0.01
PP-50_jpg.rf.05fd1698d82059e858cc40827fdf1706.jpg,1,0,0,1,0.01
PP-50_jpg.rf.bac11d342c668138960158bec71b1d08.jpg,1,0,0,1,0.01
PP-51-_jpg.rf.7d5030751b711b498ef6b39073dc9a9b.jpg,0,1,0,1,0.01
PP-511_jpg.rf.bb7f94d82accbd0b2703f760bc6901b4.jpg,1,0,0,1,0.01
PP-512_jpg.rf.1f656915a5db8d0c4704cd4271eef313.jpg,1,0,0,1,0.01
PP-513_jpg.rf.dfedaca7c5c323b46ef224e3f2178ba9.jpg,0,0,1,1,0.01
PP-514_jpg.rf.2469f46faec6e535dbf35c65fbb8c00c.jpg,1,0,0,1,0.01
PP-516_jpg.rf.0756478e6c8ff7e8a68d98fe25843ad2.jpg,1,0,0,1,0.01
PP-517_jpg.rf.5575cca90affa31ef44dc59917bcc752.jpg,1,0,0,1,0.01
PP-518_jpg.rf.46a3f5aea1f007208f228baca79756d7.jpg,1,0,0,1,0.01
PP-519_jpg.rf.3d5c66bda816a9dff90d66b6fec74819.jpg,1,0,0,1,0.01
PP-51_jpg.rf.7bd00f241a87f18517cd0f2bc6e05a60.jpg,1,0,0,1,0.01
PP-51_jpg.rf.a7d0074c477cd7e1874459bfa58faf82.jpg,1,0,0,1,0.01
PP-520_jpg.rf.2b43d2a9234f8fb5101fbfc47f3eae7e.jpg,1,0,0,1,0.01
PP-521_jpg.rf.799c87a4d0b17ea97d8fb8767c364533.jpg,0,0,1,1,0.01
PP-522_jpg.rf.7324363bfe8937943e007339026588bc.jpg,0,1,0,1,0.01
PP-524_jpg.rf.282fafadff4ff7d0256263bad3c3ec8d.jpg,1,0,0,1,0.01
PP-525_jpg.rf.7ec6b4f483e2d18ad3f6d17f127b80fb.jpg,1,0,0,1,0.01
PP-526_jpg.rf.6c0912686ac127ea38331fe10386218e.jpg,0,1,0,1,0.01
PP-52_jpg.rf.b3d1df75a15d392741adfd1b2f81a6a4.jpg,1,0,0,1,0.01
PP-52_jpg.rf.e03861e07b14ddc15d36664d6c2f757a.jpg,1,0,0,1,0.01
PP-53-_jpg.rf.5db9d85bbd5abecf55c930cd17fe2e81.jpg,1,0,0,1,0.01
PP-532_jpg.rf.4830ae8cd2fd76946b72035d24e04c15.jpg,1,0,0,1,0.01
PP-533_jpg.rf.4fe729bde12801c68fc1ea128504913d.jpg,1,0,0,1,0.01
PP-535_jpg.rf.ce483296050eb3ead998bd289c8fad1d.jpg,0,1,0,1,0.01
PP-536_jpg.rf.814e931f7a147c84ce0f5440bf5aa9b7.jpg,1,0,0,1,0.01
PP-537_jpg.rf.e28b8539ba3f097c144794346683e76c.jpg,1,0,0,1,0.01
PP-538_jpg.rf.264214dde875b4631d464f9a30db53d9.jpg,1,0,0,1,0.01
PP-539_jpg.rf.646f7c0b9c08c5a15d4871da019d83ab.jpg,0,0,1,1,0.01
PP-53_jpg.rf.c7925d48949152542de837e2e01703ae.jpg,1,0,0,1,0.01
PP-53_jpg.rf.e859ab1804456f70a14c569eee6e54b4.jpg,1,0,0,1,0.01
PP-54-_jpg.rf.694efe72a0e1ba0a205164125e10d5f6.jpg,0,1,0,1,0.01
PP-540_jpg.rf.9134d2d882c0bc2930406967e7ed7351.jpg,1,0,0,1,0.01
PP-541_jpg.rf.bef7a39764c8f3d7711b0455c28689eb.jpg,1,0,0,1,0.01
PP-542_jpg.rf.57538e2e0ed8168025eaa6394c00cc2c.jpg,1,0,0,1,0.01
PP-543_jpg.rf.fb62f372c6a20ba95c9ca2a9414a337d.jpg,1,0,0,1,0.01
PP-544_jpg.rf.9045eb6c408406f0aefe50742f384f5d.jpg,1,0,0,1,0.01
PP-545_jpg.rf.3e2745e088c3a0f5bb0323c439ccd548.jpg,1,0,0,1,0.01
PP-546_jpg.rf.5195ee178a2a76ff751e52d9e0c921e9.jpg,1,0,0,1,0.01
PP-54_jpg.rf.55fe3b2dd18b5f4d00d8318a81f9f805.jpg,1,0,0,1,0.01
PP-54_jpg.rf.ac418a18525f779988cf63f763d6e802.jpg,0,0,1,1,0.01
PP-55-_jpg.rf.3ad41cf6d8e1a6261a42d92bbc8dcea3.jpg,1,0,0,1,0.01
PP-552_jpg.rf.9a41b83d785c97b7f1941e79d48040cd.jpg,0,0,1,1,0.01
PP-553_jpg.rf.34ad8ae7c0535864ec59e78f763e8bdd.jpg,1,0,0,1,0.01
PP-554_jpg.rf.1cd0d17b9bd64773370d1024f71e23a2.jpg,1,0,0,1,0.01
PP-556_jpg.rf.8703addaa7797b3b585b7b1890448bdb.jpg,1,0,0,1,0.01
PP-557_jpg.rf.cb7369bfce33288082412654fb513d5b.jpg,1,0,0,1,0.01
PP-558_jpg.rf.90f4569234a221cbea11e8248619a104.jpg,1,0,0,1,0.01
PP-559_jpg.rf.bff2684ddc135ff1319cf1c79f7abfff.jpg,0,1,0,1,0.01
PP-55_jpg.rf.29917e674d24937d8bdae1762277b759.jpg,0,0,1,1,0.01
PP-55_jpg.rf.4340c6a3de4155e04928b51fbd6d5a65.jpg,1,0,0,1,0.01
PP-56-_jpg.rf.ff68fac9e37118223b4c24c3a260e4d5.jpg,1,0,0,1,0.01
PP-560_jpg.rf.d9a200cbb6b3865cde5cd85bd1fdef0c.jpg,0,0,1,1,0.01
PP-561_jpg.rf.90dab59cefcac4d7baabeb4a3df2337b.jpg,1,0,0,1,0.01
PP-562_jpg.rf.bb60387e8ea7a9dab2063a24ab6377f5.jpg,0,0,1,1,0.01
PP-563_jpg.rf.dbb7284be5b0276f46da906e1764689b.jpg,0,1,0,1,0.01
PP-564_jpg.rf.c888afa2e879dcdbb0bdfa28fd084725.jpg,0,1,0,1,0.01
PP-566_jpg.rf.b5bfa1ab3df51c1d71f0df4173bbba23.jpg,1,0,0,1,0.01
PP-56_jpg.rf.4a52cdfd7e11501c2a0f42cb2a73d16a.jpg,1,0,0,1,0.01
PP-56_jpg.rf.d01acee9deba80c6287200953dee11e9.jpg,1,0,0,1,0.01
PP-571_jpg.rf.d72b5eb453142f2ca357a582a002d488.jpg,0,0,1,1,0.01
PP-572_jpg.rf.0ee654ee1ea378eebfcdc54f0614aba6.jpg,1,0,0,1,0.01
PP-573_jpg.rf.c624303cade07f1bea6585f9f5a839f6.jpg,0,0,1,1,0.01
PP-574_jpg.rf.c5c3e2b8e6c17ff10ab2c2ffb84ecedc.jpg,1,0,0,1,0.01
PP-575_jpg.rf.de50afc5f88332a57474e0f4f4d6e543.jpg,1,0,0,1,0.01
PP-576_jpg.rf.ec1381f3cda843895acbc9b341415c3a.jpg,0,0,1,1,0.01
PP-577_jpg.rf.00f853d98cb4f6540faf8523dfeb3125.jpg,0,0,1,1,0.01
PP-579_jpg.rf.b286bdebe3eeb983bb1fa68a4fd36e65.jpg,1,0,0,1,0.01
PP-57_jpg.rf.1359962f3e8f5c23d529e7442a97ec7c.jpg,1,0,0,1,0.01
PP-57_jpg.rf.d615517456fe1368663ba06985922031.jpg,0,1,0,1,0.01
PP-58-_jpg.rf.b4b7e3b7eea283145d2b8c641649efa9.jpg,0,1,0,1,0.01
PP-581_jpg.rf.5e5eff979c0eb29aa7303dd821e4286f.jpg,0,0,1,1,0.01
PP-583_jpg.rf.97a46612126d4f6f15f88212746a9565.jpg,1,0,0,1,0.01
PP-584_jpg.rf.04975b5da78d38023e4536a819049ff3.jpg,1,0,0,1,0.01
PP-585_jpg.rf.ce6c9410818283c04a416924c7e927cd.jpg,1,0,0,1,0.01
PP-586_jpg.rf.efacdae1d3aabc5b0c4bab0965127814.jpg,1,0,0,1,0.01
PP-589_jpg.rf.b78e5225516db68fd440d158a1899763.jpg,1,0,0,1,0.01
PP-58_jpg.rf.3c2278be304066e19a49fc1bc4e0f49c.jpg,1,0,0,1,0.01
PP-58_jpg.rf.5f0ceac66a9b041aa67838224b18e0f2.jpg,1,0,0,1,0.01
PP-59-_jpg.rf.530e2a459f8c86bd1b6aa510b69bd9d8.jpg,1,0,0,1,0.01
PP-592_jpg.rf.2763f025ee1850f6de8a19829bd54c6f.jpg,1,0,0,1,0.01
PP-593_jpg.rf.0e8907dd01ebc7509f6d7385949d78d9.jpg,1,0,0,1,0.01
PP-594_jpg.rf.0e12cfa3ca35ccecf6078a2811189a43.jpg,0,1,0,1,0.01
PP-595_jpg.rf.c80214c423142a9d5b2eb18f6ba74cdb.jpg,0,0,1,1,0.01
PP-596_jpg.rf.77148fe7b053aa1fa3f5fd6b4a8d19a2.jpg,1,0,0,1,0.01
PP-597_jpg.rf.ccbda47a3ca4542c0ebe7fdfed3965a0.jpg,0,0,1,1,0.01
PP-598_jpg.rf.c3425e0fcdc6cbdbf9f4252668950cc4.jpg,1,0,0,1,0.01
PP-599_jpg.rf.cefb2cbc1eb3af2ae036d920a22d80dc.jpg,1,0,0,1,0.01
PP-59_jpg.rf.93abb021aa9597537a09fc3304cfc6c2.jpg,0,1,0,1,0.01
PP-59_jpg.rf.d376075cc120bbb8c698e6703336640d.jpg,1,0,0,1,0.01
PP-5_jpg.rf.1f228ca7eca28329451d1f1db2ca715d.jpg,1,0,0,1,0.01
PP-5_jpg.rf.57c2a4cca2b948bbd65ff19e70700b3a.jpg,1,0,0,1,0.01
PP-5_jpg.rf.a20317d950853f1ab6a6677a7e140b4f.jpg,1,0,0,1,0.01
PP-6-_jpg.rf.35ce1eb5c5c7116496d861127a507ec2.jpg,1,0,0,1,0.01
PP-60-_jpg.rf.da98ecc74b7a63557a6d902c37369d00.jpg,1,0,0,1,0.01
PP-600_jpg.rf.3493ad4ff9af84b32858974abb1b16b5.jpg,0,0,1,1,0.01
PP-601_jpg.rf.ba6626440a73c1099b851db8c62a1ef0.jpg,1,0,0,1,0.01
PP-604_jpg.rf.40287362a371808fbc770117c5f76e42.jpg,1,0,0,1,0.01
PP-605_jpg.rf.df402bc29905684b3084667ca663f5a3.jpg,1,0,0,1,0.01
PP-60_jpg.rf.0ab6854728951cc834e16f050863c1c7.jpg,1,0,0,1,0.01
PP-60_jpg.rf.5f4a7341482ddb00aa76712f14ebb2cb.jpg,1,0,0,1,0.01
PP-612_jpg.rf.7f374991501690fa70ff2ac7c0b9e591.jpg,0,1,0,1,0.01
PP-613_jpg.rf.6fff5a38f7c75516df5ebe132a6eb6e6.jpg,1,0,0,1,0.01
PP-614_jpg.rf.ff5e362c56d52279c335fc911f64def8.jpg,1,0,0,1,0.01
PP-616_jpg.rf.3598f9ec21e0d93d7bf7804c3e018d5d.jpg,1,0,0,1,0.01
PP-617_jpg.rf.23dda247f6848108bac205b62ab3ff86.jpg,1,0,0,1,0.01
PP-61_jpg.rf.34bf11ae3613f6addf1c4ebe782bc831.jpg,1,0,0,1,0.01
PP-61_jpg.rf.fc7b437442234363eb3b11bfd79f90c7.jpg,0,1,0,1,0.01
PP-62-_jpg.rf.8ac5c5753eb953657767d4349a940a7a.jpg,0,1,0,1,0.01
PP-620_jpg.rf.0da7f8cf0562068eda86ea965461b5da.jpg,0,0,1,1,0.01
PP-621_jpg.rf.64d0f9f4ce3eff04f3368d4213e5f556.jpg,1,0,0,1,0.01
PP-622_jpg.rf.ee023c1df34d2589b415f73042d973a5.jpg,1,0,0,1,0.01
PP-623_jpg.rf.09192ee4bd8d3162e44bf630a7c859f7.jpg,0,1,0,1,0.01
PP-624_jpg.rf.09e928758022db52833bbe9e170c3f64.jpg,1,0,0,1,0.01
PP-625_jpg.rf.aae986f7a44acd3588e7acc4771b930e.jpg,0,0,1,1,0.01
PP-626_jpg.rf.b418ecfff7d4e08ceca92a760b6a0259.jpg,1,0,0,1,0.01
PP-627_jpg.rf.4f534a205678dbbbac1986300dd75b03.jpg,1,0,0,1,0.01
PP-629_jpg.rf.29d72b511241264fa50508f039da657b.jpg,1,0,0,1,0.01
PP-62_jpg.rf.4c93b34fae747c7e5e2ad42b2720d3df.jpg,1,0,0,1,0.01
PP-62_jpg.rf.8a1237b8df03e91e0e1e531cbceef989.jpg,1,0,0,1,0.01
PP-63-_jpg.rf.0ddf9fd8cb1898e20cb90da2b541f041.jpg,1,0,0,1,0.01
PP-630_jpg.rf.449b984a6e5277c9606337c38811451e.jpg,1,0,0,1,0.01
PP-631_jpg.rf.e13db37c0997af6f6aee2577d8b964d0.jpg,1,0,0,1,0.01
PP-633_jpg.rf.a037be19492a0d73be89b1d744a21c16.jpg,0,0,1,1,0.01
PP-634_jpg.rf.0b44230ed95d0e4bb947e2b27a10c078.jpg,1,0,0,1,0.01
PP-637_jpg.rf.f01a08c6972ee0b10fb6b48c8e2eeedb.jpg,1,0,0,1,0.01
PP-638_jpg.rf.37b4acb4de2e328b0277ae9af6a43a9c.jpg,0,0,1,1,0.01
PP-639_jpg.rf.681ea5d43e268358cd82d187b4911f24.jpg,1,0,0,1,0.01
PP-63_jpg.rf.5be3c6dad34cab0c4dfac48e9dda874a.jpg,1,0,0,1,0.01
PP-63_jpg.rf.865e29ae4101f60d1a5dcdfc6fa39d79.jpg,1,0,0,1,0.01
PP-64-_jpg.rf.fd17c90b97b7adb17127cfccc2fc5784.jpg,1,0,0,1,0.01
PP-640_jpg.rf.1bf8db11e887a477a429bb7ea0ed2f67.jpg,1,0,0,1,0.01
PP-641_jpg.rf.71f3aa24216067ad97de112b59a5e85e.jpg,1,0,0,1,0.01
PP-642_jpg.rf.6936f81bede4caef3a424dd889d9fdcf.jpg,1,0,0,1,0.01
PP-643_jpg.rf.7afcc34601ddc8ce683726fd873b8134.jpg,1,0,0,1,0.01
PP-644_jpg.rf.6a7a8bcc787b34fc1ce27aa873f1d0ae.jpg,1,0,0,1,0.01
PP-645_jpg.rf.315dd3b1a15065772fa60d7e7ce4e713.jpg,1,0,0,1,0.01
PP-646_jpg.rf.5e928daf1c065bd00990d0e2298888f0.jpg,1,0,0,1,0.01
PP-647_jpg.rf.91694865dc99b1dddfef3bc041d57c41.jpg,1,0,0,1,0.01
PP-649_jpg.rf.1015e7330565a75ffb84ea8601821c14.jpg,1,0,0,1,0.01
PP-64_jpg.rf.82dff5d9beb72b0124ce6fd6520b585c.jpg,1,0,0,1,0.01
PP-64_jpg.rf.cd2dcf5f99cbcea7ae0c7c1343ccfde5.jpg,0,0,1,1,0.01
PP-65-_jpg.rf.e360affb5383f168c1838b98f80c8390.jpg,1,0,0,1,0.01
PP-650_jpg.rf.6dec6026d95cddd239b254391d675b2d.jpg,0,0,1,1,0.01
PP-65_jpg.rf.1c7b76b77c3d6b76e718cc98fd2b2cca.jpg,1,0,0,1,0.01
PP-65_jpg.rf.5da310f6c0c8720c542738ed3f379eef.jpg,1,0,0,1,0.01
PP-66_jpg.rf.5b7e6cf23c3836d4ae6999adfd815b8c.jpg,1,0,0,1,0.01
PP-66_jpg.rf.f40c857faddbb7d56ab0e9a0f8ec82a8.jpg,0,0,1,1,0.01
PP-67-_jpg.rf.f2a00d18b87b96357198540b17a56664.jpg,1,0,0,1,0.01
PP-67_jpg.rf.0563d8a5421205e510393d350a0a659e.jpg,1,0,0,1,0.01
PP-67_jpg.rf.aa972a7c530f5c0d665b80aca7c71e46.jpg,0,0,1,1,0.01
PP-68_jpg.rf.cc2413cbc461c11788f10cb6eab77883.jpg,1,0,0,1,0.01
PP-68_jpg.rf.d88ce068c62d065a6d8b68b1ead10119.jpg,0,1,0,1,0.01
PP-69-_jpg.rf.b99fd8182de2563e1e15b2b951e5afa4.jpg,1,0,0,1,0.01
PP-69_jpg.rf.6e57a6697ecd39bad5d481961af3cd79.jpg,1,0,0,1,0.01
PP-69_jpg.rf.f98a3557bccb19c6c61b65e3e48cf707.jpg,1,0,0,1,0.01
PP-6_jpg.rf.38e59038eacd4588983175f6b7c85643.jpg,1,0,0,1,0.01
PP-6_jpg.rf.c05c10da5ed2787a9b9e196aa3442b5f.jpg,1,0,0,1,0.01
PP-6_jpg.rf.c94c98558385a7a78a8078559f9756fa.jpg,0,1,0,1,0.01
PP-70_jpg.rf.05f771e46b95ab7bd4aceb1711947686.jpg,1,0,0,1,0.01
PP-70_jpg.rf.98120e812f7e0797d5c29ee6b4b46db9.jpg,1,0,0,1,0.01
PP-71-_jpg.rf.22310407adcde52d22762c353bb8a5c6.jpg,1,0,0,1,0.01
PP-71_jpg.rf.8089e5542e62ef4012674403c74a1318.jpg,1,0,0,1,0.01
PP-71_jpg.rf.8fa956c0ac44a55bc64986fbccc5ee11.jpg,0,0,1,1,0.01
PP-72_jpg.rf.022315d64d2efd17d72b584a951431be.jpg,1,0,0,1,0.01
PP-72_jpg.rf.50a4b3fd1f3a88bfd37d4b3a85ce4cbf.jpg,1,0,0,1,0.01
PP-73-_jpg.rf.a342200f26fd62213899fd304574d7e0.jpg,0,0,1,1,0.01
PP-73_jpg.rf.4ecc96a58bfe3f619ad0872b1d94e026.jpg,1,0,0,1,0.01
PP-73_jpg.rf.e042320a50148fb6e783ba50f3fbc82a.jpg,1,0,0,1,0.01
PP-74-_jpg.rf.b7771187ec66199e67ba513ff7362551.jpg,0,0,1,1,0.01
PP-74_jpg.rf.0b142eeed504d77a136fb6644f37ffa3.jpg,1,0,0,1,0.01
PP-74_jpg.rf.1407f7f82bb1669ef7445f279907d9bb.jpg,1,0,0,1,0.01
PP-75-_jpg.rf.39ed3872e6871c82e1bea4a7dbbf5a1c.jpg,0,0,1,1,0.01
PP-75_jpg.rf.3d7613c793b1069d8e4d43679216ef5f.jpg,0,0,1,1,0.01
PP-75_jpg.rf.984c531b4f5a3e1eb2b7734f52343604.jpg,0,0,1,1,0.01
PP-76_jpg.rf.4c4a24ddba90bb02be33a2a55fa81393.jpg,1,0,0,1,0.01
PP-76_jpg.rf.aabe3a417014c3577e4f12f949d74233.jpg,1,0,0,1,0.01
PP-77-_jpg.rf.c720e366cd015a043eea031a40a62825.jpg,0,1,0,1,0.01
PP-77_jpg.rf.070e1b20f77132e2a762a3120b360949.jpg,1,0,0,1,0.01
PP-77_jpg.rf.df65388c11b6c39d37fdb736447e3f0a.jpg,0,0,1,1,0.01
PP-78-_jpg.rf.2abe6cd4d83a29cd9f8b29881bbf8e03.jpg,1,0,0,1,0.01
PP-78_jpg.rf.806a1a054615a9c49a254d776449c97b.jpg,1,0,0,1,0.01
PP-78_jpg.rf.a2e4306b30b9ba382a9b3cebcb57b928.jpg,1,0,0,1,0.01
PP-79_jpg.rf.101b053bc922e127e74a87a656e9c2d8.jpg,1,0,0,1,0.01
PP-79_jpg.rf.ed8a4fb36ffc74b6d9543d257993405c.jpg,0,0,1,1,0.01
PP-7_jpg.rf.574b9eba1ed6e610b388cae90a8111d5.jpg,1,0,0,1,0.01
PP-7_jpg.rf.7d9dc6acbae96fd7c64e6ec65e7a25b9.jpg,1,0,0,1,0.01
PP-80-_jpg.rf.42a11cfca803be701d73a2372abb1d64.jpg,1,0,0,1,0.01
PP-80_jpg.rf.7302f8d33fa7a294f70b8ef9abdc2a41.jpg,1,0,0,1,0.01
PP-80_jpg.rf.b4cfff01c65787897a2e59bada7ace06.jpg,1,0,0,1,0.01
PP-81_jpg.rf.e29d26c3917cd063ad2da7ab8d10657c.jpg,0,0,1,1,0.01
PP-81_jpg.rf.eb17baa889cd290f4a0cb7282f052269.jpg,1,0,0,1,0.01
PP-82-_jpg.rf.9e439fef5586320076128169fc166230.jpg,1,0,0,1,0.01
PP-82_jpg.rf.544277e9ea666ecdb2b9a517bcf0b65b.jpg,1,0,0,1,0.01
PP-82_jpg.rf.c739d91c80a6096ede75149210d08b85.jpg,1,0,0,1,0.01
PP-83-_jpg.rf.69140e3b432e6a341f01c7fe7fc2892e.jpg,1,0,0,1,0.01
PP-83_jpg.rf.ebe8f41b1e798d9cf6eefa729d8a53cc.jpg,1,0,0,1,0.01
PP-83_jpg.rf.fd8ef63e9236de4fdfadc6661b2e1d83.jpg,0,0,1,1,0.01
PP-84_jpg.rf.098fb1ce65fb403152ae16ac9e02e5b0.jpg,1,0,0,1,0.01
PP-84_jpg.rf.baa715209e8f2aa16d1d3322168f8a24.jpg,1,0,0,1,0.01
PP-85-_jpg.rf.456682f49af5d476b0e2d2c5cab0c4b0.jpg,1,0,0,1,0.01
PP-85_jpg.rf.4e2515ae5113355b44e1074986e5f984.jpg,1,0,0,1,0.01
PP-85_jpg.rf.b3c7010ef64e18a510369d244d851d0b.jpg,1,0,0,1,0.01
PP-86_jpg.rf.263532cb296f16b35de60b065ba3c7f7.jpg,1,0,0,1,0.01
PP-86_jpg.rf.a0265e1f36eb9b1169014b0994e49a6d.jpg,1,0,0,1,0.01
PP-87-_jpg.rf.fdaa41b7dbaa735fff738d1a6e32260c.jpg,1,0,0,1,0.01
PP-87_jpg.rf.8412995c0bec047475c546fbe3b074e8.jpg,1,0,0,1,0.01
PP-87_jpg.rf.942d719c4f7a41e9030b273cce9f8507.jpg,0,1,0,1,0.01
PP-88-_jpg.rf.5eb0b7873efe8a0bcf73da13af987c21.jpg,1,0,0,1,0.01
PP-88_jpg.rf.959ed7283bab5e1ba522c6d862a35b17.jpg,1,0,0,1,0.01
PP-88_jpg.rf.9825c15c7bc66228f97f3de9ad49e0d1.jpg,1,0,0,1,0.01
PP-89_jpg.rf.76897138fdd976113d914a6bec53e185.jpg,0,0,1,1,0.01
PP-89_jpg.rf.d244f4827ce0f5706ec959f23e9d9920.jpg,1,0,0,1,0.01
PP-8_jpg.rf.59b5b9f75f1095619b84eece7920a23b.jpg,1,0,0,1,0.01
PP-8_jpg.rf.f8cbf3654defb86482e1fca05b0726a5.jpg,1,0,0,1,0.01
PP-9-_jpg.rf.6285399e069515c8e0cea47beaf071b6.jpg,0,1,0,1,0.01
PP-90-_jpg.rf.0de3c150f15cbb3a4d165d57d6356a51.jpg,1,0,0,1,0.01
PP-90_jpg.rf.2814885d2aade743f10041c71e9b12d1.jpg,1,0,0,1,0.01
PP-90_jpg.rf.8b912edf1061a3085c15fa5ba23aca32.jpg,0,1,0,1,0.01
PP-91-_jpg.rf.2e271c480a55244a21cdda66b31042fd.jpg,1,0,0,1,0.01
PP-91_jpg.rf.631d9b5ec0e4bb98cb7b32a93fee1e7b.jpg,0,0,1,1,0.01
PP-91_jpg.rf.8f4501f85265dcfd4a78cabf66690ffe.jpg,1,0,0,1,0.01
PP-92-_jpg.rf.a8d8088c12b4ea698987575eaffd9bb8.jpg,1,0,0,1,0.01
PP-92_jpg.rf.ce0bb7bbfe5d153ffb4bab7ff163003f.jpg,1,0,0,1,0.01
PP-92_jpg.rf.e791f33b48acf7c60812bade1e056d4f.jpg,1,0,0,1,0.01
PP-93-_jpg.rf.81c16eb463b39135545f7550462b16cc.jpg,0,0,1,1,0.01
PP-93_jpg.rf.2a0171254d971f35ab7bb2b61102c43e.jpg,1,0,0,1,0.01
PP-93_jpg.rf.8c43a988a3a8d983fd7ab3f24bc18109.jpg,1,0,0,1,0.01
PP-94_jpg.rf.294ea269ce46ef77da9f3782c8be4d77.jpg,1,0,0,1,0.01
PP-94_jpg.rf.9808e01e38b19d6c4e9b214c60dead0c.jpg,0,0,1,1,0.01
PP-95-_jpg.rf.b1895fd62ad06cf160061f101b0a3b95.jpg,1,0,0,1,0.01
PP-95_jpg.rf.9a869388e8347dee26075e85c10144b7.jpg,1,0,0,1,0.01
PP-95_jpg.rf.c35b83e8bf44cd0bef684b38401db507.jpg,1,0,0,1,0.01
PP-96-_jpg.rf.fb9db59eda67509ac4faf1d88df3b798.jpg,1,0,0,1,0.01
PP-96_jpg.rf.0dd8352d5eabc55e2dec3cf02173c36c.jpg,1,0,0,1,0.01
PP-96_jpg.rf.38beb5d33cc9dd5d1886a804f2f64971.jpg,0,0,1,1,0.01
PP-97_jpg.rf.12e5a862a16fccb0ac598df3b191bb65.jpg,0,1,0,1,0.01
PP-97_jpg.rf.59d1c1af17554e394d10579e7317a392.jpg,1,0,0,1,0.01
PP-98_jpg.rf.47b89f70ef377b47ca554fe9daf78027.jpg,1,0,0,1,0.01
PP-98_jpg.rf.88093c19b6c85f3008f237c2d10f3b4b.jpg,1,0,0,1,0.01
PP-99-_jpg.rf.c8b83a77152173a271fd7857a8f8e19f.jpg,0,0,1,1,0.01
PP-99_jpg.rf.7e25f14ecf69b103aa32c7ce346cce7f.jpg,0,0,1,1,0.01
PP-99_jpg.rf.ce842ccb8b6ac89a9bb3496d0f90aa88.jpg,1,0,0,1,0.01
PP-9_jpg.rf.abad6d5b069e52a99cf542159cd91124.jpg,1,0,0,1,0.01
PP-9_jpg.rf.f989e8d64a22f028281bb79bf1ed6de7.jpg,1,0,0,1,0.01
PS-0_jpg.rf.4cf532a3084a703d05acba5f1de84b58.jpg,1,0,0,1,0.01
PS-0_jpg.rf.5c2e792c4fe16a63723637447fe1c570.jpg,1,0,0,1,0.01
PS-104_jpg.rf.b7103faf72f3fe387e686239718bab79.jpg,0,0,1,1,0.01
PS-10_jpg.rf.42e8bdb2c6a54ad8c7bfc5b0356cdff0.jpg,1,0,0,1,0.01
PS-11_jpg.rf.c26a8c07aa9bdad2d219b8276f128e14.jpg,1,0,0,1,0.01
PS-12_jpg.rf.e457582cf01f53a93f9905d28b27c013.jpg,1,0,0,1,0.01
PS-13_jpg.rf.a49c9185620c0455486ad8680bc892be.jpg,1,0,0,1,0.01
PS-14_jpg.rf.b87d2061542126c7ec6c2374bf3509e8.jpg,0,0,1,1,0.01
PS-152_jpg.rf.ba20da93308fb9b6a793e712178f9448.jpg,1,0,0,1,0.01
PS-15_jpg.rf.918fd8d084f17d2f7c121652e8759724.jpg,0,0,1,1,0.01
PS-16_jpg.rf.80ede0bad432c8e5a468880075f99434.jpg,1,0,0,1,0.01
PS-17_jpg.rf.9fd027e2b61a2ea45f0ee15f6ab14138.jpg,1,0,0,1,0.01
PS-18_jpg.rf.64a3fbec57213c99346dcc1f38b3d1f3.jpg,0,0,1,1,0.01
PS-19_jpg.rf.91f00c75253925d0bc3a28a87b477e45.jpg,0,1,0,1,0.01
PS-1_jpg.rf.b7bf1da73ddd192022c4ec124612d97a.jpg,1,0,0,1,0.01
PS-1_jpg.rf.ffacc245e29edfe8648e509f2b66dae7.jpg,1,0,0,1,0.01
PS-20_jpg.rf.5f74ccb5dc076b5b6dce2ad2036dbaa5.jpg,0,0,1,1,0.01
PS-21_jpg.rf.c866b38d5382a7aa4773dd65ac1e63e2.jpg,1,0,0,1,0.01
PS-22_jpg.rf.fd5d1f4ba8ae19593ca921d66406ffc4.jpg,0,0,1,1,0.01
PS-23_jpg.rf.f1a5e0d0bd07cda12ab75818530e244e.jpg,1,0,0,1,0.01
PS-24_jpg.rf.a27fbf521c04259d67486d73a41a977a.jpg,1,0,0,1,0.01
PS-25_jpg.rf.04336424e902cf6ea8c2e260c342cec7.jpg,1,0,0,1,0.01
PS-26_jpg.rf.f2d05a7af163dbb748bfcb03f6fe090a.jpg,1,0,0,1,0.01
PS-27_jpg.rf.8c454db4aed2751c61a8f3ff581b4a9b.jpg,1,0,0,1,0.01
PS-28_jpg.rf.d6a731cba235b8a6879ff41236950224.jpg,1,0,0,1,0.01
PS-29_jpg.rf.c12dfadb7b1a1c8d425333f395a33ada.jpg,1,0,0,1,0.01
PS-2_jpg.rf.13093cdc48414178a743c668597047ed.jpg,1,0,0,1,0.01
PS-2_jpg.rf.ccd29dd1aa0dba6d09e981047689ca17.jpg,0,0,1,1,0.01
PS-30_jpg.rf.7e9befe5bc3017b193b70e22bbd08425.jpg,0,0,1,1,0.01
PS-31_jpg.rf.ef0a9abc783ea9f6641cfc07434562ed.jpg,1,0,0,1,0.01
PS-32_jpg.rf.799df839c138e002f8beeb4aea81d4e0.jpg,0,1,0,1,0.01
PS-33_jpg.rf.9603ba815367b518ed2677a01e557fa3.jpg,1,0,0,1,0.01
PS-34_jpg.rf.d22fe35d88c9635c784a2292d8db957d.jpg,1,0,0,1,0.01
PS-35_jpg.rf.c37d56c8ce70b5871b8e00793d40245e.jpg,0,0,1,1,0.01
PS-36_jpg.rf.0a2b8bd61d205b0faccbf22f848f75c8.jpg,0,0,1,1,0.01
PS-37_jpg.rf.575d86b88d7852d3987bef9547864d9f.jpg,1,0,0,1,0.01
PS-38_jpg.rf.80d4a8fbadcdb2a855aebd5cc8784daf.jpg,0,0,1,1,0.01
PS-39_jpg.rf.a37cec2ac3d53560da98bd191d1814c8.jpg,1,0,0,1,0.01
PS-3_jpg.rf.c6325a40e95c61e7acdda8ba97f15a85.jpg,1,0,0,1,0.01
PS-3_jpg.rf.da257684165f458c442870c9315a441d.jpg,0,0,1,1,0.01
PS-40_jpg.rf.4c717fb1a788c8b5f1311eebd95a3c52.jpg,1,0,0,1,0.01
PS-41_jpg.rf.d1df1c515fb5f36dff4d7aee4098940a.jpg,1,0,0,1,0.01
PS-42_jpg.rf.b2be3ac2909d90fa3b961582f65e268a.jpg,0,0,1,1,0.01
PS-43_jpg.rf.5c862d6731f46df5b0831d7115bb7a96.jpg,1,0,0,1,0.01
PS-44_jpg.rf.10748fc7c5d63f9df80a4f0fed1e8daa.jpg,1,0,0,1,0.01
PS-45_jpg.rf.5c9f095de23896cd4fefc9bf35283be8.jpg,0,0,1,1,0.01
PS-46_jpg.rf.10e813248203a042d170513fb63d15c8.jpg,1,0,0,1,0.01
PS-47_jpg.rf.269f574a3753ba9a91724eac8df710c5.jpg,0,0,1,1,0.01
PS-48_jpg.rf.ab0ae7a686666e91aeeed86596592014.jpg,0,0,1,1,0.01
PS-49_jpg.rf.726b255892c0dae1c4c641603a495be2.jpg,1,0,0,1,0.01
PS-4_jpg.rf.0ab3ce4c437d515ef79d73b7d90e1c82.jpg,1,0,0,1,0.01
PS-504_jpg.rf.b01f84dc3a98ddfa485f444d301d2ef5.jpg,1,0,0,1,0.01
PS-505_jpg.rf.f51ea31b7986f50fdbb03500aa81f4c6.jpg,1,0,0,1,0.01
PS-506_jpg.rf.48723bba634af08d9e2f0a05ea5d5dd3.jpg,1,0,0,1,0.01
PS-507_jpg.rf.8c2c001b0c90ca3ff648de24793b409d.jpg,1,0,0,1,0.01
PS-508_jpg.rf.c5855b51e6dc1bc16a05288a43d020cb.jpg,1,0,0,1,0.01
PS-50_jpg.rf.65b5090f4d19e67ea94d6bc3f3b04313.jpg,1,0,0,1,0.01
PS-512_jpg.rf.a2a28e53d51bfd69644e77e4980fe8da.jpg,1,0,0,1,0.01
PS-513_jpg.rf.3eca887f4b038f0b25ce2a30c54e2d33.jpg,0,0,1,1,0.01
PS-514_jpg.rf.ad524a459f623936af050c72f6df6962.jpg,0,0,1,1,0.01
PS-515_jpg.rf.0a511e922b5de45c04fe7664b23c4e27.jpg,1,0,0,1,0.01
PS-516_jpg.rf.24569cefebe6403ddd54d8ae7e19fc93.jpg,1,0,0,1,0.01
PS-517_jpg.rf.65c9a92d3a5d8a496682316b271eefbe.jpg,0,0,1,1,0.01
PS-518_jpg.rf.5f9fb25f774360926c386536ea1ca653.jpg,1,0,0,1,0.01
PS-51_jpg.rf.d9260d1e52d1aadf14b11a341903e315.jpg,1,0,0,1,0.01
PS-520_jpg.rf.4cce9a3d3c0cfc1b950a564792f893dc.jpg,1,0,0,1,0.01
PS-521_jpg.rf.4a768519acf229310ae8dbfdb7efa43f.jpg,1,0,0,1,0.01
PS-526_jpg.rf.7dc6496cbfa48b2e26541e56b185b520.jpg,1,0,0,1,0.01
PS-527_jpg.rf.7c2a7eccc3cbfc3269e3dba121430d04.jpg,1,0,0,1,0.01
PS-528_jpg.rf.3878a35611481a8f53146739e03576df.jpg,1,0,0,1,0.01
PS-529_jpg.rf.2fe6c2bc3c4f9189b0aae5b1afc841b1.jpg,1,0,0,1,0.01
PS-52_jpg.rf.16695526ed25e09c4bb994a4cf283c72.jpg,1,0,0,1,0.01
PS-530_jpg.rf.0992ee4b51f2180449997adf53d88321.jpg,1,0,0,1,0.01
PS-531_jpg.rf.a691762f61ae641d0d2549edab741edf.jpg,1,0,0,1,0.01
PS-532_jpg.rf.31ea8ad76a144110baef6ab9c3c46b3d.jpg,1,0,0,1,0.01
PS-536_jpg.rf.89817098515645c80193252b3abbd58a.jpg,1,0,0,1,0.01
PS-537_jpg.rf.ad3c606bedb415bbf45ba8c18d78cd5a.jpg,1,0,0,1,0.01
PS-538_jpg.rf.4d2dc3987c7093385918c3b2c08fe7b4.jpg,1,0,0,1,0.01
PS-539_jpg.rf.9e11d9981d1bce32a79368f9529b7d21.jpg,0,0,1,1,0.01
PS-53_jpg.rf.7b4ea3582bd17c946d0e7e83c062c54f.jpg,1,0,0,1,0.01
PS-540_jpg.rf.945613a5510413063f6b97f594b1301a.jpg,1,0,0,1,0.01
PS-541_jpg.rf.ca1b33db286342ef2b33a261aca70534.jpg,1,0,0,1,0.01
PS-542_jpg.rf.e92fa32984f02f1b62a9fdd0ed87b4df.jpg,1,0,0,1,0.01
PS-544_jpg.rf.c1255c587409b920aa63dbe4f3e9833e.jpg,1,0,0,1,0.01
PS-545_jpg.rf.16e2c29754088a1aa8dc025a601b67da.jpg,1,0,0,1,0.01
PS-546_jpg.rf.7f1e746b915b9fb3b4407b43815b0d94.jpg,1,0,0,1,0.01
PS-547_jpg.rf.c684cec41bd9a2c4d7d3b62e99a4889e.jpg,1,0,0,1,0.01
PS-548_jpg.rf.0adf5ad4a262cb43707af7c5246f1759.jpg,1,0,0,1,0.01
PS-54_jpg.rf.32c3e541d374c7b1dcf3c3cf28255c43.jpg,1,0,0,1,0.01
PS-550_jpg.rf.cf51276d335386f0c3caa73fb3f66fad.jpg,1,0,0,1,0.01
PS-551_jpg.rf.9fcda24565e615f849fdf29cff5d8b39.jpg,0,0,1,1,0.01
PS-552_jpg.rf.b4b8386fd7743641bed76e86516842ce.jpg,1,0,0,1,0.01
PS-553_jpg.rf.8115534582c440f9584ef51a6d984034.jpg,1,0,0,1,0.01
PS-554_jpg.rf.55169fc76bd9f07cf8cfc2910e24a434.jpg,0,1,0,1,0.01
PS-555_jpg.rf.4e36cd4eeb40c919a0264a0a503692de.jpg,0,0,1,1,0.01
PS-556_jpg.rf.2b948c68e3713de910ced66a053ccfd1.jpg,0,1,0,1,0.01
PS-557_jpg.rf.812a314de6b787b93d35ae4fb6f603d7.jpg,1,0,0,1,0.01
PS-558_jpg.rf.5fbbf08a648db3e0782f4c66d21db25f.jpg,1,0,0,1,0.01
PS-55_jpg.rf.1c64a6b81ad9f3b71a603fa0ca568dd2.jpg,1,0,0,1,0.01
PS-561_jpg.rf.9f9e7f4b4d87dc646b2451377f380320.jpg,0,0,1,1,0.01
PS-563_jpg.rf.50be6c3ba94c375ed2e722c184e9e4f2.jpg,1,0,0,1,0.01
PS-566_jpg.rf.91c4fea1013d65638c5ff0eace5fae2b.jpg,1,0,0,1,0.01
PS-567_jpg.rf.e4d7c0429607a44b946c9a2561c843ed.jpg,0,0,1,1,0.01
PS-568_jpg.rf.58a4ef08538f9ba3ad2fae670e4682a1.jpg,0,0,1,1,0.01
PS-569_jpg.rf.ee53ca220df8304f45e4e5f1f330fffa.jpg,0,1,0,1,0.01
PS-56_jpg.rf.9f4e08f7f2a6b215484ff5e0feb76707.jpg,1,0,0,1,0.01
PS-570_jpg.rf.ce059c4f2ecf1e358a5364d384bb9d9a.jpg,1,0,0,1,0.01
PS-572_jpg.rf.c25724a12563ea00c18d9a8acfb94506.jpg,0,0,1,1,0.01
PS-574_jpg.rf.f8af91f708d11aa0deb585bee2675b09.jpg,1,0,0,1,0.01
PS-576_jpg.rf.dfaf10fa1e1e2658dc89999464e25fd2.jpg,1,0,0,1,0.01
PS-577_jpg.rf.3385244a3f8bf63711f996b34ffc7a68.jpg,1,0,0,1,0.01
PS-578_jpg.rf.ccb5b43c84774624f1e1fccb517a8dd7.jpg,1,0,0,1,0.01
PS-57_jpg.rf.3245e83286a7892f7895497ccd1d70cf.jpg,0,1,0,1,0.01
PS-582_jpg.rf.601d63423cdfd3d257a53a06520a7e29.jpg,1,0,0,1,0.01
PS-583_jpg.rf.95c5b92a9f3b00bcc186f3501ad1544e.jpg,1,0,0,1,0.01
PS-584_jpg.rf.50cfc9c53b631a1d8eabd49848f02eac.jpg,1,0,0,1,0.01
PS-586_jpg.rf.dd182a577a804796538eab935f36be5c.jpg,1,0,0,1,0.01
PS-58_jpg.rf.332373ab14a3683af27978bc92e1a8dd.jpg,1,0,0,1,0.01
PS-590_jpg.rf.168095838a35151c4d56f945c208fb4c.jpg,1,0,0,1,0.01
PS-592_jpg.rf.b2e7671b33e784181af6e560241ae877.jpg,1,0,0,1,0.01
PS-593_jpg.rf.cf9e14f4709c12551328af4da70cb7ae.jpg,1,0,0,1,0.01
PS-594_jpg.rf.39a9889c3bf1182c15d9fb2e368e1597.jpg,0,1,0,1,0.01
PS-595_jpg.rf.e5d2d25f6210ff1214bd8225e5c49eb3.jpg,1,0,0,1,0.01
PS-596_jpg.rf.e5ab931c5d12fe77f6c8c2a4aaeab163.jpg,1,0,0,1,0.01
PS-597_jpg.rf.2e8fe275d2896986ff4fe4bf6359a1e1.jpg,1,0,0,1,0.01
PS-598_jpg.rf.fc9de3af92e9d803faad6e54251191ed.jpg,1,0,0,1,0.01
PS-599_jpg.rf.36c2f0e64dbcd036055e5d2ee1874653.jpg,1,0,0,1,0.01
PS-59_jpg.rf.5b2cdb15006fcfeb5bde35682a565ec0.jpg,1,0,0,1,0.01
PS-5_jpg.rf.27610568ccdc1a470d13e26565ec8317.jpg,1,0,0,1,0.01
PS-601_jpg.rf.a4083461c5a6654e9d2d7e328ff3a223.jpg,0,1,0,1,0.01
PS-603_jpg.rf.0df35a28a4e8df5c7d54e7758c705318.jpg,0,0,1,1,0.01
PS-604_jpg.rf.c480b1000955d070e69451d0e5cef117.jpg,1,0,0,1,0.01
PS-605_jpg.rf.aaab987d17be4bcecaa2c7480c2432e6.jpg,0,0,1,1,0.01
PS-606_jpg.rf.3cd560de41570e8d0c5e617c94245a1b.jpg,1,0,0,1,0.01
PS-607_jpg.rf.297f2810bf6d9997d968ff19c5e17bb2.jpg,1,0,0,1,0.01
PS-608_jpg.rf.e3c934ad725d82a3f66e154ae859a6c1.jpg,0,0,1,1,0.01
PS-609_jpg.rf.c878b9ca235837afaba85145cbdf4338.jpg,1,0,0,1,0.01
PS-60_jpg.rf.36db9a1344eabe2c0a00a62872b0bef5.jpg,1,0,0,1,0.01
PS-611_jpg.rf.7e1f159cc636b8293feda97196b2613b.jpg,1,0,0,1,0.01
PS-612_jpg.rf.63b8be7f305598e20636c9c726d3112e.jpg,1,0,0,1,0.01
PS-613_jpg.rf.1533b323fca9607940acbc18b3104600.jpg,1,0,0,1,0.01
PS-615_jpg.rf.986cf05720ca3d78f4a7190e32c22f01.jpg,1,0,0,1,0.01
PS-616_jpg.rf.462107b7cb2ceae9b6d83037a4ec18d1.jpg,0,1,0,1,0.01
PS-617_jpg.rf.4892d0ab049641b539678f6a3a67eb34.jpg,1,0,0,1,0.01
PS-618_jpg.rf.b8bb6291ea0951d925d15e1d1e0e0b40.jpg,1,0,0,1,0.01
PS-619_jpg.rf.2a1cce9825b6efabb5e93b1ee2d9f53f.jpg,0,0,1,1,0.01
PS-61_jpg.rf.3670544b0f90439c593ae94b370e5a1a.jpg,1,0,0,1,0.01
PS-621_jpg.rf.279bb07292cc6c33549cad8dbf11bd21.jpg,0,0,1,1,0.01
PS-622_jpg.rf.91272ae5cc127d599cc6aa18cabbe5dd.jpg,1,0,0,1,0.01
PS-623_jpg.rf.167d63321c502639858fd21711192bbc.jpg,0,1,0,1,0.01
PS-626_jpg.rf.ed8b6a3f4d9cfef2be0341b3d56c1a97.jpg,1,0,0,1,0.01
PS-627_jpg.rf.03b238236842ed01f633aba63f010e8c.jpg,0,1,0,1,0.01
PS-628_jpg.rf.d18e64eb21a92c74373192aabf4a7f1d.jpg,0,0,1,1,0.01
PS-62_jpg.rf.6ec580960ba62d31c60608e00bff3017.jpg,1,0,0,1,0.01
PS-631_jpg.rf.a8dbe6b06b89aa70ac0e54b198aa8827.jpg,1,0,0,1,0.01
PS-632_jpg.rf.379af8c1259c0c21b87ac78e701aaa7a.jpg,1,0,0,1,0.01
PS-633_jpg.rf.3a8040cfa8b70398474ae89806903b7d.jpg,1,0,0,1,0.01
PS-634_jpg.rf.e312d169fabec5cf58c198da43bf6d61.jpg,1,0,0,1,0.01
PS-637_jpg.rf.2fed57236e1d7c9f7af4438c12606d37.jpg,1,0,0,1,0.01
PS-638_jpg.rf.f17fde659a236663c90c5212fca0fed9.jpg,1,0,0,1,0.01
PS-639_jpg.rf.7cebbb24048cec170d468594f5923afc.jpg,1,0,0,1,0.01
PS-63_jpg.rf.7b034627408637c51e4cb753d870b491.jpg,0,1,0,1,0.01
PS-640_jpg.rf.438ead12575ffd9c8d79bc4de52f60a0.jpg,1,0,0,1,0.01
PS-641_jpg.rf.11cc2763eed9df78b612312c87b48b0e.jpg,1,0,0,1,0.01
PS-642_jpg.rf.d59ca830a13547c1ca8ed58e766c9329.jpg,1,0,0,1,0.01
PS-643_jpg.rf.1c4818d8df665eee2e013bbdce970038.jpg,1,0,0,1,0.01
PS-645_jpg.rf.3129e98d3e4c213790bad1f1c6cae174.jpg,1,0,0,1,0.01
PS-647_jpg.rf.bcfe9371bedb2073f3ce7e349b9b120f.jpg,0,1,0,1,0.01
PS-648_jpg.rf.dee4013a48d404af9881768c1b051703.jpg,0,0,1,1,0.01
PS-64_jpg.rf.cdb4d1235434a1c058ae4cbd2c4fc116.jpg,1,0,0,1,0.01
PS-650_jpg.rf.f659c6f9d9ce77488cfa8318a0fd3282.jpg,1,0,0,1,0.01
PS-651_jpg.rf.bcd270fb680890c2317088bd339532d4.jpg,1,0,0,1,0.01
PS-652_jpg.rf.3e223c9f0494f2f4f2983ef7eb8d88ba.jpg,1,0,0,1,0.01
PS-653_jpg.rf.edb2efe217dd6e67213e0b96ffa485c7.jpg,1,0,0,1,0.01
PS-654_jpg.rf.7cc1fd8245556dba3a50f51b1f91fdae.jpg,1,0,0,1,0.01
PS-656_jpg.rf.4e499811dde2f3533d451837340ae7d8.jpg,1,0,0,1,0.01
PS-657_jpg.rf.fa37c3ecf9e8409f02b29b51cd0ab798.jpg,1,0,0,1,0.01
PS-659_jpg.rf.03fdafda3dfff66252447dde6ea3ff1f.jpg,0,0,1,1,0.01
PS-65_jpg.rf.5143df7144bba95acf090b64a87e4415.jpg,1,0,0,1,0.01
PS-661_jpg.rf.97221b0e6db5f51dc3cb7c295fe6f128.jpg,0,0,1,1,0.01
PS-662_jpg.rf.935b981d9f509868a4db1d18468fe57a.jpg,0,0,1,1,0.01
PS-664_jpg.rf.c3643054ee33ef0a47b5a15982c158fe.jpg,1,0,0,1,0.01
PS-665_jpg.rf.79bd5ec063efac5389e92e4c1eb6857d.jpg,0,1,0,1,0.01
PS-666_jpg.rf.872a20aa41594bd90ae25eae321d2279.jpg,1,0,0,1,0.01
PS-667_jpg.rf.4c41a45a241878477cc565c711cf8591.jpg,1,0,0,1,0.01
PS-668_jpg.rf.66d87abafdb3bd030e064f84b9d7be8d.jpg,1,0,0,1,0.01
PS-66_jpg.rf.fbd2f9618e8997f989f29c74d1e8956c.jpg,0,1,0,1,0.01
PS-670_jpg.rf.d7fcd91dffba7a1ea5feaf7c06db495f.jpg,1,0,0,1,0.01
PS-671_jpg.rf.07e309224cbb5f1ef5a0fcd5aea41f17.jpg,0,0,1,1,0.01
PS-672_jpg.rf.e5b9e3fd678b3023b9c886ef3d512eef.jpg,0,0,1,1,0.01
PS-673_jpg.rf.7e7ec6f5ab812d9e2081b3dfb884d75e.jpg,1,0,0,1,0.01
PS-674_jpg.rf.74712fbcb055d999621d9fb6a7b6be51.jpg,1,0,0,1,0.01
PS-675_jpg.rf.392b5bbe079747da87a7f657d5b73baf.jpg,1,0,0,1,0.01
PS-676_jpg.rf.0b471da9d6dabffd4a9e9d0f58670856.jpg,1,0,0,1,0.01
PS-678_jpg.rf.602b687da74b7aa83e2a2315000d52b4.jpg,0,0,1,1,0.01
PS-679_jpg.rf.dc1ebb9a5d93752310d72526c80d9b6f.jpg,1,0,0,1,0.01
PS-67_jpg.rf.4e31abd6f6497adaa34562332a3a703a.jpg,1,0,0,1,0.01
PS-680_jpg.rf.e42f8f88e3ef1bd5bdac0222e2c6e460.jpg,0,0,1,1,0.01
PS-681_jpg.rf.d33ef378d3540e6cbe79d50792f5142f.jpg,1,0,0,1,0.01
PS-683_jpg.rf.f8a9d5165b1209bd37662b0abe8e3667.jpg,1,0,0,1,0.01
PS-685_jpg.rf.7cb08eeb84b4a0e37e1c509a2e007204.jpg,1,0,0,1,0.01
PS-686_jpg.rf.097e951fc25eabdbd14d79252bba775f.jpg,1,0,0,1,0.01
PS-687_jpg.rf.9ce8e67afb3706113d0e4ae085eae24c.jpg,0,1,0,1,0.01
PS-689_jpg.rf.a4b6f4ca7a31eaf6a9f6c96684dfad89.jpg,0,0,1,1,0.01
PS-68_jpg.rf.f764264aa92a52840c85aee5b37ddfd2.jpg,0,0,1,1,0.01
PS-690_jpg.rf.011e49c512f9b915b7a933bbbf781182.jpg,1,0,0,1,0.01
PS-693_jpg.rf.ebb8b483788a640e4c2f6ae45d7bb8ee.jpg,0,0,1,1,0.01
PS-695_jpg.rf.724005bc09851757d5b95d34bb4b2aba.jpg,1,0,0,1,0.01
PS-699_jpg.rf.6a318cd5df7876816237100c665d0f96.jpg,1,0,0,1,0.01
PS-69_jpg.rf.ed156c9755f2f068c4e908f419b468db.jpg,1,0,0,1,0.01
PS-6_jpg.rf.28cb6e2128b429d00e258204cf2f0be6.jpg,1,0,0,1,0.01
PS-702_jpg.rf.df0d91a2cc9989d517669321e5efd6b7.jpg,0,1,0,1,0.01
PS-703_jpg.rf.8b8faa28a25d498cfa75fa6a34d10cb1.jpg,1,0,0,1,0.01
PS-704_jpg.rf.3d0ae3a68082c238595ef7163bd36519.jpg,1,0,0,1,0.01
PS-705_jpg.rf.a99ca3bf93e2c9f7e6b44c3245d0e9b5.jpg,0,0,1,1,0.01
PS-706_jpg.rf.8a9117c6224f428911623a5640fe560b.jpg,0,0,1,1,0.01
PS-707_jpg.rf.67a63e304f5ed7656ce99f034640f217.jpg,1,0,0,1,0.01
PS-708_jpg.rf.14b3638827b8d4d1ee72686aae3f6cf6.jpg,1,0,0,1,0.01
PS-709_jpg.rf.0a3883c48bac6638bfb034cb604bb899.jpg,0,0,1,1,0.01
PS-70_jpg.rf.b25cca35426617c741fad1dd74d691ff.jpg,1,0,0,1,0.01
PS-710_jpg.rf.6ea9be646fa7dc6dab92015664d6afc6.jpg,0,0,1,1,0.01
PS-711_jpg.rf.622c311bacfbf781e5291f877902a818.jpg,1,0,0,1,0.01
PS-712_jpg.rf.10cd151f4776a6a73d760e87b72c31bf.jpg,1,0,0,1,0.01
PS-714_jpg.rf.ea242af6250f520dac0670f304c421e9.jpg,1,0,0,1,0.01
PS-715_jpg.rf.03dcfe1b43b8fe9b67e6ce0735186304.jpg,1,0,0,1,0.01
PS-716_jpg.rf.d075743e3c97a28dacd85110621b9cac.jpg,1,0,0,1,0.01
PS-718_jpg.rf.75ef97edc892b1db2f5d0672d4e482fb.jpg,1,0,0,1,0.01
PS-719_jpg.rf.27fd32fd8344a70bd6a75f6b9ff99580.jpg,1,0,0,1,0.01
PS-71_jpg.rf.25c25b477db696e520cf1a18bdae4175.jpg,0,1,0,1,0.01
PS-721_jpg.rf.7862532143e2e032340a22406ce0585f.jpg,1,0,0,1,0.01
PS-722_jpg.rf.7461027d95f11cac920828cdd04294d6.jpg,1,0,0,1,0.01
PS-723_jpg.rf.8224433820e1ae91ffa70defc6bb2807.jpg,1,0,0,1,0.01
PS-725_jpg.rf.45b1403ac100777e20e5eb7d404d4282.jpg,1,0,0,1,0.01
PS-726_jpg.rf.f7aa0e2356850cdf4630a91a3d66abd4.jpg,1,0,0,1,0.01
PS-727_jpg.rf.d5f21bf290d1b029730390bb1e064ea3.jpg,0,0,1,1,0.01
PS-728_jpg.rf.314c1c5012917075b5be65ff30c7ea9e.jpg,0,0,1,1,0.01
PS-729_jpg.rf.13e398a58a40e96e6a948101c65a4a75.jpg,1,0,0,1,0.01
PS-72_jpg.rf.34288c84069ba96d2181d2eeccadae3e.jpg,0,1,0,1,0.01
PS-731_jpg.rf.255dd5ba0ee41e4da74a2d564f88fdfb.jpg,1,0,0,1,0.01
PS-732_jpg.rf.7705f476aa1e8926943d6d7634a3b650.jpg,1,0,0,1,0.01
PS-733_jpg.rf.38ac559a99ce9950ac52424f23ca9a00.jpg,0,1,0,1,0.01
PS-735_jpg.rf.21516a8b289717d31d362c9cddd6ec5e.jpg,1,0,0,1,0.01
PS-736_jpg.rf.b1aa9e77e1dd8c3e969f4912e43b2788.jpg,1,0,0,1,0.01
PS-737_jpg.rf.fcf161cbbb22aa3c5b0a6fb36af11d2a.jpg,0,1,0,1,0.01
PS-738_jpg.rf.9a2eda7365579983404ed2c2d5c052c9.jpg,1,0,0,1,0.01
PS-739_jpg.rf.047b270562dcbf0dcd0124cac0f7c540.jpg,0,0,1,1,0.01
PS-73_jpg.rf.40bd783587e00c094f2f77d54b5bc139.jpg,1,0,0,1,0.01
PS-741_jpg.rf.2b8360ac29a77e3e6fd138c20fd4983b.jpg,1,0,0,1,0.01
PS-743_jpg.rf.9ebe933074cb7357fdb4791c3086e29a.jpg,0,0,1,1,0.01
PS-744_jpg.rf.9b0286630364ce5adc0046b55118befa.jpg,1,0,0,1,0.01
PS-745_jpg.rf.ebc060bb112e6982971adb2cc2b53cfd.jpg,1,0,0,1,0.01
PS-746_jpg.rf.921bae4a44e2d303a5e489c50ac974c3.jpg,1,0,0,1,0.01
PS-747_jpg.rf.474f8111072c6141552adbce5c8ce9bc.jpg,1,0,0,1,0.01
PS-748_jpg.rf.f0db9a9be8beebad299f8a48782ee395.jpg,0,0,1,1,0.01
PS-74_jpg.rf.15d64fdfe13ce9b74fbbe261cedb7c5c.jpg,1,0,0,1,0.01
PS-750_jpg.rf.3564c2a56fdbc81ce393128087176cd6.jpg,1,0,0,1,0.01
PS-751_jpg.rf.d8426ea897af213a2bb840a5527d7f67.jpg,0,1,0,1,0.01
PS-752_jpg.rf.fece7837a543ad9f0abb57f18704834e.jpg,0,0,1,1,0.01
PS-753_jpg.rf.af6784f15167e712b6c79a597b53ffb0.jpg,0,0,1,1,0.01
PS-754_jpg.rf.1ba0ea49df29f3a739974d63e28662ed.jpg,0,0,1,1,0.01
PS-755_jpg.rf.35dd844c4c6eab3269731b4b6c1a9b03.jpg,1,0,0,1,0.01
PS-756_jpg.rf.5316bb5151cd891b5a7ca4370bb5adc4.jpg,0,0,1,1,0.01
PS-757_jpg.rf.a77db3bd59b67b642eefc08b68f6d810.jpg,1,0,0,1,0.01
PS-758_jpg.rf.743a62869874382dd9259d02c5e03dcd.jpg,0,0,1,1,0.01
PS-759_jpg.rf.2e9dc90523532c808010d64d6dc970fd.jpg,0,0,1,1,0.01
PS-75_jpg.rf.70bd40a9472af1e897d2453bc62de11a.jpg,1,0,0,1,0.01
PS-760_jpg.rf.571acead96d3763620e93c211432924b.jpg,1,0,0,1,0.01
PS-761_jpg.rf.0883b2b764aab43039177118a148c81c.jpg,1,0,0,1,0.01
PS-762_jpg.rf.6eb92ecc4af030db0f73903c4a0be4ca.jpg,1,0,0,1,0.01
PS-763_jpg.rf.ec25c96d7f756b357b5fa7d30740e23a.jpg,1,0,0,1,0.01
PS-764_jpg.rf.32771230a804fcfbe391fc7d2a1313f9.jpg,1,0,0,1,0.01
PS-766_jpg.rf.2d53b4c3f47177090f1766a77c3004b9.jpg,1,0,0,1,0.01
PS-768_jpg.rf.ce93ced4d4fe7db3bb93244b8db88d76.jpg,1,0,0,1,0.01
PS-769_jpg.rf.643b9b2b6ea253ab50e155ca9d5182b7.jpg,1,0,0,1,0.01
PS-76_jpg.rf.1079f139041125935d9fd096b0a62e1b.jpg,1,0,0,1,0.01
PS-770_jpg.rf.52db22c18414789bd4436b589ea03c62.jpg,0,1,0,1,0.01
PS-771_jpg.rf.c8fdffc5a58b5b665130a21d67c362e8.jpg,1,0,0,1,0.01
PS-772_jpg.rf.bf0b055f3a5214d07068387c46333add.jpg,1,0,0,1,0.01
PS-773_jpg.rf.6c5409bc85eb97fce180ad6b2e79be0a.jpg,1,0,0,1,0.01
PS-774_jpg.rf.1ad5d3508e8c33eeac1f63ee1433b4bf.jpg,1,0,0,1,0.01
PS-775_jpg.rf.4214c2703c633daa5079d795d3e52735.jpg,1,0,0,1,0.01
PS-776_jpg.rf.c17c1c7fd3a39388ff1cee5525b2a949.jpg,0,0,1,1,0.01
PS-777_jpg.rf.6ec6a5e4296ca24b9de86aa4bd3bf450.jpg,1,0,0,1,0.01
PS-778_jpg.rf.469e0e6d18d6cc12a6bb9ff32bdf79dd.jpg,0,0,1,1,0.01
PS-779_jpg.rf.2d530ba9cf164a61d2cb0e704874e8cb.jpg,1,0,0,1,0.01
PS-77_jpg.rf.5e1f93837ff0b55c80e83590fce6cd81.jpg,1,0,0,1,0.01
PS-782_jpg.rf.15d0840f2bcb607f12c3910f3a1782c4.jpg,1,0,0,1,0.01
PS-783_jpg.rf.a12d97d953dd10408753a50e92b01dc2.jpg,1,0,0,1,0.01
PS-785_jpg.rf.81371ea6b7060e3228c9d0165bb24d61.jpg,1,0,0,1,0.01
PS-786_jpg.rf.71b7dab9c76e41956bbc3510b4fd8434.jpg,0,0,1,1,0.01
PS-787_jpg.rf.22db10535487a1bcccddd93264e2bf48.jpg,1,0,0,1,0.01
PS-788_jpg.rf.009fd8a17d42d1c84ba4c2e825fbaf91.jpg,0,0,1,1,0.01
PS-789_jpg.rf.94cb37e64119d9960fcb26d349b3180a.jpg,0,0,1,1,0.01
PS-791_jpg.rf.d6844415b35b43974645d97a86d6d870.jpg,1,0,0,1,0.01
PS-792_jpg.rf.7c64083a2d4509f9465cbe1133ae5e79.jpg,1,0,0,1,0.01
PS-793_jpg.rf.8e58b8565a224ee9143805a8ae358eae.jpg,0,0,1,1,0.01
PS-794_jpg.rf.34b5903cc5defa8fed42f40fc6b799f0.jpg,1,0,0,1,0.01
PS-795_jpg.rf.dfe67b4b77c5c406ed4678a4ff12b274.jpg,1,0,0,1,0.01
PS-796_jpg.rf.384246cd1d3a1b183a050f0a277973d7.jpg,1,0,0,1,0.01
PS-797_jpg.rf.a0c802f1762e5de92c89449eda5599bf.jpg,0,1,0,1,0.01
PS-800_jpg.rf.ef632cc7fd87bf0e3a1b19ddcee8989e.jpg,1,0,0,1,0.01
PS-802_jpg.rf.78541c7dedda1fda66dd31826c9d2950.jpg,1,0,0,1,0.01
PS-803_jpg.rf.b46ee338738b9463d00353049b8c13ca.jpg,0,0,1,1,0.01
PS-804_jpg.rf.1cabeb91f6b1fb1d982bef0db855c3da.jpg,1,0,0,1,0.01
PS-805_jpg.rf.5bbe8456adb93cb4f75f048928ffb8f4.jpg,0,0,1,1,0.01
PS-806_jpg.rf.4c97c1f9383c45e6214a73a77548b6e0.jpg,1,0,0,1,0.01
PS-807_jpg.rf.e27b208dc711d8243325e6264ce46677.jpg,0,0,1,1,0.01
PS-809_jpg.rf.a771ab6bdcbcb7a9e8256d5d7d8c24c9.jpg,0,1,0,1,0.01
PS-810_jpg.rf.031236bf9bf3a1289483e9eff46f9d1f.jpg,0,0,1,1,0.01
PS-812_jpg.rf.4371f44be5830b0b7485c4f27b2d884f.jpg,1,0,0,1,0.01
PS-813_jpg.rf.20302d4e28518c21b5180d5706189438.jpg,0,0,1,1,0.01
PS-814_jpg.rf.668f44441efd05b12a70ab9f2136ce16.jpg,0,1,0,1,0.01
PS-816_jpg.rf.db675126c4deab134f10ce077e1dbc42.jpg,1,0,0,1,0.01
PS-820_jpg.rf.918cab2f997702e104a740dcb430b5bf.jpg,1,0,0,1,0.01
PS-821_jpg.rf.62578d558bc5cf1cd3b37f6278c8768d.jpg,1,0,0,1,0.01
PS-822_jpg.rf.ce8e68a3de26d3e901a7855e655e5f2f.jpg,0,1,0,1,0.01
PS-823_jpg.rf.5a3f334c9b87c4133ce69bf0affaa099.jpg,1,0,0,1,0.01
PS-824_jpg.rf.dedfbef1e2bee34b5b317f2e2e672e98.jpg,0,0,1,1,0.01
PS-825_jpg.rf.f3ab5011dce574e039466f6e4ed611b7.jpg,1,0,0,1,0.01
PS-826_jpg.rf.839962ae85266db29953851450208382.jpg,1,0,0,1,0.01
PS-827_jpg.rf.30e6b81540227a2ad2703d15dc1201a8.jpg,1,0,0,1,0.01
PS-828_jpg.rf.376b6c1734bda59201f6242cabfe796a.jpg,0,0,1,1,0.01
PS-829_jpg.rf.e4a2b5f630b7fa5acf42ed4b5bace9a9.jpg,1,0,0,1,0.01
PS-830_jpg.rf.94ec55bea4502e4c31790224948873c1.jpg,0,1,0,1,0.01
PS-831_jpg.rf.0d5f9cf3231efe3b0294d6b60491fcaf.jpg,1,0,0,1,0.01
PS-832_jpg.rf.7067c90a59d4ed4b929d47ea1bcf481b.jpg,1,0,0,1,0.01
PS-834_jpg.rf.4a3c80784e316c13e6125b0abb77360e.jpg,1,0,0,1,0.01
PS-836_jpg.rf.7e6a00a5f9bfd2957771fe88cdde9fee.jpg,1,0,0,1,0.01
PS-837_jpg.rf.ac16d66cd0f5de2f280030681505b4d8.jpg,1,0,0,1,0.01
PS-838_jpg.rf.56e684c60a3c56d535b395f1d6568d0f.jpg,1,0,0,1,0.01
PS-840_jpg.rf.e88fca0a5ae7d6bc5adb654eb5486e0e.jpg,0,0,1,1,0.01
PS-841_jpg.rf.0e1b70e0d75484e2d02b2d4111755486.jpg,1,0,0,1,0.01
PS-842_jpg.rf.6efd12a9c39a294d0a0c2bcdac9c23e4.jpg,1,0,0,1,0.01
PS-843_jpg.rf.b7620ed499e2966f8aeb680ae51858ab.jpg,1,0,0,1,0.01
PS-845_jpg.rf.a719464a7764731ea5e4f96142688a25.jpg,1,0,0,1,0.01
PS-846_jpg.rf.c85a6c4fea169b7237777fc1b807a211.jpg,1,0,0,1,0.01
PS-847_jpg.rf.b4cce5bc2f70b673689f5b6d44d986d2.jpg,1,0,0,1,0.01
PS-849_jpg.rf.939cd85cafc17032c6cf75c5b1f2234d.jpg,1,0,0,1,0.01
PS-851_jpg.rf.642b3fa22a44b3440d118e3fdf3d0965.jpg,1,0,0,1,0.01
PS-852_jpg.rf.75844797760a0c5fc8175d3f956b38c8.jpg,0,0,1,1,0.01
PS-853_jpg.rf.87bb2f38ec9342927ffbe48da425377b.jpg,0,0,1,1,0.01
PS-856_jpg.rf.5541e9e2579f4972b1da20d5c5bf1e68.jpg,1,0,0,1,0.01
PS-859_jpg.rf.98f377ac2e53c15d5d2485385b25f4fb.jpg,1,0,0,1,0.01
PS-860_jpg.rf.39d1662ba1fb5f71458fd2772ae52a94.jpg,0,0,1,1,0.01
PS-862_jpg.rf.b68fceed6ac20313099aaf4ef79b61c9.jpg,0,1,0,1,0.01
PS-864_jpg.rf.f4d60a7dd622e33d2338cf8a86160dc5.jpg,1,0,0,1,0.01
PS-865_jpg.rf.e8e9677302c104fc470e659526078589.jpg,1,0,0,1,0.01
PS-866_jpg.rf.cba7be67b30aac022788a4fc2ac05216.jpg,0,1,0,1,0.01
PS-868_jpg.rf.24bb28a5dbdc73a09614214bdda0e7d6.jpg,1,0,0,1,0.01
PS-869_jpg.rf.f696e8e49f5c5b152376407fda36af77.jpg,1,0,0,1,0.01
PS-870_jpg.rf.c75fd4f26664b470b71dc3bf27cc3c69.jpg,0,0,1,1,0.01
PS-871_jpg.rf.531d9650a968219ad2a84d804db4aac4.jpg,0,1,0,1,0.01
PS-872_jpg.rf.ac9da65dbda8604f21e092300ad92a87.jpg,1,0,0,1,0.01
PS-874_jpg.rf.d89e5b509ecd9776a9afe8d6686fd56d.jpg,0,1,0,1,0.01
PS-876_jpg.rf.499757b04a9c0f0a90ffabbdc0acb186.jpg,0,0,1,1,0.01
PS-877_jpg.rf.26114a2a41cf7e85342ae987426da9ac.jpg,1,0,0,1,0.01
PS-879_jpg.rf.8c1d475d5f26e2e4ca679151e12b377f.jpg,0,1,0,1,0.01
PS-880_jpg.rf.d7d4b1bdec1f1c72c9221c0d1abeb4e1.jpg,1,0,0,1,0.01
PS-881_jpg.rf.ae5316d9820542dcb839f8d45e9c378a.jpg,1,0,0,1,0.01
PS-882_jpg.rf.81bdda273a28afbb84a2fea2763cfceb.jpg,1,0,0,1,0.01
PS-884_jpg.rf.a4add80d792417a951e26007cb28e685.jpg,1,0,0,1,0.01
PS-887_jpg.rf.b08ac424be2754a0fdef40269f991cca.jpg,0,0,1,1,0.01
PS-888_jpg.rf.a04e0f7eb8b8fc6d47cf6f5e66261f48.jpg,1,0,0,1,0.01
PS-889_jpg.rf.93dee10d8ec8dcbc92d10a79cc860cb0.jpg,1,0,0,1,0.01
PS-890_jpg.rf.7ac98e782c8a1ff5357a86c5b42acd73.jpg,1,0,0,1,0.01
PS-891_jpg.rf.66f4d6b21af33744f79b7e5af71b136d.jpg,1,0,0,1,0.01
PS-892_jpg.rf.71601b4c697567c27bb4299d151af915.jpg,1,0,0,1,0.01
PS-893_jpg.rf.8b2d1af4eb80790f3be1bb93d8ea2fda.jpg,0,0,1,1,0.01
PS-894_jpg.rf.60361c8f124d07d8c579fffdaa0141fe.jpg,1,0,0,1,0.01
PS-895_jpg.rf.66584a71c4ed3345f054451104d7c615.jpg,0,1,0,1,0.01
PS-896_jpg.rf.4c0556e27e816f378f4ae7d0d4ec92d8.jpg,1,0,0,1,0.01
PS-898_jpg.rf.e214da702d04153047b87dddbf9fad54.jpg,1,0,0,1,0.01
PS-899_jpg.rf.bae1762a89f602cf6a5c8cad284f6f1d.jpg,1,0,0,1,0.01
PS-8_jpg.rf.7523fdddacd72c566157424ee40b4bf5.jpg,1,0,0,1,0.01
PS-901_jpg.rf.cbb296ce3c26e8febbb7abad53d8a3d8.jpg,0,0,1,1,0.01
PS-902_jpg.rf.fbd2604d7dc02592dae68eff44a78fcc.jpg,1,0,0,1,0.01
PS-98_jpg.rf.cba362c99ad58d510015316f08971534.jpg,1,0,0,1,0.01
PS-9_jpg.rf.a7e81f1624ae112b4e777f8685b07671.jpg,1,0,0,1,0.01
WIN_20220930_12_05_31_Pro_jpg.rf.d156234c59002b7dd925220451261e87.jpg,0,0,1,1,0.01
WIN_20220930_12_05_44_Pro_jpg.rf.c3a79936cec406f4b104c7e37f8ae12f.jpg,0,0,1,1,0.01
WIN_20220930_12_05_46_Pro_jpg.rf.5b6acc5f05e6cc8fcdaa729ddd3722f8.jpg,1,0,0,1,0.01
WIN_20220930_12_05_49_Pro_jpg.rf.5d34d9658138b585cf96a7cae6520af6.jpg,0,1,0,1,0.01
WIN_20220930_12_05_52_Pro_jpg.rf.110a49db90b1ae1ca2e467d633b75a38.jpg,0,0,1,1,0.01
WIN_20220930_12_05_54_Pro_jpg.rf.da664598700214ee9a36a10cb9817c57.jpg,0,1,0,1,0.01
WIN_20220930_12_05_57_Pro_jpg.rf.41d649ea3362722ebd83e5fcba61a227.jpg,0,1,0,1,0.01
WIN_20220930_12_05_59_Pro_jpg.rf.a71e715dffed8df4c4d1cc6946fd5240.jpg,0,1,0,1,0.01
WIN_20220930_12_06_03_Pro_jpg.rf.eacdab9e351c54f5df900b86bdeb8c0b.jpg,0,1,0,1,0.01
WIN_20220930_12_06_09_Pro_jpg.rf.8fccbbe78c32e26ff81f51d8e7f8b53b.jpg,0,1,0,1,0.01
WIN_20220930_12_06_12_Pro_jpg.rf.b72e28c50ba22da36eb775d26b3a88d2.jpg,0,1,0,1,0.01
WIN_20220930_12_06_35_Pro_jpg.rf.83b881acd4097cbdd56b6684af034548.jpg,0,1,0,1,0.01
WIN_20220930_12_06_38_Pro_jpg.rf.00c48af9618a4ae04160403168c91ff6.jpg,0,1,0,1,0.01
WIN_20220930_12_06_45_Pro_jpg.rf.8758d04c47c19ba6a6b1a6404e5a3a31.jpg,0,1,0,1,0.01
WIN_20220930_12_06_51_Pro_jpg.rf.959699cc59a482269a55ba501a843688.jpg,0,1,0,1,0.01
WIN_20220930_12_06_57_Pro_jpg.rf.a92f11264c9c5c0cdf9e55c305add665.jpg,0,0,1,1,0.01
WIN_20220930_12_07_00_Pro_jpg.rf.b554b0bcd686ca1da8b7aacec090c91d.jpg,0,1,0,1,0.01
WIN_20220930_12_07_06_Pro_jpg.rf.524a425d83cd86bb1cf5edb792c19f85.jpg,0,0,1,1,0.01
WIN_20220930_12_07_10_Pro_jpg.rf.080d982bc6d565dc5b3bb6db6eb779d4.jpg,0,1,0,1,0.01
WIN_20220930_12_07_36_Pro_jpg.rf.92b49857ba1bb357275097c6550cf912.jpg,0,0,1,1,0.01
WIN_20220930_12_07_40_Pro_jpg.rf.a2063b1972530194fde108d4053497b5.jpg,0,1,0,1,0.01
WIN_20220930_12_07_43_Pro_jpg.rf.dd56f11acc4d9a6d2912121aa6c611b3.jpg,0,1,0,1,0.01
WIN_20220930_12_07_46_Pro_jpg.rf.c74554ad8a22ebbbc712e663c7557d5b.jpg,0,1,0,1,0.01
WIN_20220930_12_07_49_Pro_jpg.rf.6d603d9469755c3b6cc1e107da8eb970.jpg,0,1,0,1,0.01
WIN_20220930_12_07_54_Pro_jpg.rf.13492e4235450bb9e210b24ccfb2e111.jpg,0,0,1,1,0.01
WIN_20220930_12_07_56_Pro_jpg.rf.91b4c63141c7435237cf9c835d1def0b.jpg,0,0,1,1,0.01
WIN_20220930_12_07_58_Pro_jpg.rf.e20b5f5d6323dce2d27a057db4c7c0c8.jpg,0,1,0,1,0.01
WIN_20220930_12_08_01_Pro_jpg.rf.a7a1eab67fc132e56c0a639a51ff9b42.jpg,0,1,0,1,0.01
WIN_20220930_12_08_09_Pro_jpg.rf.2def846c887436a3034c119f3abe0d95.jpg,0,1,0,1,0.01
WIN_20220930_12_08_11_Pro_jpg.rf.c26f55b3b8ee4c712e6484957fb84ccf.jpg,0,1,0,1,0.01
WIN_20220930_12_08_13_Pro_jpg.rf.e9024dcd3e805f1d0b4c174b213ac4d5.jpg,0,1,0,1,0.01
WIN_20220930_12_08_15_Pro_jpg.rf.2303ae5c5001300c76f13d3a97c23c21.jpg,0,1,0,1,0.01
WIN_20220930_12_08_18_Pro_jpg.rf.ba8df40c901a74f5d78637a8968fce99.jpg,0,1,0,1,0.01
WIN_20220930_12_08_20_Pro_jpg.rf.10947ce896f0e4a7ac4e173a038dbb13.jpg,0,1,0,1,0.01
WIN_20220930_12_09_27_Pro_jpg.rf.bc41336f4eee7fde7b56f74e33a5fe80.jpg,0,1,0,1,0.01
WIN_20220930_12_09_44_Pro_jpg.rf.15f6a1f2a492c126c3b5117aadf52fdf.jpg,0,1,0,1,0.01
WIN_20220930_12_09_53_Pro_jpg.rf.c7a1cbba9292660030bfdb1cbb553d14.jpg,0,1,0,1,0.01
WIN_20220930_12_09_57_Pro_jpg.rf.db08d065a5b9df898016ca7ba72b263e.jpg,0,1,0,1,0.01
WIN_20220930_12_10_00_Pro_jpg.rf.e837c5e9fa14e3d90f407e14b78b5761.jpg,0,1,0,1,0.01
WIN_20220930_12_10_06_Pro_jpg.rf.83052e222d00823a9d99965eb47f5512.jpg,0,1,0,1,0.01
WIN_20220930_12_10_09_Pro_jpg.rf.f11a65ab7f5277180bbd5767e7bbfc7d.jpg,0,1,0,1,0.01
WIN_20220930_12_10_48_Pro_jpg.rf.14235127ce252fce074a56f7373d7f63.jpg,0,1,0,1,0.01
WIN_20220930_12_10_50_Pro_jpg.rf.b20f908dd56ad2dd9bc468b22b740e7c.jpg,0,1,0,1,0.01
WIN_20220930_12_10_53_Pro_jpg.rf.1d94a578d6b4190dc7856f68d9c033f2.jpg,0,1,0,1,0.01
WIN_20220930_12_11_06_Pro_jpg.rf.e2c621d99cefbae941a3d37708bfc3bc.jpg,0,0,1,1,0.01
WIN_20220930_12_11_09_Pro_jpg.rf.4dd1885f38649b7fa65319bb477a5c1a.jpg,0,0,1,1,0.01
WIN_20220930_12_11_11_Pro_jpg.rf.a9ab46030769b7be705d6914b8f97ec5.jpg,0,1,0,1,0.01
WIN_20220930_12_11_29_Pro_jpg.rf.a127d30fc9af3fe16c9e10f775f12aad.jpg,0,0,1,1,0.01
WIN_20220930_12_11_32_Pro_jpg.rf.82d28d564fdb646a8f7f8e30f415c7ec.jpg,0,1,0,1,0.01
WIN_20220930_12_11_35_Pro_jpg.rf.366c6e9b99c7b7041292b75b4c41b80f.jpg,0,1,0,1,0.01
WIN_20220930_12_11_39_Pro_jpg.rf.6f7d1355d64f0bc7d3384e4551297e69.jpg,0,0,1,1,0.01
WIN_20220930_12_11_46_Pro_jpg.rf.aebaf91c9db12ff823e281252c715109.jpg,0,1,0,1,0.01
WIN_20220930_12_13_19_Pro_jpg.rf.8d340ed4c7c229c84c5a7c4e97f9d708.jpg,0,1,0,1,0.01
WIN_20220930_12_13_22_Pro_jpg.rf.6a93aafcad611c370ab8324fdafa1fae.jpg,0,1,0,1,0.01
WIN_20220930_12_13_32_Pro_jpg.rf.4fb0dc01859e46b60ea00d60d052f829.jpg,0,1,0,1,0.01
WIN_20220930_12_13_34_Pro_jpg.rf.b29fb88a93acef42c3cd32c13c890905.jpg,0,1,0,1,0.01
WIN_20220930_12_13_36_Pro_jpg.rf.225a15a98e089e95a1a886b3a6364f14.jpg,0,1,0,1,0.01
WIN_20220930_12_13_38_Pro_jpg.rf.6d8697b037b7f2fc064b7ca4edbb2904.jpg,0,1,0,1,0.01
WIN_20220930_12_13_41_Pro_jpg.rf.634e289cdf04472e0cf3e4c0fd22e077.jpg,0,0,1,1,0.01
WIN_20220930_12_13_43_Pro_jpg.rf.261e707500b248b7c8c481aa91e03b89.jpg,0,0,1,1,0.01
WIN_20220930_12_13_45_Pro_jpg.rf.70b6474bd127921a2a1b826764a0992d.jpg,0,1,0,1,0.01
WIN_20220930_12_13_48_Pro_jpg.rf.309de56bb0e8a1d0dbc7415d9b88ad23.jpg,0,1,0,1,0.01
WIN_20220930_12_13_51_Pro_jpg.rf.df76a4bb9be44013782bbc2e518d6a55.jpg,0,1,0,1,0.01
WIN_20220930_12_13_53_Pro_jpg.rf.e6d275ced0f1ec5c0726626e70c1070f.jpg,0,1,0,1,0.01
WIN_20220930_12_13_55_Pro_jpg.rf.7063d5b5dc868c34ec50553b79183b46.jpg,0,1,0,1,0.01
WIN_20220930_12_13_57_Pro_jpg.rf.bf38d218c537a229c93ffe58a7a876e1.jpg,0,1,0,1,0.01
WIN_20220930_12_13_59_Pro_jpg.rf.05113634437c1b2a6488fd9c3e1f412b.jpg,0,0,1,1,0.01
WIN_20220930_12_14_01_Pro_jpg.rf.edae5260a2a0b1881df092b9f14b4cfe.jpg,0,1,0,1,0.01
WIN_20220930_12_14_06_Pro_jpg.rf.e9d0fdd1f3f4927d5282552c559ef2ef.jpg,0,0,1,1,0.01
WIN_20220930_12_14_09_Pro_jpg.rf.8c629d751b7c4a24c35a285f27e93e07.jpg,0,1,0,1,0.01
WIN_20220930_12_14_21_Pro_jpg.rf.a01071ce19edd8472211be8998295ffb.jpg,0,1,0,1,0.01
WIN_20220930_12_14_27_Pro_jpg.rf.423692d7717e1ba9e1c6a657c3ce8f20.jpg,0,1,0,1,0.01
WIN_20220930_12_14_34_Pro_jpg.rf.31dd2b1549c04ced39da31fd1510a09b.jpg,0,1,0,1,0.01
WIN_20220930_12_14_37_Pro_jpg.rf.732d731e1c1470f487c6c2dba8b04f98.jpg,0,1,0,1,0.01
WIN_20220930_12_14_46_Pro_jpg.rf.910da5a4359a3b5e271db40155cabcdc.jpg,0,1,0,1,0.01
WIN_20220930_12_14_48_Pro_jpg.rf.a2aa15a4ea9f88207f6f149b31902af9.jpg,0,0,1,1,0.01
WIN_20220930_12_14_54_Pro_jpg.rf.677d703130fa57779082df47ce898997.jpg,0,1,0,1,0.01
WIN_20220930_12_15_13_Pro_jpg.rf.020d3fe93a9fcdf3782acfa1079ea62d.jpg,0,1,0,1,0.01
WIN_20220930_12_15_25_Pro_jpg.rf.3b17bc53a61cf235a6b5581fdb0bdb4b.jpg,0,1,0,1,0.01
WIN_20220930_12_15_27_Pro_jpg.rf.02d56a866fba2ebafb4ab4e942b70899.jpg,0,1,0,1,0.01
WIN_20220930_12_15_29_Pro_jpg.rf.52c66d6d0f7347ac8e463683a58dc57c.jpg,0,1,0,1,0.01
WIN_20220930_12_15_35_Pro_jpg.rf.b19e2fec68b6017e7d67cb4d249d24f8.jpg,0,1,0,1,0.01
WIN_20220930_12_15_38_Pro_jpg.rf.def63c72199f8706f713fa894651de42.jpg,0,1,0,1,0.01
WIN_20220930_12_15_41_Pro_jpg.rf.2608c8699c61c0f6bf7be81fff2641f6.jpg,0,1,0,1,0.01
WIN_20220930_12_15_47_Pro_jpg.rf.9f97f19123db12c7fc6050d050d983a2.jpg,0,1,0,1,0.01
WIN_20220930_12_15_50_Pro_jpg.rf.b2479d7e154cd16f1e3d50e56a168469.jpg,0,0,1,1,0.01
WIN_20220930_12_15_52_Pro_jpg.rf.67f6eb9f6252e5156fac6b57f546cb89.jpg,0,1,0,1,0.01
WIN_20220930_12_15_56_Pro_jpg.rf.7329377f1351b86eca4f938622952604.jpg,0,0,1,1,0.01
WIN_20220930_12_16_01_Pro_jpg.rf.f4b4f3b03ea397fcbd4b3c78600edb55.jpg,0,1,0,1,0.01
WIN_20220930_12_16_05_Pro_jpg.rf.a9853686d7a12a8b298ca47dadf652b4.jpg,0,1,0,1,0.01
WIN_20220930_12_16_07_Pro_jpg.rf.fc55161942f947e7138c0177f6a4dbc3.jpg,0,0,1,1,0.01
WIN_20220930_12_16_13_Pro_jpg.rf.cdece9c8e70d0ab28cd210c4a8939938.jpg,0,1,0,1,0.01
WIN_20220930_12_16_15_Pro_jpg.rf.22bd62ae6c902fcb43c09c6c655716e9.jpg,0,1,0,1,0.01
WIN_20220930_12_16_18_Pro_jpg.rf.6f05248fa403206bf974b0eb3e2549f2.jpg,0,1,0,1,0.01
WIN_20220930_12_16_21_Pro_jpg.rf.c644cc5d010163bfa6d155db0159cf28.jpg,0,1,0,1,0.01
WIN_20220930_12_16_23_Pro_jpg.rf.9b53b0051bfa581d973496ba601276a1.jpg,0,1,0,1,0.01
WIN_20220930_12_16_30_Pro_jpg.rf.74ddc940e3b081d47f83b5be70a30a44.jpg,0,1,0,1,0.01
WIN_20220930_12_16_33_Pro_jpg.rf.119e24d3707f8b6aa8c5a00f1ad2a8ed.jpg,0,1,0,1,0.01
